"gid","flsid","date","venue","doorprice","attendance","recorded_by","mastered_by","original_source","tour","city","subdivision","country","year","checked","x","y","sound_quality","seconds"
"aalst-belgium-92390","FLS0264",1990-09-23,"Netwerk",NA,600,"Joey Picuri","Warren Russell-Smith","Cassette","1990 Fall European Tour","Aalst","","Belgium",1990,1,4.042928,50.9422913,"Good",4413
"aberdeen-scotland-50499","FLS0914",1999-05-04,"Lemon Tree","6(pounds)",550,"Joey Picuri","Jerry Busher","DAT","1999 Spring UK/Ireland Tour","Aberdeen",NA,"Scotland",1999,1,-2.094868,57.1499139,"Very Good",4734
"adelaide-australia-111193","FLS0606",1993-11-11,"Dom Polski Hall","15",550,"Joey Picuri","Warren Russell-Smith","Cassette","1993 Japan/Australia/New Zealand Tour","Adelaide","SA","Australia",1993,1,138.60947,-34.9292695,"Good",2809
"adelaide-australia-111296","FLS0808",1996-11-12,"Adelaide University",NA,913.244444444444,"Nick Pellicciotto","Jerry Busher","DAT","1996 US/Japan/Hong Kong/Australia Tour","Adelaide","SA","Australia",1996,1,138.603422,-34.9184709,"Very Good",4628
"adelaide-sa-australia-102291","FLS0404",1991-10-22,"Le Rox Hotel",NA,450,"Joey Picuri","Warren Russell-Smith","Cassette","1991 Australia/New Zealand/Japan Tour","Adelaide","SA","Australia",1991,1,138.592912,-34.9239321,"Good",4296
"akron-oh-usa-62890","FLS0241",1990-06-28,"Jackie Lee's Scooterz Entertainment Center","5",700,"Joey Picuri","Warren Russell-Smith","Cassette","1990 Spring/Summer USA Tour","Akron","OH","USA",1990,1,-81.551486,41.0160279,"Good",4948
"albany-ny-usa-92093","FLS0590",1993-09-20,"S.U.N.Y. Albany","5",1000,"Joey Picuri","Warren Russell-Smith","DAT","1993 Fall USA/Canada Tour","Albany","NY","USA",1993,1,-73.828394,42.6819357,"Very Good",4781
"albuquerque-nm-usa-111395","FLS0757",1995-11-13,"Five Points Hall","5",895,"Joey Picuri","Warren Russell-Smith","DAT","1995 Fall USA/Canada Tour","Albuquerque","NM","USA",1995,1,-106.740918,35.0574841,"Very Good",4462
"albuquerque-nm-usa-40801","FLS0985",2001-04-08,"Sunshine Music Hall","6",1100,"Nick Pellicciotto","Warren Russell-Smith","DAT","2001 Spring Western USA Tour","Albuquerque","NM","USA",2001,1,-106.649071,35.0839449,"Excellent",5440
"albuquerque-nm-usa-91191","FLS0397",1991-09-11,"Sunshine Music Hall","5",800,"Joey Picuri","Warren Russell-Smith","Cassette","1991 Summer/Fall USA/Canada Tour","Albuquerque","NM","USA",1991,1,-106.649071,35.0839449,"Good",4070
"ames-ia-usa-101795","FLS0737",1995-10-17,"Hunky Dory's","5",600,"Joey Picuri","Warren Russell-Smith","DAT","1995 Fall USA/Canada Tour","Ames","IA","USA",1995,1,-93.612785,42.0061761,"Good",5007
"amherst-ma-usa-30991","FLS0317",1991-03-09,"University of Massachusetts","5",1000,"Joey Picuri","Warren Russell-Smith","Cassette","1991 Winter/Spring East Coast USA Tour","Amherst","MA","USA",1991,1,-72.527655,42.390842,"Very Good",5121
"amsterdam-netherlands-101688","FLS0056",1988-10-16,"Van Hall",NA,198.714285714286,"ANON","Warren Russell-Smith","Cassette","1988 Fall European Tour","Amsterdam","","Netherlands",1988,1,4.871879,52.3797524,"Good",3403
"amsterdam-netherlands-110389","FLS0151",1989-11-03,"Vranckrijk","3.5 (Gilders)",350,"Unknown","Fugazi","Cassette","1989 Fall European Tour","Amsterdam","","Netherlands",1989,1,4.889134,52.3716309,"Good",4659
"amsterdam-netherlands-110790","FLS0304",1990-11-07,"Paradiso",NA,1200,"Joey Picuri","Warren Russell-Smith","Cassette","1990 Fall European Tour","Amsterdam","","Netherlands",1990,1,4.883805,52.3621619,"Very Good",5541
"amsterdam-netherlands-120989","FLS0175",1989-12-09,"Melkweg",NA,452.105263157895,"ANON","Warren Russell-Smith","Cassette","1989 Fall European Tour","Amsterdam","","Netherlands",1989,1,4.881248,52.364786,"Good",4725
"amsterdam-netherlands-50192","FLS0432",1992-05-01,"Paradiso",NA,1200,"Joey Picuri","Warren Russell-Smith","Cassette","1992 Spring European Tour","Amsterdam","","Netherlands",1992,1,4.883805,52.3621619,"Good",5645
"amsterdam-netherlands-51795","FLS0665",1995-05-17,"Paradiso",NA,1300,"Joey Picuri","Warren Russell-Smith","DAT","1995 Spring/Summer European Tour","Amsterdam",NA,"Netherlands",1995,1,4.883805,52.3621619,"Very Good",5286
"amsterdam-netherlands-90490","FLS0247",1990-09-04,"Paradiso","10 Gilders",1000,"Joey Picuri","Warren Russell-Smith","Cassette","1990 Fall European Tour","Amsterdam",NA,"Netherlands",1990,1,4.883805,52.3621619,"Very Good",5360
"amsterdam-netherlands-91699","FLS0925",1999-09-16,"Paradiso",NA,1200,"Nick Pellicciotto","Jerry Busher","DAT","1999 Fall European Tour","Amsterdam","","Netherlands",1999,1,4.883805,52.3621619,"Very Good",5893
"anchorage-ak-usa-110195","FLS0747",1995-11-01,"Egan Center","8",2050,"Steve Hagar",NA,"Cassette","1995 Fall USA/Canada Tour","Anchorage","AK","USA",1995,1,-149.891653,61.2177359,"Very Good",4858
"angers-france-52595","FLS0672",1995-05-25,"Chabada",NA,1279.99130434783,"Joey Picuri","Warren Russell-Smith","Cassette","1995 Spring/Summer European Tour","Angers",NA,"France",1995,1,-0.536795,47.4893112,"Very Good",5820
"ann-arbor-mi-usa-62390","FLS0236",1990-06-23,"University of Michigan Ballrooom","5",450,"Joey Picuri","Warren Russell-Smith","Cassette","1990 Spring/Summer USA Tour","Ann Arbor","MI","USA",1990,1,-83.741514,42.2752282,"Poor",3647
"annapolis-md-usa-20688","FLS0013",1988-02-06,"Unitarian Church","$5",75,"Unknown","Warren Russell-Smith","Cassette","1988 Winter/Spring Regional Dates","Annapolis","MD","USA",1988,1,-76.524525,38.9990565,"Good",3078
"arras-france-52095","FLS0668",1995-05-20,"Le Pharos",NA,315,"Joey Picuri","Warren Russell-Smith","Cassette","1995 Spring/Summer European Tour","Arras",NA,"France",1995,1,2.74857,50.3019331,"Good",4807
"asheville-nc-usa-32402","FLS1016",2002-03-24,"Asheville Music Zone",NA,1618.75,"Nick Pellicciotto","Warren Russell-Smith","CD","2002 Spring Southern USA/Texas Tour","Asheville","NC","USA",2002,1,-82.553025,35.5948675,"Very Good",5251
"athens-ga-usa-121899","FLS0959",1999-12-18,"40 Watt","6",900,"Nick Pellicciotto","Warren Russell-Smith","DAT","1999 Fall/Winter Southern USA Tour","Athens","GA","USA",1999,1,-83.380061,33.9582921,"Very Good",6875
"athens-ga-usa-21893","FLS0504",1993-02-18,"40 Watt","5",500,"Joey Picuri","Jerry Busher","DAT","1993 Winter Southern USA Tour","Athens","GA","USA",1993,1,-83.380061,33.9582921,"Very Good",5164
"athens-ga-usa-21993","FLS0505",1993-02-19,"40 Watt","5",1000,"Joey Picuri","Jerry Busher","DAT","1993 Winter Southern USA Tour","Athens","GA","USA",1993,1,-83.380061,33.9582921,"Very Good",5508
"athens-ga-usa-31490","FLS0186",1990-03-14,"40 Watt","$5",350,"Joey Picuri","Jerry Busher","Cassette","1990 Spring Southern USA Tour","Athens","GA","USA",1990,1,-83.380061,33.9582921,"Very Good",5522
"athens-ga-usa-32696","FLS0772",1996-03-26,"40 Watt","5",975,"Nick Pellicciotto","Warren Russell-Smith","DAT","1996 Southern USA Tour","Athens","GA","USA",1996,1,-83.380061,33.9582921,"Very Good",5075
"athens-ga-usa-50389","FLS0105",1989-05-03,"40 Watt","$4",300,"T. Patton Biddle","Warren Russell-Smith","Cassette","1989 Spring USA Tour","Athens","GA","USA",1989,1,-83.380061,33.9582921,"Good",2577
"athens-ga-usa-51191","FLS0337",1991-05-11,"40 Watt","5",700,"Joey Picuri","Warren Russell-Smith","Cassette","1991 Spring USA Tour","Athens","GA","USA",1991,1,-83.380061,33.9582921,"Good",4808
"athens-ga-usa-60388","FLS0040",1988-06-03,"40 Watt","$5",150,NA,NA,NA,"1988 Spring USA Tour","Athens","GA","USA",1988,1,-83.380061,33.9582921,NA,NA
"atlanta-ga-usa-121799","FLS0958",1999-12-17,"Masquerade","6",1200,"Nick Pellicciotto","Warren Russell-Smith","DAT","1999 Fall/Winter Southern USA Tour","Atlanta","GA","USA",1999,1,-84.364432,33.7706759,"Very Good",5709
"atlanta-ga-usa-20993","FLS0496",1993-02-09,"Masquerade","5",1350,"Joey Picuri","Jerry Busher","DAT","1993 Winter Southern USA Tour","Atlanta","GA","USA",1993,1,-84.364432,33.7706759,"Good",5179
"atlanta-ga-usa-21093","FLS0497",1993-02-10,"Masquerade","5",1450,"Joey Picuri","Jerry Busher","DAT","1993 Winter Southern USA Tour","Atlanta","GA","USA",1993,1,-84.364432,33.7706759,"Good",4785
"atlanta-ga-usa-31590","FLS0187",1990-03-15,"Masquerade","$5",935,"ANON",NA,NA,"1990 Spring Southern USA Tour","Atlanta","GA","USA",1990,1,-84.364432,33.7706759,"Good",4564
"atlanta-ga-usa-32896","FLS0774",1996-03-28,"Masquerade","5",1100,"Nick Pellicciotto","Warren Russell-Smith","DAT","1996 Southern USA Tour","Atlanta","GA","USA",1996,1,-84.364432,33.7706759,"Very Good",3494
"atlanta-ga-usa-32996","FLS0775",1996-03-29,"Masquerade","5",1100,"Nick Pellicciotto","Warren Russell-Smith","DAT","1996 Southern USA Tour","Atlanta","GA","USA",1996,1,-84.364432,33.7706759,"Very Good",5220
"atlanta-ga-usa-50589","FLS0106",1989-05-05,"Excelsior Mill","$5",450,"ANON",NA,"VHS audio","1989 Spring USA Tour","Atlanta","GA","USA",1989,1,-84.364432,33.7706759,"Good",3590
"atlanta-ga-usa-51291","FLS0338",1991-05-12,"Masquerade","5",1700,"Joey Picuri","Jerry Busher","Cassette","1991 Spring USA Tour","Atlanta","GA","USA",1991,1,-84.364432,33.7706759,"Good",4054
"atlanta-ga-usa-60488","FLS0041",1988-06-04,"First Existentialist Church","$5",100,"ANON",NA,"VHS audio","1988 Spring USA Tour","Atlanta","GA","USA",1988,1,-84.339694,33.7669836,"Good",1840
"auckland-new-zealand-110891","FLS0412",1991-11-08,"Powerstation",NA,900,"Joey Picuri","Warren Russell-Smith","Cassette","1991 Australia/New Zealand/Japan Tour","Auckland","","New Zealand",1991,1,174.76118,-36.8662425,"Good",4844
"auckland-new-zealand-121193","FLS0623",1993-12-11,"Powerstation",NA,800,"Joey Picuri","Warren Russell-Smith","Cassette","1993 Japan/Australia/New Zealand Tour","Auckland","","New Zealand",1993,1,174.76118,-36.8662425,"Excellent",5139
"auckland-new-zealand-121293","FLS0624",1993-12-12,"Powerstation",NA,500,"Joey Picuri","Warren Russell-Smith","Cassette","1993 Japan/Australia/New Zealand Tour","Auckland","","New Zealand",1993,1,174.76118,-36.8662425,"Excellent",5242
"auckland-new-zealand-62797","FLS0829",1997-06-27,"Powerstation",NA,967.5,"Nick Pellicciotto","Warren Russell-Smith","DAT","1997 Summer Australia/New Zealand Tour","Auckland","","New Zealand",1997,1,174.76118,-36.8662425,"Good",4747
"augsburg-germany-110588","FLS0070",1988-11-05,"Bootleg",NA,198.714285714286,"ANON",NA,NA,"1988 Fall European Tour","Augsburg",NA,"Germany",1988,1,10.878812,48.3833287,"Good",3377
"austin-tx-usa-111695","FLS0759",1995-11-16,"Liberty Lunch","5",1100,"Joey Picuri","Warren Russell-Smith","DAT","1995 Fall USA/Canada Tour","Austin","TX","USA",1995,1,-97.749048,30.2655522,"Very Good",4461
"austin-tx-usa-111795","FLS0760",1995-11-17,"Liberty Lunch","5",1100,"Joey Picuri","Warren Russell-Smith","DAT","1995 Fall USA/Canada Tour","Austin","TX","USA",1995,1,-97.749048,30.2655522,"Very Good",4553
"austin-tx-usa-112298","FLS0881",1998-11-22,"Liberty Lunch","6",1100,"Joey Picuri","Warren Russell-Smith","DAT","1998 Fall Mid-West USA Tour","Austin","TX","USA",1998,1,-97.749048,30.2655522,"Very Good",6075
"austin-tx-usa-33002","FLS1021",2002-03-30,"Emo's","6",1200,"Nick Pellicciotto","Warren Russell-Smith","CD","2002 Spring Southern USA/Texas Tour","Austin","TX","USA",2002,1,-97.737053,30.2667251,"Very Good",5510
"austin-tx-usa-33102","FLS1022",2002-03-31,"Emo's","6",1300,"Nick Pellicciotto","Warren Russell-Smith","CD","2002 Spring Southern USA/Texas Tour","Austin","TX","USA",2002,1,-97.737053,30.2667251,"Very Good",4704
"austin-tx-usa-41293","FLS0518",1993-04-12,"Liberty Lunch","5",1000,"Joey Picuri","Jerry Busher","DAT","1993 Spring USA Tour","Austin","TX","USA",1993,1,-97.749048,30.2655522,"Good",5536
"austin-tx-usa-41393","FLS0519",1993-04-13,"Liberty Lunch","5",1000,"Joey Picuri","Jerry Busher","DAT","1993 Spring USA Tour","Austin","TX","USA",1993,1,-97.749048,30.2655522,"Good",4699
"austin-tx-usa-50590","FLS0204",1990-05-05,"Liberty Lunch","5",1100,"Joey Picuri","Jerry Busher","Cassette","1990 Spring/Summer USA Tour","Austin","TX","USA",1990,1,-97.749048,30.2655522,"Very Good",3651
"austin-tx-usa-51389","FLS0111",1989-05-13,"Liberty Lunch","$5",1000,NA,NA,NA,"1989 Spring USA Tour","Austin","TX","USA",1989,1,-97.749048,30.2655522,NA,NA
"austin-tx-usa-52591","FLS0350",1991-05-25,"Liberty Lunch","5",1100,"Joey Picuri","Warren Russell-Smith","Cassette","1991 Spring USA Tour","Austin","TX","USA",1991,1,-97.749048,30.2655522,"Very Good",4413
"austin-tx-usa-52888","FLS0038",1988-05-28,"Liberty Lunch","$5",400,NA,NA,NA,"1988 Spring USA Tour","Austin","TX","USA",1988,1,-97.749048,30.2655522,NA,NA
"bakersfield-ca-usa-110795","FLS0752",1995-11-07,"Tejon Theater","5",900,"Joey Picuri","Warren Russell-Smith","DAT","1995 Fall USA/Canada Tour","Bakersfield","CA","USA",1995,1,-118.991703,35.3813283,"Very Good",4827
"bakersfield-ca-usa-30499","FLS0903",1999-03-04,"Juarez Hall","6",400,"Nick Pellicciotto","Warren Russell-Smith","DAT","1999 West Coast USA Tour","Bakersfield","CA","USA",1999,1,-118.991851,35.3728847,"Very Good",4822
"ballarat-australia-61997","FLS0824",1997-06-19,"Old YMCA",NA,967.5,"Nick Pellicciotto","Warren Russell-Smith","DAT","1997 Summer Australia/New Zealand Tour","Ballarat","VIC","Australia",1997,1,143.869038,-37.5640498,"Very Good",4610
"baltimore-md-usa-102592","FLS0490",1992-10-25,"Steelworkers Hall","5",1100.17910447761,"ANON","Warren Russell-Smith","Cassette","1992 Summer/Fall Regional Dates","Baltimore","MD","USA",1992,1,-76.54232,39.2859858,"Good",2968
"baltimore-md-usa-21190","FLS0178",1990-02-11,"Studio 10","$5",900,"Joey Picuri","Warren Russell-Smith","Cassette","1990 Winter/Spring Regional Dates","Baltimore","MD","USA",1990,1,-76.61691,39.3096783,"Good",4336
"baltimore-md-usa-30295","FLS0640",1995-03-02,"University of Maryland Baltimore","5",1000,"Joey Picuri","Warren Russell-Smith","Cassette","1995 Spring Regional Dates","Baltimore","MD","USA",1995,1,-76.711468,39.2497768,"Very Good",4637
"baltimore-md-usa-42997","FLS0812",1997-04-29,"University of Maryland Baltimore","Free",300,NA,NA,NA,"1997 Spring Regional Dates","Baltimore","MD","USA",1997,1,-76.711468,39.2497768,NA,NA
"baltimore-md-usa-51298","FLS0859",1998-05-12,"Teamsters Hall","5",800,"Matthew Petz","Warren Russell-Smith",NA,"1998 Spring USA Tour","Baltimore","MD","USA",1998,1,-76.545376,39.3010775,"Poor",4730
"barcelona-spain-100899","FLS0944",1999-10-08,"Zeleste",NA,1125,"Nick Pellicciotto","Warren Russell-Smith","DAT","1999 Fall European Tour","Barcelona","","Spain",1999,1,2.19111,41.3977323,"Very Good",5357
"barcelona-spain-110190","FLS0298",1990-11-01,"KGB","500PS",600,"Joey Picuri","Jerry Busher","Cassette","1990 Fall European Tour","Barcelona",NA,"Spain",1990,1,2.1624,41.4076542,"Very Good",5155
"barcelona-spain-53192","FLS0455",1992-05-31,"Zeleste 2",NA,950,"Joey Picuri","Jerry Busher","Cassette","1992 Spring European Tour","Barcelona","","Spain",1992,1,2.19111,41.3977323,"Very Good",5006
"barcelona-spain-60395","FLS0679",1995-06-03,"Zeleste",NA,1279.99130434783,"Joey Picuri","Warren Russell-Smith","Cassette","1995 Spring/Summer European Tour","Barcelona","","Spain",1995,1,2.19111,41.3977323,"Very Good",5099
"belfast-northern-ireland-112489","FLS0162",1989-11-24,"Arts Centre","3 Pounds",300,"ANON","Warren Russell-Smith",NA,"1989 Fall European Tour","Belfast",NA,"Northern Ireland",1989,1,-5.935363,54.5877956,"Poor",3467
"belfast-northern-ireland-50995","FLS0659",1995-05-09,"Queen's Hall",NA,600,"Joey Picuri","Warren Russell-Smith","Cassette","1995 Spring/Summer European Tour","Belfast","","Northern Ireland",1995,1,-5.937413,54.5846991,"Good",5486
"belfast-northern-ireland-51292","FLS0440",1992-05-12,"Queen's University Mandela Hall",NA,700,"Joey Picuri","Warren Russell-Smith","Cassette","1992 Spring European Tour","Belfast","","Northern Ireland",1992,1,-5.939657,54.5848401,"Very Good",4460
"belfast-northern-ireland-91690","FLS0258",1990-09-16,"Belfast Art College",NA,650,"Joey Picuri","Warren Russell-Smith","Cassette","1990 Fall European Tour","Belfast","","Northern Ireland",1990,1,-5.928946,54.6045698,"Very Good",3384
"bellevue-wa-usa-50993","FLS0541",1993-05-09,"YMCA","5",1000,"Joey Picuri","Warren Russell-Smith","DAT","1993 Spring USA Tour","Bellevue","WA","USA",1993,1,-122.149889,47.6260752,"Very Good",4772
"bellingham-wa-usa-53090","FLS0218",1990-05-30,"Underground / 1414 Cornwell","5",300,"Joey Picuri","Warren Russell-Smith","Cassette","1990 Spring/Summer USA Tour","Bellingham","WA","USA",1990,1,-122.476603,48.7510309,"Very Good",4330
"belo-horizonte-brazil-81594","FLS0628",1994-08-15,"Belo Horizonte Independent Music Festival",NA,3000,"Joey Picuri",NA,"Cassette","1994 Fall Brazil Tour","Belo Horizonte",NA,"Brazil",1994,1,-43.9338,-19.917015,"Very Good",3905
"belo-horizonte-brazil-81697","FLS0842",1997-08-16,"Trash",NA,967.5,"Nick Pellicciotto","Warren Russell-Smith","DAT","1997 Summer Brazil/S. America Tour","Belo Horizonte",NA,"Brazil",1997,1,-43.926391,-19.915766,"Very Good",5752
"bennington-vt-usa-41092","FLS0427",1992-04-10,"Bennington College","5",800,"Joey Picuri","Warren Russell-Smith","Cassette","1992 Spring East Coast Tour","Bennington","VT","USA",1992,1,-73.235936,42.9203078,"Good",4935
"bennington-vt-usa-91693","FLS0586",1993-09-16,"Bennington College","5",400,"Joey Picuri","Warren Russell-Smith","DAT","1993 Fall USA/Canada Tour","Bennington","VT","USA",1993,1,-73.235936,42.9203078,"Very Good",4111
"bergara-spainbasque-101099","FLS0945",1999-10-10,"Sala Jam",NA,1300,NA,NA,NA,"1999 Fall European Tour","Bergara","","Spain",1999,1,-2.42278,43.1236755,NA,NA
"bergen-norway-100400","FLS0977",2000-10-04,"Kvarteret",NA,300,"Nick Pellicciotto","Warren Russell-Smith","DAT","2000 Fall Northern European Tour","Bergen",NA,"Norway",2000,1,5.321893,60.3896713,"Excellent",5713
"berkeley-ca-usa-43093","FLS0533",1993-04-30,"UC Berkeley Sproul Plaza",NA,5000,"Joey Picuri","Jerry Busher","DAT","1993 Spring USA Tour","Berkeley","CA","USA",1993,1,-122.259005,37.8696099,"Good",3117
"berkeley-ca-usa-52088","FLS0032",1988-05-20,"Gilman Street",NA,198.714285714286,"KALX Radio Broadcast","Warren Russell-Smith","Cassette","1988 Spring USA Tour","Berkeley","CA","USA",1988,1,-122.299279,37.8794951,"Good",2829
"berkeley-ca-usa-52089","FLS0114",1989-05-20,"Gilman Street","$5",600,"George Gleason","Jerry Busher","Cassette","1989 Spring USA Tour","Berkeley","CA","USA",1989,1,-122.299279,37.8794951,"Poor",3751
"berkeley-ca-usa-52090","FLS0214",1990-05-20,"Gilman Street","5",650,"Joey Picuri","Warren Russell-Smith","Cassette","1990 Spring/Summer USA Tour","Berkeley","CA","USA",1990,1,-122.299279,37.8794951,"Good",3743
"berkeley-ca-usa-90191","FLS0390",1991-09-01,"Gilman Street","5",600,"Joey Picuri","Warren Russell-Smith","Cassette","1991 Summer/Fall USA/Canada Tour","Berkeley","CA","USA",1991,1,-122.299279,37.8794951,"Very Good",3814
"berlin-germany-100790","FLS0276",1990-10-07,"Neue Welt","12 DM",2000,"Joey Picuri","Warren Russell-Smith","Cassette","1990 Fall European Tour","Berlin","","Germany",1990,1,13.421779,52.4867934,"Good",5051
"berlin-germany-102888","FLS0062",1988-10-28,"Ex",NA,198.714285714286,NA,NA,NA,"1988 Fall European Tour","Berlin",NA,"Germany",1988,1,13.38846,52.4924633,NA,NA
"berlin-germany-120389","FLS0169",1989-12-03,"TU Mensa","14DM",1400,NA,NA,NA,"1989 Fall European Tour","Berlin","","Germany",1989,1,13.323603,52.516557,NA,NA
"berlin-germany-62892","FLS0478",1992-06-28,"Tempodrom",NA,2800,"Joey Picuri","Fugazi","Cassette","1992 Spring European Tour","Berlin","","Germany",1992,1,13.366555,52.5188893,"Very Good",5562
"berlin-germany-70295","FLS0704",1995-07-02,"TU Mensa",NA,1500,"Joey Picuri","Warren Russell-Smith","Cassette","1995 Spring/Summer European Tour","Berlin","","Germany",1995,1,13.323603,52.516557,"Very Good",5856
"berlin-germany-92099","FLS0927",1999-09-20,"SO 36",NA,949,"Nick Pellicciotto","Warren Russell-Smith","DAT","1999 Fall European Tour","Berlin","","Germany",1999,1,13.422102,52.5003761,"Very Good",5544
"bethesda-md-usa-120287","FLS0007",1987-12-02,"BCC High School",NA,10,NA,NA,NA,"1987 Fall/Winter Regional Dates","Bethesda","MD","USA",1987,1,-77.088504,38.9864928,NA,NA
"bielefeld-germany-100890","FLS0277",1990-10-08,"PC 69","12 DM",1800,"Joey Picuri","Fugazi","Cassette","1990 Fall European Tour","Bielefeld","","Germany",1990,1,8.55141,52.024928,"Very Good",3808
"bielefeld-germany-103188","FLS0065",1988-10-31,"AJZ",NA,400,"Bobo / AJZ","Fugazi","Cassette","1988 Fall European Tour","Bielefeld","","Germany",1988,1,8.556263,52.0220865,"Poor",3984
"bielefeld-germany-120689","FLS0172",1989-12-06,"AJZ","8DM",900,NA,NA,NA,"1989 Fall European Tour","Bielefeld",NA,"Germany",1989,1,8.556263,52.0220865,NA,NA
"bielefeld-germany-70895","FLS0709",1995-07-08,"JZ Kamp",NA,560,"Joey Picuri","Warren Russell-Smith","Cassette","1995 Spring/Summer European Tour","Bielefeld","","Germany",1995,1,8.548979,52.0188087,"Good",5291
"binghamton-ny-usa-92293","FLS0592",1993-09-22,"S.U.N.Y. Binghamton","5",700,"Joey Picuri","Warren Russell-Smith","DAT","1993 Fall USA/Canada Tour","Binghamton","NY","USA",1993,1,-75.969488,42.0894288,"Very Good",5336
"birmingham-al-usa-32502","FLS1017",2002-03-25,"Sloss Furnace","6",1450,"Nick Pellicciotto","Warren Russell-Smith","CD","2002 Spring Southern USA/Texas Tour","Birmingham","AL","USA",2002,1,-86.792981,33.5192551,"Very Good",4875
"birmingham-al-usa-52191","FLS0346",1991-05-21,"Tuxedo Junction","5",365,"Joey Picuri","Warren Russell-Smith","Cassette","1991 Spring USA Tour","Birmingham","AL","USA",1991,1,-86.886132,33.5094707,"Good",4132
"birmingham-england-102202","FLS1034",2002-10-22,"Sanctuary",NA,1618.75,"Nick Pellicciotto","Fugazi","DAT","2002 Fall UK/Ireland Tour","Birmingham",NA,"England",2002,1,-1.887445,52.4755583,"Very Good",5133
"birmingham-england-111989","FLS0157",1989-11-19,"Edward's #8","3.50 Pounds",400,"ANON",NA,"Cassette","1989 Fall European Tour","Birmingham","","England",1989,1,-1.901431,52.4768065,"Good",2687
"birmingham-england-91890","FLS0260",1990-09-18,"Goldwyns",NA,800,"Joey Picuri","Warren Russell-Smith","Cassette","1990 Fall European Tour","Birmingham","","England",1990,1,-1.901367,52.4763641,"Very Good",3982
"boise-id-usa-102595","FLS0743",1995-10-25,"Bogie's","5",500,"Joey Picuri","Warren Russell-Smith","DAT","1995 Fall USA/Canada Tour","Boise","ID","USA",1995,1,-116.209335,43.6165555,"Very Good",4570
"boise-id-usa-51593","FLS0543",1993-05-15,"Boise State University Jordan Ballroom","5",950,"Joey Picuri","Warren Russell-Smith","DAT","1993 Spring USA Tour","Boise","ID","USA",1993,1,-116.201583,43.6013473,"Good",4398
"bologna-italy-102690","FLS0293",1990-10-26,"Fabrikka","7000 Lira",1000,"Joey Picuri","Warren Russell-Smith","Cassette","1990 Fall European Tour","Bologna",NA,"Italy",1990,1,11.354223,44.5079053,"Good",3885
"bologna-italy-61695","FLS0690",1995-06-16,"Kactus Radio Festival Castel Maggiore",NA,2000,"Joey Picuri","Warren Russell-Smith","Cassette","1995 Spring/Summer European Tour","Bologna",NA,"Italy",1995,1,11.36144,44.5730888,"Good",3953
"bordeaux-france-101199","FLS0946",1999-10-11,"Theatre Barbey",NA,800,"Nick Pellicciotto","Warren Russell-Smith","DAT","1999 Fall European Tour","Bordeaux","","France",1999,1,-0.563521,44.8269281,"Very Good",4041
"bordeaux-france-110290","FLS0299",1990-11-02,"Club Jimmy","50FR",300,"Joey Picuri","Warren Russell-Smith","Cassette","1990 Fall European Tour","Bordeaux",NA,"France",1990,1,-0.594092,44.8301295,"Good",5213
"bordeaux-france-52695","FLS0673",1995-05-26,"Theatre Barbey",NA,1000,"Joey Picuri","Warren Russell-Smith","Cassette","1995 Spring/Summer European Tour","Bordeaux","","France",1995,1,-0.563521,44.8269281,"Very Good",5686
"bordeaux-france-52992","FLS0453",1992-05-29,"Theatre Barbey",NA,860,"Joey Picuri","Fugazi","DAT","1992 Spring European Tour","Bordeaux","","France",1992,1,-0.563521,44.8269281,"Very Good",5639
"boston-ma-usa-31791","FLS0324",1991-03-17,"Channel","5",1750,"Joey Picuri","Warren Russell-Smith","Cassette","1991 Winter/Spring East Coast USA Tour","Boston","MA","USA",1991,1,-71.05075,42.349466,"Good",3961
"boston-ma-usa-41688","FLS0020",1988-04-16,"Green Street Station","$5",100,"ANON","Warren Russell-Smith","Cassette","1988 Spring USA Tour","Boston","MA","USA",1988,1,-71.107781,42.310803,"Good",2824
"boston-ma-usa-42002","FLS1030",2002-04-20,"Mass Art Gymnasium","6",1500,"Nick Pellicciotto","Jerry Busher","CD","2002 Spring East Coast Tour","Boston","MA","USA",2002,1,-71.104558,42.3398798,"Very Good",5421
"boston-ma-usa-42090","FLS0198",1990-04-20,"Mass Art Gymnasium","$5",1200,"Joey Picuri","Warren Russell-Smith","Cassette","1990 Spring NE USA Tour","Boston","MA","USA",1990,1,-71.104558,42.3398798,"Good",3334
"boston-ma-usa-51902","FLS1029",2002-04-19,"Mass Art Gymnasium","6",1500,"Nick Pellicciotto","Warren Russell-Smith",NA,"2002 Spring East Coast Tour","Boston","MA","USA",2002,1,-71.104558,42.3398798,"Very Good",4553
"bozeman-mt-usa-51288","FLS0028",1988-05-12,"Sundance Saloon",NA,20,"Charlie Beaton","Warren Russell-Smith",NA,"1988 Spring USA Tour","Bozeman","MT","USA",1988,1,-111.028781,45.6847567,"Poor",2671
"bradford-england-51792","FLS0444",1992-05-17,"Queen's Hall","3-5Pounds",1000,"Joey Picuri","Warren Russell-Smith","Cassette","1992 Spring European Tour","Bradford","","England",1992,1,-1.758627,53.7910475,"Good",4245
"brasilia-brazil-80997","FLS0837",1997-08-09,"Teatro Garagem Do Sesc",NA,150,"Nick Pellicciotto","Warren Russell-Smith","DAT","1997 Summer Brazil/S. America Tour","Brasilia",NA,"Brazil",1997,1,-47.922213,-15.8204472,"Good",4437
"brasilia-brazil-81097","FLS0838",1997-08-10,"Teatro Garagem Do Sesc",NA,150,"Nick Pellicciotto","Warren Russell-Smith","DAT","1997 Summer Brazil/S. America Tour","Brasilia",NA,"Brazil",1997,1,-47.922213,-15.8204472,"Very Good",5121
"bremen-germany-091799","FLS1053",1999-09-17,"Schlachthof",NA,1135.859375,"Torsten Meyer",NA,"VHS audio","1999 Fall European Tour","Bremen","","Germany",1999,1,8.809903,53.0884866,"Good",5323
"bremen-germany-70392","FLS0483",1992-07-03,"Schlachthof",NA,1000,"Joey Picuri","Warren Russell-Smith","Cassette","1992 Spring European Tour","Bremen","","Germany",1992,1,8.809903,53.0884866,"Very Good",5591
"bremen-germany-70995","FLS0710",1995-07-09,"Schlachthof",NA,1000,"Joey Picuri","Warren Russell-Smith","Cassette","1995 Spring/Summer European Tour","Bremen","","Germany",1995,1,8.809903,53.0884866,"Good",5645
"bremen-germany-92590","FLS0265",1990-09-25,"Schlachthof","12 DM",1300,"Joey Picuri","Jerry Busher","Cassette","1990 Fall European Tour","Bremen","","Germany",1990,1,8.809903,53.0884866,"Good",5061
"brighton-england-102002","FLS1032",2002-10-20,"Corn Exchange",NA,1618.75,"Nick Pellicciotto","Warren Russell-Smith","DAT","2002 Fall UK/Ireland Tour","Brighton",NA,"England",2002,1,-0.138537,50.8237994,"Very Good",4922
"brighton-england-111489","FLS0154",1989-11-14,"Zap Club","3.50 Pounds",400,"ANON","Warren Russell-Smith",NA,"1989 Fall European Tour","Brighton",NA,"England",1989,1,-0.14277,50.8200494,"Poor",3636
"brighton-england-50695","FLS0656",1995-05-06,"Sussex University Nelson Mandela Hall",NA,600,"Joey Picuri","Warren Russell-Smith","Cassette","1995 Spring/Summer European Tour","Brighton","","England",1995,1,-0.088645,50.8643643,"Poor",2676
"brighton-england-51499","FLS0922",1999-05-14,"Brighton Center","6(pounds)",950,"Joey Picuri","Warren Russell-Smith","DAT","1999 Spring UK/Ireland Tour","Brighton",NA,"England",1999,1,-0.14612,50.8214187,"Very Good",5545
"brisbane-australia-62197","FLS0826",1997-06-21,"Roxy",NA,967.5,"Nick Pellicciotto","Warren Russell-Smith","DAT","1997 Summer Australia/New Zealand Tour","Brisbane","QLD","Australia",1997,1,153.032533,-27.4562853,"Very Good",4680
"brisbane-qld-australia-110291","FLS0410",1991-11-02,"Funkyard",NA,550,"Joey Picuri","Warren Russell-Smith","Cassette","1991 Australia/New Zealand/Japan Tour","Brisbane","QLD","Australia",1991,1,153.024789,-27.4707153,"Good",4029
"brisbane-qld-australia-112793","FLS0616",1993-11-27,"Boulder Gallery",NA,1000,"Joey Picuri","Warren Russell-Smith","DAT","1993 Japan/Australia/New Zealand Tour","Brisbane","QLD","Australia",1993,1,153.034196,-27.4566899,"Good",4996
"bristol-england-110102","FLS1042",2002-11-01,"Academy",NA,1618.75,"Nick Pellicciotto","Warren Russell-Smith","DAT","2002 Fall UK/Ireland Tour","Bristol",NA,"England",2002,1,-2.600264,51.4543037,"Very Good",5603
"bristol-england-112289","FLS0160",1989-11-22,"Bierkeller","2.50 Pounds",400,"ANON","Warren Russell-Smith","Cassette","1989 Fall European Tour","Bristol","","England",1989,1,-2.592514,51.4559925,"Good",2748
"bristol-england-91090","FLS0252",1990-09-10,"Bierkeller",NA,650,"Joey Picuri","Warren Russell-Smith","Cassette","1990 Fall European Tour","Bristol","","England",1990,1,-2.592514,51.4559925,"Good",4478
"brussels-belgium-101599","FLS0950",1999-10-15,"Ancienne Belgique",NA,1900,"Nick Pellicciotto","Fugazi","DAT","1999 Fall European Tour","Brussels","","Belgium",1999,1,4.348875,50.8472558,"Very Good",5811
"bryan-tx-usa-41193","FLS0517",1993-04-11,"Stafford Opera House","5",500,"Joey Picuri","Jerry Busher","DAT","1993 Spring USA Tour","Bryan","TX","USA",1993,1,-96.373759,30.6733768,"Very Good",4907
"budapest-hungary-61192","FLS0464",1992-06-11,"Black Hole/Fekete Lyuk",NA,750,"Joey Picuri","Jerry Busher","Cassette","1992 Spring European Tour","Budapest","","Hungary",1992,1,19.09839,47.484867,"Good",5251
"buenos-aires-argentina-82297","FLS0845",1997-08-22,"Superclub",NA,1100,NA,NA,NA,"1997 Summer Brazil/S. America Tour","Buenos Aires",NA,"Argentina",1997,1,-58.377627,-34.6046453,NA,NA
"buffalo-ny-usa-31191","FLS0319",1991-03-11,"Buffalo State College","5",750,"Joey Picuri","Jerry Busher","Cassette","1991 Winter/Spring East Coast USA Tour","Buffalo","NY","USA",1991,1,-78.877944,42.931433,"Good",4734
"buffalo-ny-usa-90693","FLS0578",1993-09-06,"Blind Mellons","5",1200,"Joey Picuri","Warren Russell-Smith","DAT","1993 Fall USA/Canada Tour","Buffalo","NY","USA",1993,1,-78.72433,42.9489029,"Very Good",5049
"burlington-vt-usa-100489","FLS0144",1989-10-04,"242 Main","$4",250,NA,NA,NA,"1989 Fall Canada/NE Tour","Burlington","VT","USA",1989,1,-73.209772,44.4762475,NA,NA
"burlington-vt-usa-31491","FLS0321",1991-03-14,"The Border","5",450,"Joey Picuri","Warren Russell-Smith","Cassette","1991 Winter/Spring East Coast USA Tour","Burlington","VT","USA",1991,1,-73.211691,44.4761844,"Good",4807
"burlington-vt-usa-40995","FLS0649",1995-04-09,"Memorial Hall",NA,1279.99130434783,"Joey Picuri","Jerry Busher","Cassette","1995 USA East Coast Tour","Burlington","VT","USA",1995,1,-73.209419,44.4763248,"Good",5272
"burlington-vt-usa-91393","FLS0584",1993-09-13,"Cook Commons","5",400,"Joey Picuri","Jerry Busher","DAT","1993 Fall USA/Canada Tour","Burlington","VT","USA",1993,1,-73.19908,44.4792457,"Good",5141
"burnaby-bc-canada-70701","FLS1012",2001-07-07,"Bill Copeland Arena","9 (can)",2518,"Colin Stewart and Hive Studios","Warren Russell-Smith","DAT","2001 Summer Mid-West/Canada Tour","Burnaby","BC","Canada",2001,1,-122.965418,49.2519651,"Excellent",7002
"byron-bay-nsw-australia-110391","FLS0411",1991-11-03,"Arts Factory",NA,200,"Joey Picuri","Warren Russell-Smith","Cassette","1991 Australia/New Zealand/Japan Tour","Byron Bay","NSW","Australia",1991,1,153.605233,-28.6451528,"Good",3752
"calgary-ab-canada-70301","FLS1009",2001-07-03,"MacEwan Hall","11 (can)",1000,"Joey Picuri","Warren Russell-Smith","DAT","2001 Summer Mid-West/Canada Tour","Calgary","AB","Canada",2001,1,-114.130005,51.0786731,"Very Good",6329
"calgary-ab-canada-81791","FLS0383",1991-08-17,"MacEwan Hall","6 (ca)",700,"Joey Picuri","Fugazi","Cassette","1991 Summer/Fall USA/Canada Tour","Calgary","AB","Canada",1991,1,-114.130005,51.0786731,"Very Good",4614
"cambridge-england-50692","FLS0435",1992-05-06,"Junction","3-5Pounds",380,"Joey Picuri",NA,"Cassette","1992 Spring European Tour","Cambridge",NA,"England",1992,1,0.135926,52.1906821,"Very Good",4887
"cambridge-ma-usa-100689","FLS0146",1989-10-06,"First Congregational Church","$5",400,NA,NA,NA,"1989 Fall Canada/NE Tour","Cambridge","MA","USA",1989,1,-71.123035,42.3767114,NA,NA
"campinas-brazil-81997","FLS0843",1997-08-19,"Assampi",NA,800,"ANON","Warren Russell-Smith","VHS audio","1997 Summer Brazil/S. America Tour","Campinas",NA,"Brazil",1997,1,-47.06079,-22.905597,"Poor",3320
"canberra-australia-111793","FLS0610",1993-11-17,"A.N.U. Bar",NA,600,"Joey Picuri","Fugazi","Cassette","1993 Japan/Australia/New Zealand Tour","Canberra","ACT","Australia",1993,1,149.125378,-35.2761578,"Very Good",5225
"canberra-australia-61397","FLS0819",1997-06-13,"Anu Bar",NA,967.5,"Nick Pellicciotto","Warren Russell-Smith","DAT","1997 Summer Australia/New Zealand Tour","Canberra","ACT","Australia",1997,1,149.125378,-35.2761578,"Very Good",5484
"canberra-nsw-australia-102391","FLS0405",1991-10-23,"Youth Cafe",NA,300,"Joey Picuri","Warren Russell-Smith","Cassette","1991 Australia/New Zealand/Japan Tour","Canberra","ACT","Australia",1991,1,149.130182,-35.2758905,"Very Good",4189
"canterbury-england-111389","FLS0153",1989-11-13,"Arts College","3.50 Pounds",400,"Andy P/Fear and Loathing Zine","Warren Russell-Smith","VHS audio","1989 Fall European Tour","Canterbury","","England",1989,1,1.08973,51.2755065,"Good",4837
"canterbury-england-120288","FLS0089",1988-12-02,"Technical College",NA,198.714285714286,"Andy P/Fear and Loathing Zine","Warren Russell-Smith","VHS audio","1988 Fall European Tour","Canterbury",NA,"England",1988,1,1.08973,51.2755065,"Good",3271
"carbondale-il-usa-82493","FLS0567",1993-08-24,"Southern Illinois University","5",950,"Joey Picuri","Warren Russell-Smith","DAT","1993 Fall USA/Canada Tour","Carbondale","IL","USA",1993,1,-89.218502,37.7129487,"Very Good",3768
"carlisle-pa-usa-21388","FLS1050",1988-02-13,"Dickinson College",NA,198.714285714286,NA,NA,NA,"1988 Winter/Spring Regional Dates","Carlisle","PA","USA",1988,1,-77.200833,40.2027462,NA,NA
"catania-sicily-italy-100399","FLS0940",1999-10-03,"Porto Catania Outdoor Show",NA,2000,NA,NA,NA,"1999 Fall European Tour","Catania","","Italy",1999,1,15.094944,37.4989269,NA,NA
"catania-sicily-italy-61895","FLS0692",1995-06-18,"Porto Catania Outdoor Show",NA,5000,"Joey Picuri","Jerry Busher","Cassette","1995 Spring/Summer European Tour","Catania","","Italy",1995,1,15.094944,37.4989269,"Very Good",5311
"champaign-il-usa-60691","FLS0358",1991-06-06,"Latzer Hall YMCA","5",450,"Joey Picuri","Jerry Busher","Cassette","1991 Spring USA Tour","Champaign","IL","USA",1991,1,-88.231271,40.1066485,"Good",3818
"champaign-il-usa-60789","FLS0122",1989-06-07,"Latzer Hall YMCA","$5",250,NA,NA,NA,"1989 Spring USA Tour","Champaign","IL","USA",1989,1,-88.231271,40.1066485,NA,NA
"chapel-hill-nc-usa-20593","FLS0492",1993-02-05,"Cat's Cradle","5",760,"Joey Picuri","Jerry Busher","DAT","1993 Winter Southern USA Tour","Chapel Hill","NC","USA",1993,1,-79.0689,35.9098478,"Very Good",5108
"chapel-hill-nc-usa-32590","FLS0195",1990-03-25,"Cat's Cradle","$5",650,"Joey Picuri","Warren Russell-Smith","Cassette","1990 Spring Southern USA Tour","Chapel Hill","NC","USA",1990,1,-79.0689,35.9098478,"Very Good",4574
"chapel-hill-nc-usa-50189","FLS0103",1989-05-01,"Cat's Cradle","$5",350,"Unknown","Jerry Busher","Cassette","1989 Spring USA Tour","Chapel Hill","NC","USA",1989,1,-79.0689,35.9098478,"Poor",2825
"chapel-hill-nc-usa-50391","FLS0331",1991-05-03,"Cat's Cradle","5",600,"Joey Picuri","Warren Russell-Smith","Cassette","1991 Spring USA Tour","Chapel Hill","NC","USA",1991,1,-79.0689,35.9098478,"Good",4405
"chapel-hill-nc-usa-60588","FLS0042",1988-06-05,"Cat's Cradle","$5",20,NA,NA,NA,"1988 Spring USA Tour","Chapel Hill","NC","USA",1988,1,-79.0689,35.9098478,NA,NA
"chapel-hill-nc-usa-92787","FLS0003",1987-09-27,"Cat's Cradle","$5",50,NA,NA,NA,"1987 Fall/Winter Regional Dates","Chapel Hill","NC","USA",1987,1,-79.0689,35.9098478,NA,NA
"charleston-wv-usa-112898","FLS0887",1998-11-28,"Common Grounds","5",500,"Joey Picuri","Jerry Busher","DAT","1998 Fall Mid-West USA Tour","Charleston","WV","USA",1998,1,-81.634437,38.3513477,"Very Good",4954
"charlotte-nc-usa-11300","FLS0963",2000-01-13,"Tremont Music Hall","6",900,"Nick Pellicciotto","Warren Russell-Smith","DAT","2000 Winter Southern USA Tour","Charlotte","NC","USA",2000,1,-80.867269,35.2115543,"Very Good",6335
"charlotte-nc-usa-20893","FLS0495",1993-02-08,"Thirteen Thirteen","5",650,"Joey Picuri","Warren Russell-Smith","DAT","1993 Winter Southern USA Tour","Charlotte","NC","USA",1993,1,-80.852505,35.2171281,"Poor",4452
"charlotte-nc-usa-32396","FLS0770",1996-03-23,"Tremont Music Hall","5",900,"Nick Pellicciotto","Warren Russell-Smith","DAT","1996 Southern USA Tour","Charlotte","NC","USA",1996,1,-80.867269,35.2115543,"Very Good",3864
"charlotte-nc-usa-50491","FLS0332",1991-05-04,"Milestone","5",400,"Joey Picuri","Warren Russell-Smith","Cassette","1991 Spring USA Tour","Charlotte","NC","USA",1991,1,-80.883447,35.2446704,"Good",3963
"charlottesville-va-usa-120899","FLS0957",1999-12-07,"Trax","6",900,"Nick Pellicciotto",NA,"DAT","1999 Fall/Winter Southern USA Tour","Charlottesville","VA","USA",1999,1,-78.49601,38.0318554,"Excellent",5409
"charlottesville-va-usa-40493","FLS0510",1993-04-04,"Trax","5",950,"Joey Picuri","Jerry Busher","DAT","1993 Spring USA Tour","Charlottesville","VA","USA",1993,1,-78.49601,38.0318554,"Good",4897
"chicago-il-usa-101095","FLS0732",1995-10-10,"Rainbo Roller Rink","5",3200,"Joey Picuri","Warren Russell-Smith","DAT","1995 Fall USA/Canada Tour","Chicago","IL","USA",1995,1,-87.667967,41.9694975,"Very Good",4399
"chicago-il-usa-50798","FLS0855",1998-05-07,"Congress Theater","6",2500,"Nick Pellicciotto","Warren Russell-Smith","DAT","1998 Spring USA Tour","Chicago","IL","USA",1998,1,-87.692839,41.9201213,"Good",5431
"chicago-il-usa-50888","FLS0027",1988-05-08,"Club Dreamerz",NA,100,NA,NA,NA,"1988 Spring USA Tour","Chicago","IL","USA",1988,1,-87.675818,41.9089026,NA,NA
"chicago-il-usa-50898","FLS0856",1998-05-08,"Congress Theater","6",3100,"ANON","Warren Russell-Smith","Cassette","1998 Spring USA Tour","Chicago","IL","USA",1998,1,-87.692839,41.9201213,"Poor",5340
"chicago-il-usa-52893","FLS0553",1993-05-28,"Oak Theatre","5",1300,"Joey Picuri","Warren Russell-Smith","DAT","1993 Spring USA Tour","Chicago","IL","USA",1993,1,-87.687963,41.9177542,"Very Good",4721
"chicago-il-usa-52993","FLS0554",1993-05-29,"Oak Theatre","5",1300,"Joey Picuri","Warren Russell-Smith","DAT","1993 Spring USA Tour","Chicago","IL","USA",1993,1,-87.687963,41.9177542,"Very Good",5132
"chicago-il-usa-61089","FLS0125",1989-06-10,"Club Dreamerz","$5",350,NA,NA,NA,"1989 Spring USA Tour","Chicago","IL","USA",1989,1,-87.675818,41.9089026,NA,NA
"chicago-il-usa-61490","FLS0229",1990-06-14,"Medusa","5",1000,"Joey Picuri","Fugazi","Cassette","1990 Spring/Summer USA Tour","Chicago","IL","USA",1990,1,-87.6543,41.9416056,"Good",4614
"chicago-il-usa-62301","FLS1000",2001-06-23,"Congress Theater","6",3500,"Joey Picuri","Jerry Busher","DAT","2001 Summer Mid-West/Canada Tour","Chicago","IL","USA",2001,1,-87.692839,41.9201213,"Very Good",5540
"chicago-il-usa-62401","FLS1001",2001-06-24,"Congress Theater","6",3500,"Joey Picuri","Jerry Busher","DAT","2001 Summer Mid-West/Canada Tour","Chicago","IL","USA",2001,1,-87.692839,41.9201213,"Very Good",6106
"chicago-il-usa-80891","FLS0375",1991-08-08,"Vic Theater","5",1550,"Joey Picuri","Warren Russell-Smith","Cassette","1991 Summer/Fall USA/Canada Tour","Chicago","IL","USA",1991,1,-87.65394,41.9395225,"Good",4821
"chicago-il-usa-90393","FLS0575",1993-09-03,"Aragon Ballroom","5",3650,"Joey Picuri","Warren Russell-Smith","DAT","1993 Fall USA/Canada Tour","Chicago","IL","USA",1993,1,-87.658143,41.9693677,"Good",5138
"chico-ca-usa-30399","FLS0902",1999-03-03,"Cal State University Shurmer Gym","6",1000,"Nick Pellicciotto","Warren Russell-Smith","DAT","1999 West Coast USA Tour","Chico","CA","USA",1999,1,-121.849174,39.7290748,"Very Good",3969
"chico-ca-usa-52490","FLS0215",1990-05-24,"Burro Room","5",400,"Joey Picuri","Warren Russell-Smith","Cassette","1990 Spring/Summer USA Tour","Chico","CA","USA",1990,1,-121.841021,39.7301805,"Good",3097
"christchurch-new-zealand-120893","FLS0620",1993-12-08,"Caledonian Hall",NA,600,"Joey Picuri","Warren Russell-Smith","Cassette","1993 Japan/Australia/New Zealand Tour","Christchurch","","New Zealand",1993,1,172.637373,-43.5264607,"Very Good",5637
"christchurch-new-zealand-70297","FLS0833",1997-07-02,"Caledonian Hall",NA,967.5,"Nick Pellicciotto","Warren Russell-Smith","DAT","1997 Summer Australia/New Zealand Tour","Christchurch","","New Zealand",1997,1,172.637373,-43.5264607,"Poor",2829
"cincinnati-oh-usa-100595","FLS0727",1995-10-05,"Bogart's","5",1300,"Joey Picuri","Warren Russell-Smith","DAT","1995 Fall USA/Canada Tour","Cincinnati","OH","USA",1995,1,-84.510042,39.1299734,"Very Good",4130
"cincinnati-oh-usa-50698","FLS0854",1998-05-06,"Bogart's","6",1300,"David Thomas","Warren Russell-Smith","DAT","1998 Spring USA Tour","Cincinnati","OH","USA",1998,1,-84.510042,39.1299734,"Good",5658
"cincinnati-oh-usa-61091","FLS0362",1991-06-10,"Bogart's","5",1000,"Joey Picuri","Warren Russell-Smith","Cassette","1991 Spring USA Tour","Cincinnati","OH","USA",1991,1,-84.510042,39.1299734,"Good",4344
"cincinnati-oh-usa-82293","FLS0566",1993-08-22,"Bogart's","5",1300,"Joey Picuri","Jerry Busher","DAT","1993 Fall USA/Canada Tour","Cincinnati","OH","USA",1993,1,-84.510042,39.1299734,"Very Good",4486
"clarksville-in-usa-50788","FLS0026",1988-05-07,"Thunderdrone Sports Complex",NA,100,"Mike Bucayu",NA,"Cassette","1988 Spring USA Tour","Clarksville","IN","USA",1988,1,-85.756677,38.2813271,"Good",2704
"cleveland-oh-usa-100295","FLS0724",1995-10-02,"Agora Theater","5",1666,"Joey Picuri","Warren Russell-Smith","DAT","1995 Fall USA/Canada Tour","Cleveland","OH","USA",1995,1,-81.653957,41.5037118,"Very Good",5033
"cleveland-oh-usa-50598","FLS0853",1998-05-05,"Agora Theater","6",1000,"Nick Pellicciotto","Warren Russell-Smith","DAT","1998 Spring USA Tour","Cleveland","OH","USA",1998,1,-81.653957,41.5037118,"Very Good",5302
"cleveland-oh-usa-61391","FLS0365",1991-06-13,"Flash's","5",1300,"Joey Picuri","Warren Russell-Smith","Cassette","1991 Spring USA Tour","Cleveland","OH","USA",1991,1,-81.815653,41.4500552,"Very Good",2760
"cleveland-oh-usa-61589","FLS0129",1989-06-15,"Phantasy Nightclub","$5",400,NA,NA,NA,"1989 Spring USA Tour","Cleveland","OH","USA",1989,1,-81.770598,41.4838837,NA,NA
"cleveland-oh-usa-90593","FLS0577",1993-09-05,"Nautica Stage","5",3200,"Joey Picuri","Warren Russell-Smith","DAT","1993 Fall USA/Canada Tour","Cleveland","OH","USA",1993,1,-81.70292,41.4963298,"Good",4994
"clinton-ma-usa-50597","FLS0817",1997-05-05,"St. John's Gym","6",850,"Nick Pellicciotto","Warren Russell-Smith","DAT","1997 East Coast USA Tour","Clinton","MA","USA",1997,1,-71.680188,42.4149726,"Good",5485
"college-park-md-usa-40293","FLS0509",1993-04-02,"University of Maryland Ritchie Coliseum","5",2000,"Joey Picuri","Jerry Busher","DAT","1993 Spring USA Tour","College Park","MD","USA",1993,1,-76.93643,38.985037,"Very Good",4227
"college-station-tx-usa-52688","FLS0036",1988-05-26,"Eastgate Live",NA,198.714285714286,"ANON","Warren Russell-Smith","Cassette","1988 Spring USA Tour","College Station","TX","USA",1988,1,-96.330157,30.6246076,"Poor",2609
"colorado-springs-co-usa-40701","FLS0984",2001-04-07,"Colorado Music Hall","6",900,"Nick Pellicciotto","Warren Russell-Smith","DAT","2001 Spring Western USA Tour","Colorado Springs","CO","USA",2001,1,-104.785385,38.8317571,"Excellent",5672
"columbia-md-usa-42790","FLS0200",1990-04-27,"Atholton High School Gym","$5",350,"Nate Seubert","Warren Russell-Smith","VHS audio","1990 Spring Regional Dates","Columbia","MD","USA",1990,1,-76.88057,39.1882852,"Good",3322
"columbia-mo-usa-41901","FLS0994",2001-04-19,"Blue Note","6",1000,"Nick Pellicciotto","Jerry Busher","DAT","2001 Spring Western USA Tour","Columbia","MO","USA",2001,1,-92.327779,38.952167,"Very Good",6507
"columbia-mo-usa-60391","FLS0356",1991-06-03,"Blue Note","5",400,"Joey Picuri","Warren Russell-Smith","Cassette","1991 Spring USA Tour","Columbia","MO","USA",1991,1,-92.327779,38.952167,"Good",4222
"columbia-mo-usa-82793","FLS0570",1993-08-27,"Blue Note","5",1000,"Joey Picuri","Warren Russell-Smith","DAT","1993 Fall USA/Canada Tour","Columbia","MO","USA",1993,1,-92.327779,38.952167,"Very Good",4783
"columbia-sc-usa-20793","FLS0494",1993-02-07,"National Guard Armory","5",700,"Joey Picuri","Jerry Busher","DAT","1993 Winter Southern USA Tour","Columbia","SC","USA",1993,1,-81.016588,33.968987,"Good",3810
"columbia-sc-usa-32496","FLS0771",1996-03-24,"Clyde's","5",400,"Nick Pellicciotto","Warren Russell-Smith","DAT","1996 Southern USA Tour","Columbia","SC","USA",1996,1,-81.01724,34.002328,"Very Good",4492
"columbia-sc-usa-50289","FLS0104",1989-05-02,"Dance Graphics","$5",60,NA,NA,NA,"1989 Spring USA Tour","Columbia","SC","USA",1989,1,-81.017513,34.0032201,NA,NA
"columbia-sc-usa-51091","FLS0336",1991-05-10,"Rockefella's","5",500,"Joey Picuri","Warren Russell-Smith","Cassette","1991 Spring USA Tour","Columbia","SC","USA",1991,1,-81.01501,33.9987188,"Good",4120
"columbus-oh-usa-100395","FLS0725",1995-10-03,"Newport","5",1621,"Joey Picuri","Warren Russell-Smith","DAT","1995 Fall USA/Canada Tour","Columbus","OH","USA",1995,1,-83.007404,39.9974613,"Good",4695
"columbus-oh-usa-50398","FLS0851",1998-05-03,"Newport","6",1200,"Nick Pellicciotto","Warren Russell-Smith","DAT","1998 Spring USA Tour","Columbus","OH","USA",1998,1,-83.007404,39.9974613,"Very Good",5558
"columbus-oh-usa-53193","FLS0556",1993-05-31,"Newport","5",1400,"Joey Picuri","Warren Russell-Smith","DAT","1993 Spring USA Tour","Columbus","OH","USA",1993,1,-83.007404,39.9974613,"Very Good",5252
"columbus-oh-usa-61291","FLS0364",1991-06-12,"Newport","5",700,"Joey Picuri","Warren Russell-Smith","Cassette","1991 Spring USA Tour","Columbus","OH","USA",1991,1,-83.007404,39.9974613,"Good",4566
"conway-ar-usa-112498","FLS0883",1998-11-24,"Hendrix University, Hulen Ballroom","Free",1300,"Joey Picuri","Jerry Busher","DAT","1998 Fall Mid-West USA Tour","Conway","AR","USA",1998,1,-92.440677,35.0995323,"Very Good",4612
"copenhagen-denmark-100700","FLS0979",2000-10-07,"Loppen",NA,450,"Nick Pellicciotto","Warren Russell-Smith","DAT","2000 Fall Northern European Tour","Copenhagen","","Denmark",2000,1,12.597078,55.673854,"Excellent",1749
"copenhagen-denmark-102288","FLS0059",1988-10-22,"Ungdomshuset",NA,198.714285714286,NA,NA,NA,"1988 Fall European Tour","Copenhagen",NA,"Denmark",1988,1,12.5481,55.6938539,NA,NA
"copenhagen-denmark-70492","FLS0484",1992-07-04,"Ungdomshuset",NA,500,"Joey Picuri","Jerry Busher","Cassette","1992 Spring European Tour","Copenhagen","","Denmark",1992,1,12.5481,55.6938539,"Good",5287
"copenhagen-denmark-71095","FLS0711",1995-07-10,"Rockmaskinen",NA,400,"Joey Picuri","Warren Russell-Smith","Cassette","1995 Spring/Summer European Tour","Copenhagen","","Denmark",1995,1,12.599485,55.6737142,"Excellent",5597
"copenhagen-denmark-92790","FLS0267",1990-09-27,"Ungdomshuset","35 D.Kroner",500,"Joey Picuri","Warren Russell-Smith","Cassette","1990 Fall European Tour","Copenhagen","","Denmark",1990,1,12.5481,55.6938539,"Good",4469
"cork-ireland-50899","FLS0917",1999-05-08,"Nancy Spains","7(punts)",400,"Joey Picuri","Warren Russell-Smith","DAT","1999 Spring UK/Ireland Tour","Cork",NA,"Ireland",1999,1,-8.478298,51.8933989,"Very Good",4201
"croydon-vic-australia-101991","FLS0402",1991-10-19,"The Hull",NA,500,"Joey Picuri","Warren Russell-Smith","Cassette","1991 Australia/New Zealand/Japan Tour","Croydon","VIC","Australia",1991,1,145.29037,-37.7958944,"Very Good",3844
"croydon-vic-australia-111293","FLS0607",1993-11-12,"EV's",NA,750,"Joey Picuri","Warren Russell-Smith","Cassette","1993 Japan/Australia/New Zealand Tour","Croydon","VIC","Australia",1993,1,145.281955,-37.7994161,"Good",4537
"curitiba-brazil-81497","FLS0840",1997-08-14,"92 Graus",NA,600,"Nick Pellicciotto","Warren Russell-Smith","DAT","1997 Summer Brazil/S. America Tour","Curitiba","","Brazil",1997,1,-49.28373,-25.4248241,"Good",5050
"curitiba-brazil-82594","FLS0633",1994-08-25,"92 Graus",NA,200,"Joey Picuri","Warren Russell-Smith","Cassette","1994 Fall Brazil Tour","Curitiba",NA,"Brazil",1994,1,-49.28373,-25.4248241,"Very Good",4310
"curitiba-brazil-82694","FLS0635",1994-08-26,"92 Graus",NA,300,"Joey Picuri","Fugazi","Cassette","1994 Fall Brazil Tour","Curitiba","","Brazil",1994,1,-49.28373,-25.4248241,"Very Good",4931
"curitiba-brazil-82794","FLS0636",1994-08-27,"92 Graus",NA,75,"Joey Picuri","Warren Russell-Smith","Cassette","1994 Fall Brazil Tour","Curitiba","","Brazil",1994,1,-49.28373,-25.4248241,"Good",5119
"dallas-tx-usa-111995","FLS0762",1995-11-19,"Bomb Factory","6",1400,"Joey Picuri","Warren Russell-Smith","DAT","1995 Fall USA/Canada Tour","Dallas","TX","USA",1995,1,-96.783802,32.782355,"Good",4603
"dallas-tx-usa-112398","FLS0882",1998-11-23,"Galaxy","6",700,"Joey Picuri","Warren Russell-Smith","DAT","1998 Fall Mid-West USA Tour","Dallas","TX","USA",1998,1,-96.782657,32.7829848,"Very Good",4886
"dallas-tx-usa-41693","FLS0521",1993-04-16,"Bomb Factory","5",2000,"Joey Picuri","Jerry Busher","DAT","1993 Spring USA Tour","Dallas","TX","USA",1993,1,-96.783802,32.782355,"Good",5535
"dallas-tx-usa-50490","FLS0203",1990-05-04,"2301 Canton Warehouse","5",700,"Joey Picuri",NA,"Cassette","1990 Spring/Summer USA Tour","Dallas","TX","USA",1990,1,-96.78843,32.7812264,"Very Good",5221
"dallas-tx-usa-52491","FLS0349",1991-05-24,"Deep Ellum Live","5",1200,"Joey Picuri","Warren Russell-Smith","Cassette","1991 Spring USA Tour","Dallas","TX","USA",1991,1,-96.783249,32.782476,"Good",4710
"dallas-tx-usa-52988","FLS0039",1988-05-29,"Honest Place","$5",200,NA,NA,NA,"1988 Spring USA Tour","Dallas","TX","USA",1988,1,-96.7747,32.784705,NA,NA
"darwin-australia-62597","FLS0828",1997-06-25,"Time Tavern",NA,967.5,"Nick Pellicciotto","Jerry Busher","DAT","1997 Summer Australia/New Zealand Tour","Darwin","NT","Australia",1997,1,130.8411,-12.461839,"Very Good",4761
"dayton-oh-usa-100495","FLS0726",1995-10-04,"1470 West","5",826,"Joey Picuri","Warren Russell-Smith","DAT","1995 Fall USA/Canada Tour","Dayton","OH","USA",1995,1,-84.200409,39.7080824,"Good",5329
"dayton-oh-usa-61191","FLS0363",1991-06-11,"Electrician's Hall","5",400,"Joey Picuri","Warren Russell-Smith","Cassette","1991 Spring USA Tour","Dayton","OH","USA",1991,1,-84.138792,39.7687738,"Good",4488
"dayton-oh-usa-62790","FLS0240",1990-06-27,"Electrician's Hall","5",600,"Joey Picuri","Warren Russell-Smith","Cassette","1990 Spring/Summer USA Tour","Dayton","OH","USA",1990,1,-84.138792,39.7687738,"Poor",4034
"dayton-oh-usa-82193","FLS0565",1993-08-21,"Dayton Fest / Brookwood Island","5",850,"Joey Picuri","Jerry Busher","DAT","1993 Fall USA/Canada Tour","Dayton","OH","USA",1993,1,-84.171412,39.8237884,"Very Good",4658
"den-bosch-netherlands-52192","FLS0446",1992-05-21,"William II",NA,350,"Joey Picuri","Warren Russell-Smith","Cassette","1992 Spring European Tour","Den Bosch",NA,"Netherlands",1992,1,5.296965,51.6954536,"Very Good",4422
"den-haag-netherlands-52492","FLS0449",1992-05-24,"Paard",NA,350,"Joey Picuri","Warren Russell-Smith","Cassette","1992 Spring European Tour","Den Haag",NA,"Netherlands",1992,1,4.307658,52.0747375,"Good",5495
"denver-co-usa-102295","FLS0741",1995-10-22,"Mammoth Events Center","6",2000,"Joey Picuri","Warren Russell-Smith","DAT","1995 Fall USA/Canada Tour","Denver","CO","USA",1995,1,-104.977011,39.7405866,"Good",4713
"denver-co-usa-40501","FLS0982",2001-04-05,"Ogden Theater","6",1200,"Nick Pellicciotto","Warren Russell-Smith","DAT","2001 Spring Western USA Tour","Denver","CO","USA",2001,1,-104.975302,39.7402948,"Very Good",6631
"denver-co-usa-40601","FLS0983",2001-04-06,"Ogden Theater","6",1200,"Nick Pellicciotto","Warren Russell-Smith","DAT","2001 Spring Western USA Tour","Denver","CO","USA",2001,1,-104.975302,39.7402948,"Excellent",6586
"denver-co-usa-51893","FLS0545",1993-05-18,"Mammoth Events Center","5",2400,"Joey Picuri","Warren Russell-Smith","DAT","1993 Spring USA Tour","Denver","CO","USA",1993,1,-104.977011,39.7405866,"Very Good",5205
"denver-co-usa-60890","FLS0224",1990-06-08,"Atzlan Theater","5",600,"Joey Picuri","Warren Russell-Smith","Cassette","1990 Spring/Summer USA Tour","Denver","CO","USA",1990,1,-104.99839,39.7319029,"Good",5171
"denver-co-usa-91391","FLS0398",1991-09-13,"Gothic Theater","5",900,"Joey Picuri","Warren Russell-Smith","Cassette","1991 Summer/Fall USA/Canada Tour","Denver","CO","USA",1991,1,-104.98806,39.6576507,"Very Good",4685
"derry-northern-ireland-102702","FLS1038",2002-10-27,"Nerve Centre",NA,1618.75,"Nick Pellicciotto","Warren Russell-Smith","DAT","2002 Fall UK/Ireland Tour","Derry",NA,"Northern Ireland",2002,1,-7.32452,54.9964781,"Very Good",5218
"des-moines-ia-usa-111698","FLS0876",1998-11-16,"Safari Club","5",500,"Joey Picuri","Jerry Busher","DAT","1998 Fall Mid-West USA Tour","Des Moines","IA","USA",1998,1,-93.6487,41.6006406,"Very Good",5462
"des-moines-ia-usa-52293","FLS0548",1993-05-22,"Hairy Mary's","5",700,"Joey Picuri","Jerry Busher","DAT","1993 Spring USA Tour","Des Moines","IA","USA",1993,1,-93.6487,41.6006406,"Good",4947
"detroit-mi-usa-100195","FLS0723",1995-10-01,"State Theater","6",3000,"Joey Picuri","Jerry Busher","DAT","1995 Fall USA/Canada Tour","Detroit","MI","USA",1995,1,-83.051726,42.3378093,"Good",4798
"detroit-mi-usa-50998","FLS0857",1998-05-09,"State Theater","6",2400,"Nick Pellicciotto","Warren Russell-Smith","DAT","1998 Spring USA Tour","Detroit","MI","USA",1998,1,-83.051726,42.3378093,"Very Good",5298
"detroit-mi-usa-62290","FLS0235",1990-06-22,"St. Dominick's Church","5",700,"Joey Picuri","Warren Russell-Smith","Cassette","1990 Spring/Summer USA Tour","Detroit","MI","USA",1990,1,-83.077619,42.3522837,"Poor",4883
"detroit-mi-usa-80591","FLS0373",1991-08-05,"Majestic Theater","5",1200,"Joey Picuri","Warren Russell-Smith","Cassette","1991 Summer/Fall USA/Canada Tour","Detroit","MI","USA",1991,1,-83.060108,42.351443,"Very Good",4230
"diksmuide-belgium-52692","FLS0450",1992-05-26,"Boterhalle",NA,445,"Joey Picuri","Warren Russell-Smith","Cassette","1992 Spring European Tour","Diksmuide","","Belgium",1992,1,2.8643,51.0329364,"Good",5383
"dornbirn-austria-101890","FLS0286",1990-10-18,"Stadt Halle","100 AS",450,"Joey Picuri","Warren Russell-Smith","Cassette","1990 Fall European Tour","Dornbirn","","Austria",1990,1,9.745013,47.4141302,"Very Good",4290
"dortmund-germany-63092","FLS0480",1992-06-30,"Music Circus",NA,1300,"Joey Picuri","Warren Russell-Smith","Cassette","1992 Spring European Tour","Dortmund","","Germany",1992,1,7.488318,51.5203443,"Very Good",3853
"dortmund-germany-70395","FLS0705",1995-07-03,"Soundgarden",NA,900,"Joey Picuri","Warren Russell-Smith","Cassette","1995 Spring/Summer European Tour","Dortmund","","Germany",1995,1,7.480399,51.5149691,"Poor",5105
"dublin-ireland-102502","FLS1036",2002-10-25,"Red Box",NA,1618.75,"Michael and Jane Sanderson",NA,"Cassette","2002 Fall UK/Ireland Tour","Dublin",NA,"Ireland",2002,1,-6.262407,53.3334175,"Good",5431
"dublin-ireland-112389","FLS0161",1989-11-23,"McGonagles","3 Irish Punts",500,"ANON",NA,"Cassette","1989 Fall European Tour","Dublin","","Ireland",1989,1,-6.258767,53.3409553,"Good",2871
"dublin-ireland-112988","FLS0086",1988-11-29,"McGonagles",NA,198.714285714286,"ANON","Warren Russell-Smith",NA,"1988 Fall European Tour","Dublin","","Ireland",1988,1,-6.258767,53.3409553,"Poor",1995
"dublin-ireland-50999","FLS0918",1999-05-09,"Temple Bar Music Center","7(punts)",650,"Joey Picuri","Warren Russell-Smith","DAT","1999 Spring UK/Ireland Tour","Dublin",NA,"Ireland",1999,1,-6.264367,53.3450708,"Very Good",5796
"dublin-ireland-51095","FLS0660",1995-05-10,"Ormond Center",NA,1000,"Joey Picuri","Warren Russell-Smith","Cassette","1995 Spring/Summer European Tour","Dublin",NA,"Ireland",1995,1,-6.265855,53.3463585,"Good",4934
"dublin-ireland-51192","FLS0439",1992-05-11,"SFX",NA,1300,"Joey Picuri","Warren Russell-Smith","Cassette","1992 Spring European Tour","Dublin","","Ireland",1992,1,-6.25762,53.3605618,"Very Good",4761
"dublin-ireland-91790","FLS0259",1990-09-17,"McGonagles",NA,800,"Joey Picuri","Warren Russell-Smith","Cassette","1990 Fall European Tour","Dublin","","Ireland",1990,1,-6.258767,53.3409553,"Good",2838
"dunedin-new-zealand-120993","FLS0621",1993-12-09,"Sammy's",NA,550,"Joey Picuri","Warren Russell-Smith","Cassette","1993 Japan/Australia/New Zealand Tour","Dunedin","","New Zealand",1993,1,170.50244,-45.8802642,"Very Good",5885
"dunedin-new-zealand-70197","FLS0832",1997-07-01,"Room",NA,967.5,"Nick Pellicciotto","Fugazi","DAT","1997 Summer Australia/New Zealand Tour","Dunedin",NA,"New Zealand",1997,1,170.503651,-45.8756827,"Very Good",5237
"durham-nh-usa-50497","FLS0816",1997-05-04,"University of New Hampshire M.U.B.","5",900,"Nick Pellicciotto","Warren Russell-Smith","DAT","1997 East Coast USA Tour","Durham","NH","USA",1997,1,-70.930152,43.1340422,"Very Good",5486
"dusseldorf-germany-110188","FLS0066",1988-11-01,"AK47",NA,198.714285714286,NA,NA,NA,"1988 Fall European Tour","Dusseldorf",NA,"Germany",1988,1,6.809509,51.219203,NA,NA
"east-lansing-mi-12088","FLS1048",1988-01-20,"Matt Kelly's Basement","$3",198.714285714286,NA,NA,NA,"1988 Winter Michigan Dates","Lansing","MI","USA",1988,1,-84.570765,42.7106863,NA,NA
"eau-claire-wi-usa-111498","FLS0874",1998-11-14,"University of Wisconsin, Fire Room","5",900,"Joey Picuri","Warren Russell-Smith","DAT","1998 Fall Mid-West USA Tour","Eau Claire","WI","USA",1998,1,-91.500235,44.7985941,"Good",5212
"edinburgh-scotland-50399","FLS0913",1999-05-03,"Liquid Room","6(pounds)",500,"Joey Picuri","Warren Russell-Smith","DAT","1999 Spring UK/Ireland Tour","Edinburgh","","Scotland",1999,1,-3.193651,55.9484736,"Good",5678
"edinburgh-scotland-91590","FLS0257",1990-09-15,"Calton Studios",NA,700,"Joey Picuri",NA,"Cassette","1990 Fall European Tour","Edinburgh","","Scotland",1990,1,-3.179312,55.9526116,"Very Good",5138
"edmond-ok-usa-53091","FLS0352",1991-05-30,"Edmond Historical Society Preservation Hall","5",600,"Joey Picuri","Jerry Busher","Cassette","1991 Spring USA Tour","Edmond","OK","USA",1991,1,-97.478659,35.6500656,"Very Good",3904
"edmonton-ab-canada-70201","FLS1008",2001-07-02,"Polish Hall","12 (can)",1000,"Joey Picuri","Warren Russell-Smith","DAT","2001 Summer Mid-West/Canada Tour","Edmonton","AB","Canada",2001,1,-113.500007,53.5563424,"Very Good",5150
"eindhoven-netherlands-101988","FLS0057",1988-10-19,"Bunker",NA,198.714285714286,NA,NA,NA,"1988 Fall European Tour","Eindhoven",NA,"Netherlands",1988,1,5.479789,51.4469876,NA,NA
"eindhoven-netherlands-120889","FLS0174",1989-12-08,"Effenaar",NA,452.105263157895,"ANON","Warren Russell-Smith","Cassette","1989 Fall European Tour","Eindhoven",NA,"Netherlands",1989,1,5.483291,51.4416551,"Good",4176
"eindhoven-netherlands-121688","FLS0091",1988-12-16,"Effenaar",NA,198.714285714286,NA,NA,NA,"1988 Fall European Tour","Eindhoven",NA,"Netherlands",1988,1,5.483291,51.4416551,NA,NA
"eindhoven-netherlands-50495","FLS0655",1995-05-04,"Effenaar",NA,1000,"Joey Picuri","Warren Russell-Smith","Cassette","1995 Spring/Summer European Tour","Eindhoven",NA,"Netherlands",1995,1,5.483291,51.4416551,"Excellent",5829
"eindhoven-netherlands-90590","FLS0248",1990-09-05,"Effenaar","10 Gilders",700,"Joey Picuri","Warren Russell-Smith","Cassette","1990 Fall European Tour","Eindhoven",NA,"Netherlands",1990,1,5.483291,51.4416551,"Good",5474
"el-paso-tx-usa-111495","FLS0758",1995-11-14,"Metropolis","5",861,"Joey Picuri","Warren Russell-Smith","DAT","1995 Fall USA/Canada Tour","El Paso","TX","USA",1995,1,-106.32012,31.7469212,"Good",4648
"el-paso-tx-usa-40901","FLS0986",2001-04-09,"E9","6",990,"Michael Sanderson",NA,"Cassette","2001 Spring Western USA Tour","El Paso","TX","USA",2001,1,-106.494105,31.7569872,"Good",NA
"el-paso-tx-usa-41993","FLS0524",1993-04-19,"Club 101","5",700,"Joey Picuri","Jerry Busher","DAT","1993 Spring USA Tour","El Paso","TX","USA",1993,1,-106.486737,31.7595351,"Good",4880
"encinitas-ca-usa-51590","FLS0209",1990-05-15,"La Paloma Theater","5",500,"Joey Picuri","Warren Russell-Smith","Cassette","1990 Spring/Summer USA Tour","Encinitas","CA","USA",1990,1,-117.293625,33.046375,"Poor",3898
"enschede-netherlands-90690","FLS0249",1990-09-06,"Agoara University","10 Gilders",400,"Joey Picuri","Warren Russell-Smith","Cassette","1990 Fall European Tour","Enschede","","Netherlands",1990,1,6.853513,52.2433694,"Good",4628
"eugene-or-usa-50493","FLS0536",1993-05-04,"W.O.W. Hall","5",400,"Joey Picuri","Warren Russell-Smith","DAT","1993 Spring USA Tour","Eugene","OR","USA",1993,1,-123.097074,44.0511031,"Poor",5288
"eugene-or-usa-52690","FLS0217",1990-05-26,"W.O.W. Hall","5",550,"Joey Picuri","Warren Russell-Smith","Cassette","1990 Spring/Summer USA Tour","Eugene","OR","USA",1990,1,-123.097074,44.0511031,"Good",5437
"eureka-ca-usa-52590","FLS0216",1990-05-25,"National Guard Armory","5",250,"ANON","Warren Russell-Smith","VHS audio","1990 Spring/Summer USA Tour","Eureka","CA","USA",1990,1,-124.143904,40.7764295,"Poor",3957
"exeter-england-102102","FLS1033",2002-10-21,"University Lemon Grove",NA,1618.75,"Nick Pellicciotto","Warren Russell-Smith","DAT","2002 Fall UK/Ireland Tour","Exeter",NA,"England",2002,1,-3.529731,50.7348571,"Very Good",5120
"exeter-england-111689","FLS0156",1989-11-16,"Exeter University","3.50 Pounds",250,"Unknown",NA,"Cassette","1989 Fall European Tour","Exeter","","England",1989,1,-3.529731,50.7348571,"Poor",3077
"fairfax-va-usa-120498","FLS0890",1998-12-04,"George Mason University Johnson Center","5",1000,"Nick Pellicciotto","Warren Russell-Smith","DAT","1998 Fall/Winter Regional Dates","Fairfax","VA","USA",1998,1,-77.307762,38.8300726,"Very Good",5533
"fargo-nd-usa-62801","FLS1004",2001-06-28,"Playmaker's Pavillion","6",975,"Joey Picuri","Warren Russell-Smith","DAT","2001 Summer Mid-West/Canada Tour","Fargo","ND","USA",2001,1,-96.821655,46.8661266,"Very Good",4783
"fargo-nd-usa-81391","FLS0380",1991-08-13,"Elks Lodge","5",550,"Joey Picuri","Warren Russell-Smith","Cassette","1991 Summer/Fall USA/Canada Tour","Fargo","ND","USA",1991,1,-96.785816,46.9220089,"Good",3857
"fayetteville-ar-usa-60191","FLS0354",1991-06-01,"Studio 225","5",300,"Joey Picuri","Warren Russell-Smith","Cassette","1991 Spring USA Tour","Fayetteville","AR","USA",1991,1,-94.166704,36.0657152,"Poor",4257
"fayetteville-ar-usa-61290","FLS0227",1990-06-12,"Studio 225","5",250,"Joey Picuri","Warren Russell-Smith","Cassette","1990 Spring/Summer USA Tour","Fayetteville","AR","USA",1990,1,-94.166704,36.0657152,"Good",4262
"fitchburg-ma-usa-91793","FLS0587",1993-09-17,"Wallace Civic Center","5",3200,"Joey Picuri","Warren Russell-Smith","DAT","1993 Fall USA/Canada Tour","Fitchburg","MA","USA",1993,1,-71.784469,42.5948996,"Good",5087
"flint-mi-usa-12188","FLS0012",1988-01-21,"Fallout Shelter, Capitol Theatre","5",198.714285714286,"Tom Lumley","Fugazi","Cassette","1988 Winter Michigan Dates","Flint","MI","USA",1988,1,-83.688955,43.0154317,"Poor",3142
"flint-mi-usa-62190","FLS0234",1990-06-21,"Capitol Theater","5",400,"Joey Picuri","Warren Russell-Smith","Cassette","1990 Spring/Summer USA Tour","Flint","MI","USA",1990,1,-83.688955,43.0154317,"Good",3475
"florence-italy-100199","FLS0938",1999-10-01,"CPA",NA,3000,"Nick Pellicciotto","Warren Russell-Smith","DAT","1999 Fall European Tour","Florence","","Italy",1999,1,11.288922,43.7637303,"Excellent",6401
"florence-italy-61495","FLS0688",1995-06-14,"CPA",NA,2000,"Joey Picuri","Warren Russell-Smith","Cassette","1995 Spring/Summer European Tour","Florence","","Italy",1995,1,11.288922,43.7637303,"Very Good",5208
"florence-sc-usa-31390","FLS0185",1990-03-13,"Forefounders Hall","$5",100,"Joey Picuri","Warren Russell-Smith","Cassette","1990 Spring Southern USA Tour","Florence","SC","USA",1990,1,-79.654177,34.1925208,"Good",4197
"fort-lauderdale-fl-usa-11800","FLS0967",2000-01-18,"Chili Pepper","6",1200,"Nick Pellicciotto","Jerry Busher","DAT","2000 Winter Southern USA Tour","Fort Lauderdale","FL","USA",2000,1,-80.14616,26.121094,"Very Good",5939
"fort-lauderdale-fl-usa-21493","FLS0501",1993-02-14,"Edge","5",1650,"Joey Picuri","Fugazi","DAT","1993 Winter Southern USA Tour","Fort Lauderdale","FL","USA",1993,1,-80.146197,26.121358,"Very Good",4752
"fort-lauderdale-fl-usa-40296","FLS0779",1996-04-02,"Edge","5",1700,"Nick Pellicciotto","Warren Russell-Smith","DAT","1996 Southern USA Tour","Fort Lauderdale","FL","USA",1996,1,-80.146197,26.121358,"Very Good",3462
"fort-worth-tx-usa-40102","FLS1023",2002-04-01,"Ridglea Theater","6",1350,"Nick Pellicciotto","Warren Russell-Smith","CD","2002 Spring Southern USA/Texas Tour","Fort Worth","TX","USA",2002,1,-97.414576,32.7287826,"Very Good",4988
"fortworth-tx-usa-51189","FLS0109",1989-05-11,"Axis","$5",250,"ANON","Warren Russell-Smith","VHS audio","1989 Spring USA Tour","Fort Worth","TX","USA",1989,1,-97.325687,32.7307225,"Good",3480
"frankfurt-germany-61992","FLS0471",1992-06-19,"Hugenotten Halle",NA,1500,"Joey Picuri","Warren Russell-Smith","Cassette","1992 Spring European Tour","Frankfurt","","Germany",1992,1,8.696354,50.0498328,"Good",5027
"frederick-md-usa-112587","FLS0006",1987-11-25,"Weinberg Center",NA,133.5,"Joey Picuri","Warren Russell-Smith","Cassette","1987 Fall/Winter Regional Dates","Frederick","MD","USA",1987,1,-77.41172,39.413706,"Good",2609
"frederick-md-usa-11389","FLS0093",1989-01-13,"Weinberg Center",NA,452.105263157895,NA,NA,NA,"1989 Winter/Spring Regional Dates","Frederick","MD","USA",1989,1,-77.41172,39.413706,NA,NA
"frederick-md-usa-21690","FLS0179",1990-02-16,"Weinberg Center","$5",800,"Unknown","Jerry Busher","Cassette","1990 Winter/Spring Regional Dates","Frederick","MD","USA",1990,1,-77.41172,39.413706,"Good",4261
"fredericton-nb-canada-72498","FLS0867",1998-07-24,"New Maryland Recreation Center","7(can)",275,"Joey Picuri","Fugazi","DAT","1998 Summer Canada/USA Tour","Fredericton","NB","Canada",1998,1,-66.69653,45.8757938,"Very Good",5206
"fresno-ca-usa-90491","FLS0392",1991-09-04,"Knights of Columbus Hall","5",350,NA,NA,NA,"1991 Summer/Fall USA/Canada Tour","Fresno","CA","USA",1991,1,-119.781809,36.7615716,NA,NA
"fukuoka-japan-102196","FLS0794",1996-10-21,"Viure Hall",NA,170,"Nick Pellicciotto","Warren Russell-Smith","DAT","1996 US/Japan/Hong Kong/Australia Tour","Fukuoka",NA,"Japan",1996,1,130.40007,33.590824,"Very Good",4725
"gainesville-fl-usa-11500","FLS0965",2000-01-15,"Brick City","6",1100,"Nick Pellicciotto","Jerry Busher","DAT","2000 Winter Southern USA Tour","Gainesville","FL","USA",2000,1,-82.327705,29.6523926,"Very Good",5172
"gainesville-fl-usa-21793","FLS0503",1993-02-17,"Florida Theater","5",1450,"Joey Picuri","Jerry Busher","DAT","1993 Winter Southern USA Tour","Gainesville","FL","USA",1993,1,-82.327345,29.6518136,"Very Good",5154
"gainesville-fl-usa-31690","FLS0188",1990-03-16,"American Legion Hall","5",600,"Joey Picuri","Fugazi","Cassette","1990 Spring Southern USA Tour","Gainesville","FL","USA",1990,1,-82.336283,29.6987199,"Very Good",3116
"gainesville-fl-usa-50689","FLS0107",1989-05-06,"American Legion Hall","$3",300,NA,NA,NA,"1989 Spring USA Tour","Gainesville","FL","USA",1989,1,-82.336283,29.6987199,NA,NA
"gainesville-fl-usa-51891","FLS0344",1991-05-18,"Club Demolition","5",500,"Joey Picuri","Warren Russell-Smith","Cassette","1991 Spring USA Tour","Gainesville","FL","USA",1991,1,-82.334561,29.6509125,"Good",4658
"gavle-sweden-100190","FLS0271",1990-10-01,"Cafe Q","50 S Kroner",60,"Joey Picuri","Warren Russell-Smith","Cassette","1990 Fall European Tour","Gavle","","Sweden",1990,1,17.151153,60.674066,"Good",4258
"gavle-sweden-70892","FLS0486",1992-07-08,"Cafe Q",NA,150,"Joey Picuri","Warren Russell-Smith","Cassette","1992 Spring European Tour","Gavle","","Sweden",1992,1,17.151153,60.674066,"Good",4464
"gavoi-sardinia-italy-61795","FLS0691",1995-06-17,"Covo Dei Nottambuli","Free",1200,"Joey Picuri","Warren Russell-Smith","Cassette","1995 Spring/Summer European Tour","Gavoi","","Italy",1995,1,9.194217,40.1618334,"Very Good",4760
"gde-spilimbergo-italy-62295","FLS0695",1995-06-22,"Rototom",NA,800,"Joey Picuri","Warren Russell-Smith","Cassette","1995 Spring/Summer European Tour","Gaio di Spilimbergo",NA,"Italy",1995,1,12.89689,46.112499,"Good",5241
"geel-belgium-92290","FLS0263",1990-09-22,"De Bogaerd","330 BF",400,"Joey Picuri","Warren Russell-Smith","Cassette","1990 Fall European Tour","Geel","","Belgium",1990,1,4.993573,51.1555413,"Very Good",4520
"geelong-australia-62097","FLS0825",1997-06-20,"Courthouse",NA,967.5,"Nick Pellicciotto","Warren Russell-Smith","DAT","1997 Summer Australia/New Zealand Tour","Geelong","VIC","Australia",1997,1,144.357218,-38.1475938,"Very Good",4367
"geelong-vic-australia-101791","FLS0400",1991-10-17,"Ukranian Town Hall",NA,300,"Joey Picuri","Warren Russell-Smith","Cassette","1991 Australia/New Zealand/Japan Tour","Geelong","VIC","Australia",1991,1,144.349,-38.135291,"Very Good",2812
"geneva-switzerland-100699","FLS0942",1999-10-06,"L'Usine",NA,650,"Nick Pellicciotto","Fugazi","DAT","1999 Fall European Tour","Geneva","","Switzerland",1999,1,6.136017,46.203971,"Very Good",6662
"gent-belgium-101688","FLS0055",1988-10-16,"Democrazy",NA,198.714285714286,"Unknown","Warren Russell-Smith","Cassette","1988 Fall European Tour","Gent","","Belgium",1988,1,3.71706,51.0336846,"Poor",2745
"gent-belgium-51995","FLS0667",1995-05-19,"Zaal Vooruit",NA,1000,"Joey Picuri","Warren Russell-Smith","Cassette","1995 Spring/Summer European Tour","Gent","","Belgium",1995,1,3.725274,51.0476851,"Very Good",5490
"glasgow-scotland-102902","FLS1039",2002-10-29,"Barrowland Ballroom",NA,1618.75,"Nick Pellicciotto","Jerry Busher","DAT","2002 Fall UK/Ireland Tour","Glasgow","","Scotland",2002,1,-4.236675,55.8552688,"Very Good",6046
"glasgow-scotland-112789","FLS0165",1989-11-27,"Mayfair","3.50 Pounds",500,"Unknown","Jerry Busher","Cassette","1989 Fall European Tour","Glasgow","","Scotland",1989,1,-4.26893,55.8661649,"Poor",807
"glasgow-scotland-50599","FLS0915",1999-05-05,"Glasgow School of Art","6(pounds)",600,"Joey Picuri","Warren Russell-Smith","DAT","1999 Spring UK/Ireland Tour","Glasgow","","Scotland",1999,1,-4.263757,55.8660481,"Very Good",4649
"glasgow-scotland-50895","FLS0658",1995-05-08,"Barrowland Ballroom",NA,1500,"Joey Picuri","Warren Russell-Smith","Cassette","1995 Spring/Summer European Tour","Glasgow","","Scotland",1995,1,-4.236675,55.8552688,"Poor",4772
"glasgow-scotland-51692","FLS0443",1992-05-16,"Barrowland Ballroom","3-5Pounds",2000,"Joey Picuri","Warren Russell-Smith","Cassette","1992 Spring European Tour","Glasgow","","Scotland",1992,1,-4.236675,55.8552688,"Very Good",5026
"gold-coast-qld-australia-110191","FLS0409",1991-11-01,"Playroom",NA,300,"Joey Picuri","Warren Russell-Smith","Cassette","1991 Australia/New Zealand/Japan Tour","Gold Coast","QLD","Australia",1991,1,153.472542,-28.1209476,"Very Good",4226
"green-bay-wi-usa-101295","FLS0733",1995-10-12,"Riverside Ballroom","5",1000,"Joey Picuri","Warren Russell-Smith","DAT","1995 Fall USA/Canada Tour","Green Bay","WI","USA",1995,1,-87.987239,44.5047192,"Very Good",4353
"green-bay-wi-usa-52693","FLS0552",1993-05-26,"Orpheum Theater","5",1000,"Joey Picuri","Warren Russell-Smith","DAT","1993 Spring USA Tour","Green Bay","WI","USA",1993,1,-88.015096,44.5142754,"Very Good",4667
"green-bay-wi-usa-61289","FLS0127",1989-06-12,"Kutska Hall","$5",280,NA,NA,NA,"1989 Spring USA Tour","Green Bay","WI","USA",1989,1,-88.08385,44.5657576,NA,NA
"green-bay-wi-usa-61890","FLS0232",1990-06-18,"Howard Haus","5",400,"Joey Picuri","Warren Russell-Smith","Cassette","1990 Spring/Summer USA Tour","Green Bay","WI","USA",1990,1,-88.077136,44.5786555,"Poor",4110
"green-bay-wi-usa-62601","FLS1002",2001-06-26,"Riverside Ballroom","6",1200,"Joey Picuri","Warren Russell-Smith","DAT","2001 Summer Mid-West/Canada Tour","Green Bay","WI","USA",2001,1,-87.987239,44.5047192,"Very Good",5850
"green-bay-wi-usa-81191","FLS0378",1991-08-11,"Wherehouse","5",350,"Joey Picuri","Warren Russell-Smith","Cassette","1991 Summer/Fall USA/Canada Tour","Green Bay","WI","USA",1991,1,-88.015555,44.5157552,"Good",4688
"greensboro-nc-usa-22093","FLS0506",1993-02-20,"Trim Shop","5",750,"Joey Picuri","Jerry Busher","DAT","1993 Winter Southern USA Tour","Greensboro","NC","USA",1993,1,-79.78637,36.0720412,"Very Good",5008
"greensboro-nc-usa-31290","FLS0184",1990-03-12,"Sternberger Hall, Guilford College","$5",250,"Joey Picuri","Warren Russell-Smith","Cassette","1990 Spring Southern USA Tour","Greensboro","NC","USA",1990,1,-79.887528,36.0941952,"Good",3754
"greensboro-nc-usa-50291","FLS0330",1991-05-02,"Miracle House","5",250,"Joey Picuri","Warren Russell-Smith","Cassette","1991 Spring USA Tour","Greensboro","NC","USA",1991,1,-79.78533,36.0722404,"Good",4134
"groningen-netherlands-120789","FLS0173",1989-12-07,"Vera",NA,452.105263157895,"Ben Corrigan",NA,"Cassette","1989 Fall European Tour","Groningen",NA,"Netherlands",1989,1,6.5701,53.2170258,"Good",4015
"groningen-netherlands-52092","FLS0445",1992-05-20,"Vera",NA,400,"Joey Picuri","Warren Russell-Smith","Cassette","1992 Spring European Tour","Groningen","","Netherlands",1992,1,6.5701,53.2170258,"Very Good",5251
"groningen-netherlands-70795","FLS0708",1995-07-07,"Vera",NA,500,"Joey Picuri","Warren Russell-Smith","Cassette","1995 Spring/Summer European Tour","Groningen","","Netherlands",1995,1,6.5701,53.2170258,"Very Good",5073
"groningen-netherlands-90390","FLS0246",1990-09-03,"Vera","7.50 Gilders",460,"Joey Picuri","Warren Russell-Smith","Cassette","1990 Fall European Tour","Groningen","","Netherlands",1990,1,6.5701,53.2170258,"Poor",5356
"guelph-on-canada-93089","FLS0141",1989-09-30,"Loft","$6cn",250,"ANON","Warren Russell-Smith",NA,"1989 Fall Canada/NE Tour","Guelph","ON","Canada",1989,1,-80.24819,43.544539,"Good",4437
"guelph-ont-canada-90893","FLS0579",1993-09-08,"Peter Clark Hall University of Guelph","6 (canadian)",775,"Joey Picuri","Warren Russell-Smith","DAT","1993 Fall USA/Canada Tour","Guelph","ON","Canada",1993,1,-80.22626,43.5305221,"Good",5101
"hagerstown-md-usa-50198","FLS0849",1998-05-01,"180 Club","5",350,"Nick Pellicciotto","Jerry Busher","DAT","1998 Spring USA Tour","Hagerstown","MD","USA",1998,1,-77.722459,39.6411589,"Excellent",5238
"halifax-ns-canada-72598","FLS0868",1998-07-25,"Olympic Bingo","9(can)",800,"Joey Picuri","Warren Russell-Smith","DAT","1998 Summer Canada/USA Tour","Halifax","NS","Canada",1998,1,-63.594755,44.6504435,"Very Good",6291
"hamburg-germany-102788","FLS0061",1988-10-27,"Störtebeker",NA,198.714285714286,NA,NA,NA,"1988 Fall European Tour","Hamburg","","Germany",1988,1,9.95944,53.546389,NA,NA
"hamburg-germany-120289","FLS0168",1989-12-02,"Markthalle","12.50DM",1500,NA,NA,NA,"1989 Fall European Tour","Hamburg",NA,"Germany",1989,1,10.006869,53.549494,NA,NA
"hamburg-germany-70292","FLS0482",1992-07-02,"Fabrik",NA,1461,"Joey Picuri","Jerry Busher","Cassette","1992 Spring European Tour","Hamburg",NA,"Germany",1992,1,9.928987,53.5565957,"Good",5489
"hamburg-germany-70495","FLS0706",1995-07-04,"Fabrik",NA,1300,"Joey Picuri","Jerry Busher","Cassette","1995 Spring/Summer European Tour","Hamburg",NA,"Germany",1995,1,9.928987,53.5565957,"Very Good",5544
"hamburg-germany-91899","FLS0926",1999-09-18,"Fabrik",NA,1050,"Nick Pellicciotto","Jerry Busher","DAT","1999 Fall European Tour","Hamburg","","Germany",1999,1,9.928987,53.5565957,"Very Good",7028
"hamburg-germany-92690","FLS0266",1990-09-26,"Fabrik","12 DM",1000,"Joey Picuri","Warren Russell-Smith","Cassette","1990 Fall European Tour","Hamburg","","Germany",1990,1,9.928987,53.5565957,"Good",4408
"hannover-germany-100990","FLS0278",1990-10-09,"Glocksee","12 DM",800,"Joey Picuri","Warren Russell-Smith","Cassette","1990 Fall European Tour","Hannover","","Germany",1990,1,9.720746,52.3717884,"Very Good",4806
"hannover-germany-102988","FLS0063",1988-10-29,"Korn",NA,198.714285714286,NA,NA,NA,"1988 Fall European Tour","Hannover",NA,"Germany",1988,1,9.725338,52.3867895,NA,NA
"hannover-germany-62592","FLS0476",1992-06-25,"Glocksee",NA,700,"Joey Picuri","Warren Russell-Smith","Cassette","1992 Spring European Tour","Hannover","","Germany",1992,1,9.720746,52.3717884,"Good",4818
"harrisonburg-va-usa-31190","FLS0183",1990-03-11,"James Madison University","$3",250,"Joey Picuri","Warren Russell-Smith","Cassette","1990 Spring Southern USA Tour","Harrisonburg","VA","USA",1990,1,-78.871235,38.4351896,"Good",4702
"harrisonburg-va-usa-40602","FLS1027",2002-04-06,"James Madison U. Godwin Gym/MacRock","5",3000,"Nick Pellicciotto","Warren Russell-Smith","CD","2002 Spring Southern USA/Texas Tour","Harrisonburg","VA","USA",2002,1,-78.871235,38.4351896,"Very Good",5689
"hartford-ct-usa-40795","FLS0647",1995-04-07,"West Indian Social Club","5",921,"Joey Picuri","Warren Russell-Smith","Cassette","1995 USA East Coast Tour","Hartford","CT","USA",1995,1,-72.662711,41.7970798,"Very Good",4866
"hattiesburg-ms-usa-32090","FLS0191",1990-03-20,"Univ. of S. MS Bennett Auditorium","$5",180,NA,NA,NA,"1990 Spring Southern USA Tour","Hattiesburg","MS","USA",1990,1,-89.332667,31.3274365,NA,NA
"heidelberg-germany-120489","FLS0170",1989-12-04,"Mensa","12DM",800,"Sterneck","Warren Russell-Smith","Cassette","1989 Fall European Tour","Heidelberg","","Germany",1989,1,8.670802,49.4156002,"Good",4936
"helsinki-finland-101000","FLS0981",2000-10-10,"Nosturi",NA,370,"Nick Pellicciotto","Jerry Busher","DAT","2000 Fall Northern European Tour","Helsinki","","Finland",2000,1,24.931394,60.1591987,"Very Good",5015
"herne-bay-england-92090","FLS0262",1990-09-20,"King's Hall",NA,350,"Joey Picuri","Warren Russell-Smith","Cassette","1990 Fall European Tour","Herne Bay","","England",1990,1,1.136733,51.3726234,"Good",4807
"hobart-tas-australia-120393","FLS0618",1993-12-03,"Hellenic Hall",NA,400,"Joey Picuri","Warren Russell-Smith","Cassette","1993 Japan/Australia/New Zealand Tour","Hobart","TAS","Australia",1993,1,147.3156,-42.8706648,"Very Good",5502
"hobart-tz-australia-111396","FLS0809",1996-11-13,"Sapphire Ballroom",NA,450,"Andy Hazel",NA,"VHS audio","1996 US/Japan/Hong Kong/Australia Tour","Hobart","TAS","Australia",1996,1,147.325945,-42.8816549,"Very Good",4385
"hoboken-nj-usa-100889","FLS0148",1989-10-08,"Maxwell's","$5",300,"ANON","Warren Russell-Smith",NA,"1989 Fall Canada/NE Tour","Hoboken","NJ","USA",1989,1,-74.026932,40.7497021,"Good",4076
"hoboken-nj-usa-30691","FLS0315",1991-03-06,"Maxwell's","5",200,"Joey Picuri","Warren Russell-Smith","Cassette","1991 Winter/Spring East Coast USA Tour","Hoboken","NJ","USA",1991,1,-74.026932,40.7497021,"Very Good",5531
"hoboken-nj-usa-40792","FLS0424",1992-04-07,"Maxwell's","5",200,"Sal Cannestra","Warren Russell-Smith","Cassette","1992 Spring East Coast Tour","Hoboken","NJ","USA",1992,1,-74.026932,40.7497021,"Good",5051
"hoboken-nj-usa-40989","FLS0100",1989-04-09,"Maxwell's","$5",200,"Unknown","Jerry Busher","Cassette","1989 Spring USA Tour","Hoboken","NJ","USA",1989,1,-74.026932,40.7497021,"Good",4493
"hoboken-nj-usa-41395","FLS0652",1995-04-13,"Maxwell's","5",200,"Joey Picuri","Warren Russell-Smith","Cassette","1995 USA East Coast Tour","Hoboken","NJ","USA",1995,1,-74.026932,40.7497021,"Good",4911
"hoboken-nj-usa-63088","FLS0044",1988-06-30,"Maxwell's","$5",200,"ANON","Warren Russell-Smith",NA,"1988 Summer/Fall Regional Dates","Hoboken","NJ","USA",1988,1,-74.026932,40.7497021,"Good",3678
"hoboken-nj-usa-72798","FLS0870",1998-07-28,"Maxwell's","5",200,"Joey Picuri","Warren Russell-Smith","DAT","1998 Summer Canada/USA Tour","Hoboken","NJ","USA",1998,1,-74.026932,40.7497021,"Good",NA
"hoboken-nj-usa-81693","FLS0560",1993-08-16,"Maxwell's","5",200,"Joey Picuri","Warren Russell-Smith","DAT","1993 Fall USA/Canada Tour","Hoboken","NJ","USA",1993,1,-74.026932,40.7497021,"Very Good",5239
"hohenems-austria-61792","FLS0469",1992-06-17,"Transmitter Festival",NA,750,"Joey Picuri","Warren Russell-Smith","Cassette","1992 Spring European Tour","Hohenems","","Austria",1992,1,9.652756,47.3663115,"Good",5031
"holyoke-ma-usa-51802","FLS1028",2002-04-18,"Holyoke War Memorial","6",1200,"Scot Coar",NA,"CD","2002 Spring East Coast Tour","Holyoke","MA","USA",2002,1,-72.611002,42.2053663,"Excellent",5594
"homburg-germany-110388","FLS0068",1988-11-03,"Juz Homburg",NA,198.714285714286,NA,NA,NA,"1988 Fall European Tour","Homburg",NA,"Germany",1988,1,7.325,49.36966,NA,NA
"hong-kong-hong-kong-110296","FLS0803",1996-11-02,"South Island School Hall",NA,400,"Nick Pellicciotto","Fugazi","DAT","1996 US/Japan/Hong Kong/Australia Tour","Hong Kong",NA,"Hong Kong",1996,1,114.182856,22.2539692,"Very Good",4643
"hong-kong-hong-kong-110396","FLS0804",1996-11-03,"Kowloon Park",NA,200,NA,NA,NA,"1996 US/Japan/Hong Kong/Australia Tour","Hong Kong","","Hong Kong",1996,1,114.169573,22.3014653,NA,NA
"honolulu-hi-usa-101696","FLS0791",1996-10-16,"Groove","7",1650,"Nick Pellicciotto","Jerry Busher","DAT","1996 US/Japan/Hong Kong/Australia Tour","Honolulu","HI","USA",1996,1,-157.87509,21.318756,"Very Good",4640
"honolulu-hi-usa-111891","FLS0416",1991-11-18,"University of Hawaii",NA,850,"Joey Picuri","Warren Russell-Smith","Cassette","1991 Australia/New Zealand/Japan Tour","Honolulu","HI","USA",1991,1,-157.817343,21.3008682,"Very Good",4877
"honolulu-hi-usa-121493","FLS0625",1993-12-14,"After Dark","5",1300,"Joey Picuri","Jerry Busher","Cassette","1993 Japan/Australia/New Zealand Tour","Honolulu","HI","USA",1993,1,-157.87509,21.318756,"Good",5430
"hoorn-netherlands-101588","FLS0054",1988-10-15,"Troll",NA,198.714285714286,"Hans Engel","Warren Russell-Smith","Cassette","1988 Fall European Tour","Hoorn",NA,"Netherlands",1988,1,5.05498,52.652456,"Good",3955
"hoorn-netherlands-90190","FLS0245",1990-09-01,"Troll","10 Gilders",450,"Joey Picuri","Warren Russell-Smith","Cassette","1990 Fall European Tour","Hoorn","","Netherlands",1990,1,5.05498,52.652456,"Good",5442
"houston-tx-usa-112198","FLS0880",1998-11-21,"Fitzgerald's","6",750,"Joey Picuri","Warren Russell-Smith","DAT","1998 Fall Mid-West USA Tour","Houston","TX","USA",1998,1,-95.387999,29.7818262,"Very Good",6608
"houston-tx-usa-32802","FLS1019",2002-03-28,"International Ballroom","6",1900,"Nick Pellicciotto","Warren Russell-Smith","CD","2002 Spring Southern USA/Texas Tour","Houston","TX","USA",2002,1,-95.4939,29.6351461,"Very Good",4540
"houston-tx-usa-40896","FLS0783",1996-04-08,"D&I Colonial Hall","6",1250,"Nick Pellicciotto","Warren Russell-Smith","DAT","1996 Southern USA Tour","Houston","TX","USA",1996,1,-95.309808,29.7363192,"Very Good",4345
"houston-tx-usa-41093","FLS0516",1993-04-10,"Phoenix Ballroom","5",2400,"Joey Picuri","Jerry Busher","DAT","1993 Spring USA Tour","Houston","TX","USA",1993,1,-95.654624,29.7014137,"Good",4716
"houston-tx-usa-50690","FLS0205",1990-05-06,"Axiom","5",350,"Joey Picuri","Warren Russell-Smith","Cassette","1990 Spring/Summer USA Tour","Houston","TX","USA",1990,1,-95.351494,29.7486073,"Good",4310
"houston-tx-usa-51289","FLS0110",1989-05-12,"Axiom","$5",350,NA,NA,NA,"1989 Spring USA Tour","Houston","TX","USA",1989,1,-95.351494,29.7486073,NA,NA
"houston-tx-usa-52691","FLS0351",1991-05-26,"Homage","5",950,"Joey Picuri","Warren Russell-Smith","Cassette","1991 Spring USA Tour","Houston","TX","USA",1991,1,-95.37515,29.7494937,"Good",4192
"houston-tx-usa-52788","FLS0037",1988-05-27,"Powertools",NA,198.714285714286,NA,NA,NA,"1988 Spring USA Tour","Houston","TX","USA",1988,1,-95.362164,29.764455,NA,NA
"huntington-wv-usa-40502","FLS1026",2002-04-05,"Stone Monkey","6",500,"Nick Pellicciotto","Warren Russell-Smith","CD","2002 Spring Southern USA/Texas Tour","Huntington","WV","USA",2002,1,-82.419941,38.4260295,"Very Good",5997
"huntsville-al-usa-32796","FLS0773",1996-03-27,"University of Alabama Spragins Hall Gym","5",1295,"Nick Pellicciotto","Warren Russell-Smith","DAT","1996 Southern USA Tour","Huntsville","AL","USA",1996,1,-86.636678,34.7310753,"Very Good",4297
"huntsville-al-usa-50891","FLS0335",1991-05-08,"Carriage House Inn","5",650,"Joey Picuri","Jerry Busher","Cassette","1991 Spring USA Tour","Huntsville","AL","USA",1991,1,-86.622775,34.7346356,"Poor",1937
"indianapolis-in-usa-100695","FLS0728",1995-10-06,"Eastwood Entertainment Center","6",750,"Joey Picuri","Warren Russell-Smith","DAT","1995 Fall USA/Canada Tour","Indianapolis","IN","USA",1995,1,-86.05206,39.8291712,"Good",4677
"indianapolis-in-usa-42001","FLS0995",2001-04-20,"Knights of Columbus Hall","6",700,"Nick Pellicciotto","Jerry Busher","DAT","2001 Spring Western USA Tour","Indianapolis","IN","USA",2001,1,-86.153309,39.7846296,"Very Good",6215
"indianapolis-in-usa-53093","FLS0555",1993-05-30,"City Lights","5",1600,"ANON",NA,"VHS audio","1993 Spring USA Tour","Indianapolis","IN","USA",1993,1,-86.053053,39.8264653,"Poor",3215
"indianapolis-in-usa-60791","FLS0359",1991-06-07,"Ritz Music Hall","5",850,"Joey Picuri","Warren Russell-Smith","Cassette","1991 Spring USA Tour","Indianapolis","IN","USA",1991,1,-86.063342,39.7823475,"Good",4110
"iowa-city-ia-usa-82993","FLS0572",1993-08-29,"I.M.U. Lounge / University of Iowa","5",1450,"Joey Picuri","Jerry Busher","DAT","1993 Fall USA/Canada Tour","Iowa City","IA","USA",1993,1,-91.537896,41.6629359,"Good",4474
"isla-vista-ca-usa-51890","FLS0212",1990-05-18,"UC Santa Barbara Pub","5",500,"Joey Picuri","Warren Russell-Smith","Cassette","1990 Spring/Summer USA Tour","Isla Vista","CA","USA",1990,1,-119.88267,34.4365831,"Very Good",4460
"isla-vista-ca-usa-90591","FLS0393",1991-09-05,"Anaconda","5",750,"Joey Picuri","Warren Russell-Smith","Cassette","1991 Summer/Fall USA/Canada Tour","Isla Vista","CA","USA",1991,1,-119.85553,34.4124367,"Very Good",4064
"itaborai-brazil-81994","FLS0630",1994-08-19,"Col. Leao XIII Hall",NA,300,"Joey Picuri","Fugazi","Cassette","1994 Fall Brazil Tour","Itaborai",NA,"Brazil",1994,1,-42.859935,-22.7458974,"Very Good",3619
"jackson-ms-usa-40893","FLS0514",1993-04-08,"Midnight Sun","5",750,"Joey Picuri","Jerry Busher","DAT","1993 Spring USA Tour","Jackson","MS","USA",1993,1,-90.192223,32.3006407,"Good",5046
"jacksonville-fl-usa-21293","FLS0499",1993-02-12,"Club 5","5",1200,"Joey Picuri","Jerry Busher","DAT","1993 Winter Southern USA Tour","Jacksonville","FL","USA",1993,1,-81.680959,30.3147037,"Very Good",2095
"jacksonville-fl-usa-33196","FLS0777",1996-03-31,"Milk Bar","5",1100,"Nick Pellicciotto","Warren Russell-Smith","DAT","1996 Southern USA Tour","Jacksonville","FL","USA",1996,1,-81.65964,30.3283888,"Good",4371
"jacksonville-fl-usa-51491","FLS0340",1991-05-14,"Milk Bar","5",700,"Joey Picuri","Warren Russell-Smith","Cassette","1991 Spring USA Tour","Jacksonville","FL","USA",1991,1,-81.65964,30.3283888,"Good",4508
"jawbone-canyon-ca-usa-90691","FLS0394",1991-09-06,"Jawbone Canyon Desert","Free",300,"Nikos-Reed Failure Video","Warren Russell-Smith","VHS audio","1991 Summer/Fall USA/Canada Tour","Jawbone Canyon","CA","USA",1991,1,-118.033479,35.3087583,"Good",3049
"joinville-brazil-81597","FLS0841",1997-08-15,"Liga da Sociedade Joinvilense",NA,350,"Nick Pellicciotto","Jerry Busher","DAT","1997 Summer Brazil/S. America Tour","Joinville","","Brazil",1997,1,-48.84559,-26.304399,"Very Good",4926
"jonkoping-sweden-100600","FLS0978",2000-10-06,"Kulturhuset",NA,600,"Ola Sivertson",NA,NA,"2000 Fall Northern European Tour","Jonkoping","","Sweden",2000,1,14.156281,57.7854308,"Good",4741
"kalamazoo-mi-usa-62490","FLS0237",1990-06-24,"Club Soda","5",380,"Joey Picuri","Warren Russell-Smith","Cassette","1990 Spring/Summer USA Tour","Kalamazoo","MI","USA",1990,1,-85.579417,42.2926564,"Good",4640
"kalamazoo-mi-usa-80691","FLS0374",1991-08-06,"State Theater","5",800,"Joey Picuri","Warren Russell-Smith","Cassette","1991 Summer/Fall USA/Canada Tour","Kalamazoo","MI","USA",1991,1,-85.583398,42.28837,"Very Good",3656
"kansas-city-ks-usa-82893","FLS0571",1993-08-28,"Memorial Hall","5",2700,"Joey Picuri","Fugazi","DAT","1993 Fall USA/Canada Tour","Kansas City","KS","USA",1993,1,-94.627641,39.1121852,"Very Good",5204
"kansas-city-mo-usa-41801","FLS0993",2001-04-18,"El Torreon","6",900,"Nick Pellicciotto","Warren Russell-Smith","DAT","2001 Spring Western USA Tour","Kansas City","MO","USA",2001,1,-94.578667,39.0703282,"Excellent",5301
"kelowna-bc-canada-70501","FLS1010",2001-07-05,"Performance Centre","10 (can)",450,"Joey Picuri","Warren Russell-Smith","DAT","2001 Summer Mid-West/Canada Tour","Kelowna","BC","Canada",2001,1,-119.493039,49.8896937,"Very Good",5637
"kennewick-wa-usa-51493","FLS0542",1993-05-14,"Fairgrounds","5",1500,"Joey Picuri","Warren Russell-Smith","DAT","1993 Spring USA Tour","Kennewick","WA","USA",1993,1,-119.097679,46.1952133,"Good",4932
"kent-oh-usa-50498","FLS0852",1998-05-04,"Kent State University","Free",1400,"Nick Pellicciotto","Warren Russell-Smith","DAT","1998 Spring USA Tour","Kent","OH","USA",1998,1,-81.343095,41.1477177,"Good",3871
"kiel-germany-103088","FLS0064",1988-10-30,"Alte Meierei",NA,198.714285714286,NA,NA,NA,"1988 Fall European Tour","Kiel","","Germany",1988,1,10.124747,54.302925,NA,NA
"kilkenny-ireland-50799","FLS0916",1999-05-07,"Friary Hall","7(punts)",400,"Joey Picuri","Fugazi","DAT","1999 Spring UK/Ireland Tour","Kilkenny",NA,"Ireland",1999,1,-7.2539,52.6505277,"Very Good",5127
"kingersheim-france-61095","FLS0685",1995-06-10,"Salle Des Fetes",NA,800,"Tom Korbler","Warren Russell-Smith","Cassette","1995 Spring/Summer European Tour","Kingersheim",NA,"France",1995,1,7.354943,47.7770636,"Good",6231
"knoxville-tn-usa-121999","FLS0960",1999-12-19,"Electric Ballroom","6",700,"Nick Pellicciotto","Warren Russell-Smith","DAT","1999 Fall/Winter Southern USA Tour","Knoxville","TN","USA",1999,1,-83.929798,35.9648106,"Very Good",5123
"knoxville-tn-usa-32490","FLS0194",1990-03-24,"Backstage at the Library","$5",230,"Joey Picuri","Warren Russell-Smith","Cassette","1990 Spring Southern USA Tour","Knoxville","TN","USA",1990,1,-83.934757,35.9553749,"Good",4725
"knoxville-tn-usa-40593","FLS0511",1993-04-05,"Electric Ballroom","5",1010,"Joey Picuri","Jerry Busher","DAT","1993 Spring USA Tour","Knoxville","TN","USA",1993,1,-83.929798,35.9648106,"Good",5092
"knoxville-tn-usa-41296","FLS0786",1996-04-12,"Electric Ballroom","5",1050,"Nick Pellicciotto","Warren Russell-Smith","DAT","1996 Southern USA Tour","Knoxville","TN","USA",1996,1,-83.929798,35.9648106,"Very Good",3631
"knoxville-tn-usa-50591","FLS0333",1991-05-05,"Flamingo","5",300,"Joey Picuri","Warren Russell-Smith","Cassette","1991 Spring USA Tour","Knoxville","TN","USA",1991,1,-83.935458,35.9555492,"Good",4690
"koln-germany-70192","FLS0481",1992-07-01,"Rhenania",NA,800,"Joey Picuri","Warren Russell-Smith","Cassette","1992 Spring European Tour","Koln","","Germany",1992,1,6.963381,50.9283382,"Good",4346
"kuala-lumpur-malaysia-110696","FLS0805",1996-11-06,"Fire Club",NA,800,"Nick Pellicciotto","Fugazi","DAT","1996 US/Japan/Hong Kong/Australia Tour","Kuala Lumpur",NA,"Malaysia",1996,1,101.707629,3.1478556,"Very Good",5524
"kyoto-japan-110193","FLS0600",1993-11-01,"Muse Hall","3500 yen",100,"Joey Picuri","Jerry Busher","DAT","1993 Japan/Australia/New Zealand Tour","Kyoto","","Japan",1993,1,135.7637,35.0038831,"Very Good",4745
"lafayette-la-usa-40796","FLS0782",1996-04-07,"Heymann Performance Arts Center","5",1250,"ANON","Warren Russell-Smith","Cassette","1996 Southern USA Tour","Lafayette","LA","USA",1996,1,-92.021027,30.2016045,"Poor",4940
"lafayette-la-usa-50989","FLS0108",1989-05-09,"Haricots BBQ","$3",150,NA,NA,NA,"1989 Spring USA Tour","Lafayette","LA","USA",1989,1,-92.017545,30.2229752,NA,NA
"lakuntza-spainbasque-52795","FLS0674",1995-05-27,"Sala Matraka",NA,1000,"Joey Picuri","Jerry Busher","Cassette","1995 Spring/Summer European Tour","Lakuntza","","Spain",1995,1,-2.0292,42.9206346,"Good",6150
"lancaster-pa-usa-30391","FLS0312",1991-03-03,"Chameleon","5",600,"Joey Picuri","Warren Russell-Smith","Cassette","1991 Winter/Spring East Coast USA Tour","Lancaster","PA","USA",1991,1,-76.308796,40.0415629,"Very Good",4651
"lancaster-pa-usa-92489","FLS0137",1989-09-24,"Chameleon","$5",500,NA,NA,NA,"1989 Fall Canada/NE Tour","Lancaster","PA","USA",1989,1,-76.308796,40.0415629,NA,NA
"laramie-wy-usa-41601","FLS0991",2001-04-16,"Cowboy Bar","6",500,"Nick Pellicciotto","Warren Russell-Smith","DAT","2001 Spring Western USA Tour","Laramie","WY","USA",2001,1,-105.593376,41.3107611,"Excellent",5583
"laramie-wy-usa-51993","FLS0546",1993-05-19,"University of Wyoming Ballroom","5",240,"Joey Picuri","Warren Russell-Smith","DAT","1993 Spring USA Tour","Laramie","WY","USA",1993,1,-105.579442,41.3123587,"Poor",3653
"las-vegas-nv-usa-30599","FLS0904",1999-03-05,"Huntridge Theater","6",1000,"Nick Pellicciotto","Jerry Busher","DAT","1999 West Coast USA Tour","Las Vegas","NV","USA",1999,1,-115.136358,36.1581082,"Very Good",5680
"las-vegas-nv-usa-42293","FLS0526",1993-04-22,"Huntridge Theater","5",850,"Joey Picuri","Jerry Busher","DAT","1993 Spring USA Tour","Las Vegas","NV","USA",1993,1,-115.136358,36.1581082,"Good",5447
"latham-ny-usa-31091","FLS0318",1991-03-10,"Saratoga Winners","5",850,"Joey Picuri","Warren Russell-Smith","Cassette","1991 Winter/Spring East Coast USA Tour","Latham","NY","USA",1991,1,-73.72963,42.818847,"Poor",5345
"latham-ny-usa-40992","FLS0426",1992-04-09,"Saratoga Winners","5",1100.17910447761,"Joey Picuri","Warren Russell-Smith","Cassette","1992 Spring East Coast Tour","Latham","NY","USA",1992,1,-73.72963,42.818847,"Good",5137
"launceston-tas-australia-120493","FLS0619",1993-12-04,"Windmill Hill War Memorial",NA,180,"Joey Picuri","Warren Russell-Smith","Cassette","1993 Japan/Australia/New Zealand Tour","Launceston","TAS","Australia",1993,1,147.145816,-41.4352504,"Very Good",5385
"lawrence-ks-usa-53191","FLS0353",1991-05-31,"University of Kansas Ballroom","5",1000,"Joey Picuri","Warren Russell-Smith","Cassette","1991 Spring USA Tour","Lawrence","KS","USA",1991,1,-95.24348,38.959214,"Good",4362
"lawrence-ks-usa-60489","FLS0120",1989-06-04,"Outhouse","$5",350,NA,NA,NA,"1989 Spring USA Tour","Lawrence","KS","USA",1989,1,-95.163101,38.9562235,NA,NA
"lawrence-ks-usa-61190","FLS0226",1990-06-11,"Outhouse","5",700,"Joey Picuri","Warren Russell-Smith","Cassette","1990 Spring/Summer USA Tour","Lawrence","KS","USA",1990,1,-95.163101,38.9562235,"Good",4837
"leeds-england-103102","FLS1041",2002-10-31,"Metropolitan University",NA,1618.75,"Nick Pellicciotto","Fugazi","DAT","2002 Fall UK/Ireland Tour","Leeds","","England",2002,1,-1.54796,53.8039545,"Excellent",6191
"leeds-england-112089","FLS0158",1989-11-20,"Leeds Polytechnic","3 Pounds",1000,"ANON","Warren Russell-Smith","Cassette","1989 Fall European Tour","Leeds","","England",1989,1,-1.54796,53.8039545,"Good",2323
"leeds-england-113088","FLS0087",1988-11-30,"Duchess of York",NA,198.714285714286,"Bust Fund Tapes","Warren Russell-Smith","Cassette","1988 Fall European Tour","Leeds",NA,"England",1988,1,-1.540123,53.7985279,"Very Good",2673
"leeds-england-42999","FLS0910",1999-04-29,"Metro University","6(pounds)",950,"Joey Picuri","Warren Russell-Smith","DAT","1999 Spring UK/Ireland Tour","Leeds",NA,"England",1999,1,-1.54796,53.8039545,"Good",4848
"leeds-england-51595","FLS0664",1995-05-15,"Metropolitan University",NA,1000,"Joey Picuri","Warren Russell-Smith","Cassette","1995 Spring/Summer European Tour","Leeds","","England",1995,1,-1.54796,53.8039545,"Very Good",5550
"leeds-england-91290","FLS0254",1990-09-12,"Irish Centre",NA,700,"Joey Picuri","Warren Russell-Smith","Cassette","1990 Fall European Tour","Leeds","","England",1990,1,-1.515735,53.7972789,"Good",4062
"leipzig-germany-92299","FLS0929",1999-09-22,"Conne Island",NA,921,"Nick Pellicciotto",NA,"DAT","1999 Fall European Tour","Leipzig","","Germany",1999,1,12.374446,51.3022439,"Good",5415
"leonardtown-md-usa-70288","FLS0045",1988-07-02,"St. Mary's County Fairgrounds Auditorium",NA,198.714285714286,NA,NA,NA,"1988 Summer/Fall Regional Dates","Leonardtown","MD","USA",1988,1,-76.607504,38.2737954,NA,NA
"leuven-belgium-51895","FLS0666",1995-05-18,"Lido",NA,850,"Joey Picuri","Warren Russell-Smith","Cassette","1995 Spring/Summer European Tour","Leuven",NA,"Belgium",1995,1,4.709253,50.8783879,"Good",5927
"lexington-ky-usa-60991","FLS0361",1991-06-09,"Wrocklage","5",300,"Joey Picuri","Warren Russell-Smith","Cassette","1991 Spring USA Tour","Lexington","KY","USA",1991,1,-84.49871,38.049435,"Poor",4309
"limerick-ireland-102602","FLS1037",2002-10-26,"Savoy",NA,1618.75,"Nick Pellicciotto","Jerry Busher","DAT","2002 Fall UK/Ireland Tour","Limerick",NA,"Ireland",2002,1,-8.62919,52.6631293,"Good",5643
"lincoln-ne-usa-101895","FLS0738",1995-10-18,"State Fairgrounds Agricultural Hall","5",1300,"Joey Picuri","Warren Russell-Smith","DAT","1995 Fall USA/Canada Tour","Lincoln","NE","USA",1995,1,-96.602088,40.8542709,"Very Good",4894
"lincoln-ne-usa-41701","FLS0992",2001-04-17,"Centennial Hall","6",1000,"Nick Pellicciotto","Warren Russell-Smith","DAT","2001 Spring Western USA Tour","Lincoln","NE","USA",2001,1,-96.70113,40.8169285,"Very Good",5472
"lincoln-ne-usa-91491","FLS0399",1991-09-14,"University of Nebraska Centennial Hall","5",1000,"Joey Picuri","Warren Russell-Smith","Cassette","1991 Summer/Fall USA/Canada Tour","Lincoln","NE","USA",1991,1,-96.70113,40.8169285,"Very Good",4819
"lindenhurst-ny-usa-92195","FLS0715",1995-09-21,"PWAC","5",900,"Joey Picuri",NA,"DAT","1995 Fall USA/Canada Tour","Lindenhurst","NY","USA",1995,1,-73.40138,40.716804,"Very Good",4817
"linkoping-sweden-100290","FLS0272",1990-10-02,"Rock Lamour","50",110,"Joey Picuri","Warren Russell-Smith","Cassette","1990 Fall European Tour","Linkoping","","Sweden",1990,1,15.625266,58.4180661,"Very Good",5276
"linz-austria-111088","FLS0073",1988-11-10,"Kapu",NA,198.714285714286,"ANON","Warren Russell-Smith",NA,"1988 Fall European Tour","Linz","","Austria",1988,1,14.28212,48.3007566,"Good",4417
"lisbon-portugal-53195","FLS0677",1995-05-31,"Gartejo",NA,1279.99130434783,"Joey Picuri","Warren Russell-Smith","Cassette","1995 Spring/Summer European Tour","Lisbon",NA,"Portugal",1995,1,-9.175597,38.7042177,"Very Good",5901
"lismore-australia-112693","FLS0615",1993-11-26,"Italo Club",NA,450,"Joey Picuri","Warren Russell-Smith","Cassette","1993 Japan/Australia/New Zealand Tour","Lismore","NSW","Australia",1993,1,153.270912,-28.8042002,"Very Good",4905
"lismore-australia-62397","FLS0827",1997-06-23,"Lismore Uni",NA,967.5,"Nick Pellicciotto","Warren Russell-Smith","DAT","1997 Summer Australia/New Zealand Tour","Lismore","NSW","Australia",1997,1,153.299567,-28.8195944,"Good",5220
"little-rock-ar-usa-40202","FLS1024",2002-04-02,"Rivermarket Pavillion","6",1350,"Nick Pellicciotto","Warren Russell-Smith","CD","2002 Spring Southern USA/Texas Tour","Little Rock","AR","USA",2002,1,-92.266155,34.7476883,"Very Good",4245
"little-rock-ar-usa-50390","FLS0202",1990-05-03,"Mandrake's","$5",220,"Joey Picuri","Warren Russell-Smith","Cassette","1990 Spring/Summer USA Tour","Little Rock","AR","USA",1990,1,-92.282135,34.7433652,"Very Good",3857
"little-rock-ar-usa-52391","FLS0348",1991-05-23,"Vino's","5",283,"Joey Picuri","Warren Russell-Smith","Cassette","1991 Spring USA Tour","Little Rock","AR","USA",1991,1,-92.282135,34.7433652,"Poor",4628
"liverpool-england-112589","FLS0163",1989-11-25,"Bluecoat Chamber","3 Pounds",500,"Shaun Hamilton",NA,"Cassette","1989 Fall European Tour","Liverpool","","England",1989,1,-2.98386,53.4041658,"Good",2760
"liverpool-england-112688","FLS0083",1988-11-26,"Planet X",NA,198.714285714286,"Loui Throttler",NA,NA,"1988 Fall European Tour","Liverpool",NA,"England",1988,1,-2.987817,53.4070167,"Good",NA
"liverpool-england-91190","FLS0253",1990-09-11,"Liverpool Polytechnic Canteen",NA,380,"Joey Picuri","Warren Russell-Smith","Cassette","1990 Fall European Tour","Liverpool","","England",1990,1,-2.975178,53.4065417,"Good",4260
"ljubljana-slovenia-61092","FLS0463",1992-06-10,"University Student Bar",NA,1300,"Joey Picuri","Warren Russell-Smith","Cassette","1992 Spring European Tour","Ljubljana","","Slovenia",1992,1,14.501996,46.0588535,"Good",5163
"ljubljana-slovenia-62395","FLS0696",1995-06-23,"Sports Hall",NA,900,"Joey Picuri","Warren Russell-Smith","Cassette","1995 Spring/Summer European Tour","Ljubljana",NA,"Slovenia",1995,1,14.532997,46.0503433,"Good",5383
"ljubljana-slovenia-92899","FLS0934",1999-09-28,"Metelkova",NA,500,"Nick Pellicciotto","Warren Russell-Smith","DAT","1999 Fall European Tour","Ljubljana","","Slovenia",1999,1,14.516603,46.0572838,"Good",5545
"ljubljana-yugoslavia-102190","FLS0289",1990-10-21,"University Student Center","12 Marks",800,"Joey Picuri","Warren Russell-Smith","Cassette","1990 Fall European Tour","Ljubljana","","Yugoslavia",1990,1,14.501996,46.0588535,"Very Good",5698
"ljubljana-yugoslavia-111288","FLS0074",1988-11-12,"Menza N",NA,198.714285714286,NA,NA,NA,"1988 Fall European Tour","Ljubljana","","Yugoslavia",1988,1,14.517249,46.0564138,NA,NA
"london-england-110202","FLS1043",2002-11-02,"Forum",NA,1618.75,"ANON",NA,NA,"2002 Fall UK/Ireland Tour","London","","England",2002,1,-0.142131,51.5521681,"Good",6850
"london-england-110302","FLS1044",2002-11-03,"Forum",NA,1618.75,"Nick Pellicciotto",NA,"DAT","2002 Fall UK/Ireland Tour","London",NA,"England",2002,1,-0.142131,51.5521681,"Very Good",5820
"london-england-110402","FLS1045",2002-11-04,"Forum",NA,1618.75,"Nick Pellicciotto","Fugazi","DAT","2002 Fall UK/Ireland Tour","London","","England",2002,1,-0.142131,51.5521681,"Very Good",6025
"london-england-112488","FLS0082",1988-11-24,"Sir George Robey",NA,198.714285714286,"Andy P/Fear and Loathing Zine","Warren Russell-Smith","VHS audio","1988 Fall European Tour","London",NA,"England",1988,1,-0.107263,51.5631429,"Poor",4094
"london-england-112989","FLS0167",1989-11-29,"Boston Arms","3.50 Pounds",1100,"John Loder","Warren Russell-Smith","24-Track Monitor Mix","1989 Fall European Tour","London",NA,"England",1989,1,-0.138463,51.5570758,"Very Good",4512
"london-england-120588","FLS0090",1988-12-05,"Boston Arms",NA,198.714285714286,"ANON","Warren Russell-Smith","Cassette","1988 Fall European Tour","London",NA,"England",1988,1,-0.138463,51.5570758,"Good",2728
"london-england-50992","FLS0438",1992-05-09,"Brixton Academy","3-5Pounds",4000,"John Loder","Warren Russell-Smith","Cassette","1992 Spring European Tour","London",NA,"England",1992,1,-0.114945,51.4656331,"Excellent",4815
"london-england-51395","FLS0662",1995-05-13,"Brixton Academy",NA,3500,"Joey Picuri","Warren Russell-Smith","Cassette","1995 Spring/Summer European Tour","London","","England",1995,1,-0.114945,51.4656331,"Very Good",5227
"london-england-51599","FLS0923",1999-05-15,"Rex","6(pounds)",3100,"Joey Picuri","Warren Russell-Smith","DAT","1999 Spring UK/Ireland Tour","London",NA,"England",1999,1,0.002536,51.5420297,"Good",5869
"london-england-91990","FLS0261",1990-09-19,"Kilburn National",NA,2500,"Joey Picuri","Warren Russell-Smith","Cassette","1990 Fall European Tour","London","","England",1990,1,-0.19829,51.5425942,"Very Good",4101
"londrina-brazil-81397","FLS0839",1997-08-13,"Kawale",NA,700,NA,NA,NA,"1997 Summer Brazil/S. America Tour","Londrina",NA,"Brazil",1997,1,-51.1787,-23.3018891,NA,NA
"long-beach-ca-usa-52188","FLS0034",1988-05-21,"Zed Records",NA,20,"Unknown","Jerry Busher","Cassette","1988 Spring USA Tour","Long Beach","CA","USA",1988,1,-118.141994,33.7924277,"Poor",2465
"lorton-va-usa-122690","FLS0305",1990-12-26,"Lorton Correctional Facility","Free",100,"Joey Picuri","Jerry Busher","Cassette","1990 Fall/Winter Regional Dates","Lorton","VA","USA",1990,1,-77.254567,38.6977776,"Very Good",3033
"los-angeles-ca-usa-110895","FLS0753",1995-11-08,"Shrine Auditorium","7",2200,"Joey Picuri","Jerry Busher","DAT","1995 Fall USA/Canada Tour","Los Angeles","CA","USA",1995,1,-118.281271,34.0239858,"Good",4890
"los-angeles-ca-usa-110995","FLS0754",1995-11-09,"Shrine Auditorium","7",3400,"Joey Picuri","Jerry Busher","DAT","1995 Fall USA/Canada Tour","Los Angeles","CA","USA",1995,1,-118.281271,34.0239858,"Very Good",4761
"los-angeles-ca-usa-12492","FLS0418",1992-01-24,"Hollywood Palladium","8",4000,"Joey Picuri","Jerry Busher","DAT","1992 Winter/Spring Regional Dates","Los Angeles","CA","USA",1992,1,-118.324278,34.098496,"Good",4552
"los-angeles-ca-usa-12592","FLS0419",1992-01-25,"Hollywood Palladium","5",4000,"Joey Picuri","Jerry Busher","Cassette","1992 Winter/Spring Regional Dates","Los Angeles","CA","USA",1992,1,-118.324278,34.098496,"Good",4225
"los-angeles-ca-usa-30999","FLS0907",1999-03-09,"Palace","5",1135.859375,"Gary Davis","Warren Russell-Smith","DAT","1999 West Coast USA Tour","Los Angeles","CA","USA",1999,1,-118.25235,34.0457263,"Excellent",5089
"los-angeles-ca-usa-31099","FLS0908",1999-03-10,"Palace","5",1135.859375,"Gary Davis","Warren Russell-Smith","DAT","1999 West Coast USA Tour","Los Angeles","CA","USA",1999,1,-118.25235,34.0457263,"Excellent",5610
"los-angeles-ca-usa-42393","FLS0527",1993-04-23,"Hollywood Palladium","6",3300,"Joey Picuri","Warren Russell-Smith","DAT","1993 Spring USA Tour","Los Angeles","CA","USA",1993,1,-118.324278,34.098496,"Good",4702
"los-angeles-ca-usa-42493","FLS0528",1993-04-24,"Hollywood Palladium","6",3700,"Joey Picuri","Warren Russell-Smith","DAT","1993 Spring USA Tour","Los Angeles","CA","USA",1993,1,-118.324278,34.098496,"Very Good",5223
"los-angeles-ca-usa-42593","FLS0529",1993-04-25,"Hollywood Palladium","6",3900,"Joey Picuri","Warren Russell-Smith","DAT","1993 Spring USA Tour","Los Angeles","CA","USA",1993,1,-118.324278,34.098496,"Very Good",5263
"los-angeles-ca-usa-51889","FLS0113",1989-05-18,"Anti-Club","$6",375,"David ""Igby"" Sattanni","Warren Russell-Smith","Cassette","1989 Spring USA Tour","Los Angeles","CA","USA",1989,1,-118.30214,34.0832538,"Good",3448
"los-angeles-ca-usa-90891","FLS0395",1991-09-08,"Hollywood Palladium","6",3800,"Joey Picuri","Warren Russell-Smith","Cassette","1991 Summer/Fall USA/Canada Tour","Los Angeles","CA","USA",1991,1,-118.324278,34.098496,"Good",4890
"los-angeles-ca-usa-palace-3899","FLS1049",1999-03-08,"Palace",NA,1135.859375,"Gary Davis","Jerry Busher",NA,"1999 West Coast USA Tour","Los Angeles","CA","USA",1999,1,-118.25235,34.0457263,"Excellent",4944
"louisville-ky-usa-100795","FLS0729",1995-10-07,"Brewery","5",1300,"Joey Picuri","Warren Russell-Smith","DAT","1995 Fall USA/Canada Tour","Louisville","KY","USA",1995,1,-85.730726,38.2482797,"Excellent",4897
"louisville-ky-usa-112798","FLS0886",1998-11-27,"Highland Hall","6",1100,"Joey Picuri","Jerry Busher","DAT","1998 Fall Mid-West USA Tour","Louisville","KY","USA",1998,1,-85.674857,38.2161822,"Good",4593
"louisville-ky-usa-40402","FLS1025",2002-04-04,"Spectrum Cultural Center","6",1350,"Nick Pellicciotto","Warren Russell-Smith","CD","2002 Spring Southern USA/Texas Tour","Louisville","KY","USA",2002,1,-85.752282,38.2407479,"Very Good",4456
"louisville-ky-usa-60891","FLS0360",1991-06-08,"Tewligans","5",350,"Joey Picuri","Warren Russell-Smith","Cassette","1991 Spring USA Tour","Louisville","KY","USA",1991,1,-85.72237,38.2394854,"Good",2898
"louisville-ky-usa-62690","FLS0239",1990-06-26,"Kentucky Theater","5",400,"Joey Picuri","Warren Russell-Smith","Cassette","1990 Spring/Summer USA Tour","Louisville","KY","USA",1990,1,-85.757787,38.2471708,"Good",5273
"lubbock-tx-usa-41893","FLS0523",1993-04-18,"19th st. Depot Warehouse","5",400,"Joey Picuri","Jerry Busher","DAT","1993 Spring USA Tour","Lubbock","TX","USA",1993,1,-101.844538,33.5781797,"Very Good",5161
"lubeck-germany-102188","FLS0058",1988-10-21,"Alternative",NA,198.714285714286,"ANON",NA,"Cassette","1988 Fall European Tour","Lubeck",NA,"Germany",1988,1,10.67723,53.869894,"Good",4733
"lund-sweden-100800","FLS0980",2000-10-08,"Mejeriet",NA,350,"Nick Pellicciotto","Jerry Busher","DAT","2000 Fall Northern European Tour","Lund",NA,"Sweden",2000,1,13.18852,55.696097,"Very Good",5971
"lyon-france-103090","FLS0297",1990-10-30,"Salle des Fetes","50FR",500,"Joey Picuri","Warren Russell-Smith","Cassette","1990 Fall European Tour","Lyon","","France",1990,1,4.72912,45.7491503,"Good",4743
"lyon-france-60895","FLS0683",1995-06-08,"Espace Jean Bargoin",NA,800,"Tom Korbler","Warren Russell-Smith","Cassette","1995 Spring/Summer European Tour","Lyon","","France",1995,1,4.879248,45.7362792,"Very Good",4968
"madison-wi-usa-61990","FLS0233",1990-06-19,"Neighborhood House","5",400,"Joey Picuri","Jerry Busher","Cassette","1990 Spring/Summer USA Tour","Madison","WI","USA",1990,1,-89.403783,43.0667627,"Good",3232
"madison-wi-usa-80991","FLS0376",1991-08-09,"Turner Hall","5",850,"Joey Picuri","Warren Russell-Smith","Cassette","1991 Summer/Fall USA/Canada Tour","Madison","WI","USA",1991,1,-89.307686,43.054469,"Good",3703
"madrid-spain-60292","FLS0456",1992-06-02,"Revolver",NA,350,"Joey Picuri","Warren Russell-Smith","Cassette","1992 Spring European Tour","Madrid",NA,"Spain",1992,1,-3.707417,40.4206923,"Very Good",5368
"madrid-spain-60295","FLS0678",1995-06-02,"Revolver",NA,1000,"Joey Picuri","Warren Russell-Smith","Cassette","1995 Spring/Summer European Tour","Madrid",NA,"Spain",1995,1,-3.707417,40.4206923,"Very Good",5074
"mainz-germany-101290","FLS0281",1990-10-12,"Eltzerhof","12 DM",1100,"Joey Picuri","Warren Russell-Smith","Cassette","1990 Fall European Tour","Mainz","","Germany",1990,1,8.267551,50.0043734,"Very Good",5127
"mainz-germany-70195","FLS0703",1995-07-01,"Kuze",NA,600,"Joey Picuri","Warren Russell-Smith","Cassette","1995 Spring/Summer European Tour","Mainz",NA,"Germany",1995,1,8.282149,49.9947594,"Good",4546
"manchester-england-103002","FLS1040",2002-10-30,"Manchester University",NA,1618.75,"Nick Pellicciotto","Warren Russell-Smith","DAT","2002 Fall UK/Ireland Tour","Manchester",NA,"England",2002,1,-2.23216,53.464375,"Very Good",5066
"manchester-england-112889","FLS0166",1989-11-28,"Boardwalk","3.50 Pounds",400,"Unknown","Jerry Busher","Cassette","1989 Fall European Tour","Manchester",NA,"England",1989,1,-2.250476,53.4736904,"Very Good",3984
"manchester-england-50795","FLS0657",1995-05-07,"Academy",NA,1200,"Joey Picuri","Warren Russell-Smith","Cassette","1995 Spring/Summer European Tour","Manchester",NA,"England",1995,1,-2.23145,53.463697,"Good",4411
"manchester-england-51299","FLS0920",1999-05-12,"University Student Union","6(pounds)",936,NA,NA,NA,"1999 Spring UK/Ireland Tour","Manchester",NA,"England",1999,1,-2.23216,53.464375,NA,NA
"manchester-england-51492","FLS0441",1992-05-14,"Irish Centre Ardri Hall","3-5Pounds",800,"Joey Picuri","Jerry Busher","Cassette","1992 Spring European Tour","Manchester",NA,"England",1992,1,-2.239584,53.4643701,"Very Good",4425
"manly-australia-111993","FLS0612",1993-11-19,"Manly High School",NA,600,"Joey Picuri","Warren Russell-Smith","Cassette","1993 Japan/Australia/New Zealand Tour","Manly","NSW","Australia",1993,1,151.280612,-33.7625875,"Good",4041
"manly-nsw-australia-102691","FLS0407",1991-10-26,"Manly Youth Center",NA,700,"Joey Picuri",NA,"Cassette","1991 Australia/New Zealand/Japan Tour","Manly","NSW","Australia",1991,1,151.28437,-33.7947489,"Very Good",4149
"marghera-italy-92999","FLS0935",1999-09-29,"Rivolta",NA,1800,NA,NA,NA,"1999 Fall European Tour","Marghera","","Italy",1999,1,12.229879,45.4703028,NA,NA
"marseille-france-100799","FLS0943",1999-10-07,"Theatre Du Moulin",NA,450,"Nick Pellicciotto","Warren Russell-Smith","DAT","1999 Fall European Tour","Marseille","","France",1999,1,5.407749,43.3193872,"Very Good",5752
"marseille-france-60795","FLS0682",1995-06-07,"Mirabeau",NA,400,NA,NA,NA,"1995 Spring/Summer European Tour","Marseille","","France",1995,1,5.34556,43.347276,NA,NA
"maui-hi-usa-101796","FLS0792",1996-10-17,"Maui Cultural Center","8",400,"Nick Pellicciotto",NA,"DAT","1996 US/Japan/Hong Kong/Australia Tour","Maui","HI","USA",1996,1,-156.480702,20.8937969,"Very Good",4088
"maui-hi-usa-101896","FLS0793",1996-10-18,"Maui Cultural Center","8",400,"Nick Pellicciotto","Warren Russell-Smith","DAT","1996 US/Japan/Hong Kong/Australia Tour","Maui","HI","USA",1996,1,-156.480702,20.8937969,"Very Good",4172
"mechanicsburg-pa-usa-81993","FLS0563",1993-08-19,"Decibels","5",1000,"Joey Picuri","Jerry Busher","DAT","1993 Fall USA/Canada Tour","Mechanicsburg","PA","USA",1993,1,-77.028285,40.2445904,"Very Good",5109
"melbourne-australia-61797","FLS0822",1997-06-17,"Lava Lounge",NA,967.5,"Nick Pellicciotto","Fugazi","DAT","1997 Summer Australia/New Zealand Tour","Melbourne","VIC","Australia",1997,1,145.34572,-38.030862,"Very Good",5440
"melbourne-australia-61897","FLS0823",1997-06-18,"Lava Lounge",NA,967.5,"Nick Pellicciotto","Fugazi","DAT","1997 Summer Australia/New Zealand Tour","Melbourne","VIC","Australia",1997,1,145.34572,-38.030862,"Excellent",5528
"melbourne-vic-australia-101891","FLS0401",1991-10-18,"Melbourne Uni",NA,1150,"Joey Picuri","Warren Russell-Smith","Cassette","1991 Australia/New Zealand/Japan Tour","Melbourne","VIC","Australia",1991,1,144.960841,-37.7968615,"Very Good",3959
"melbourne-vic-australia-102091","FLS0403",1991-10-20,"Melbourne Uni",NA,750,"Joey Picuri","Warren Russell-Smith","Cassette","1991 Australia/New Zealand/Japan Tour","Melbourne","VIC","Australia",1991,1,144.960841,-37.7968615,"Very Good",4714
"melbourne-vic-australia-111393","FLS0608",1993-11-13,"Wall St.",NA,750,"Joey Picuri","Warren Russell-Smith","Cassette","1993 Japan/Australia/New Zealand Tour","Melbourne","VIC","Australia",1993,1,144.965996,-37.8147268,"Good",4098
"melbourne-vic-australia-111493","FLS0609",1993-11-14,"Collingwood Town Hall",NA,1300,"Joey Picuri","Warren Russell-Smith","Cassette","1993 Japan/Australia/New Zealand Tour","Melbourne","VIC","Australia",1993,1,144.992844,-37.8039481,"Good",5189
"memphis-tn-usa-112598","FLS0884",1998-11-25,"New Daisy Theater","6",900,"Joey Picuri","Warren Russell-Smith","DAT","1998 Fall Mid-West USA Tour","Memphis","TN","USA",1998,1,-90.050117,35.1395112,"Good",4874
"memphis-tn-usa-40793","FLS0513",1993-04-07,"Omni New Daisy","5",850,"Joey Picuri","Jerry Busher","DAT","1993 Spring USA Tour","Memphis","TN","USA",1993,1,-90.050117,35.1395112,"Very Good",5000
"memphis-tn-usa-50290","FLS0201",1990-05-02,"Antennae Club","$5",300,"Joey Picuri","Jerry Busher","Cassette","1990 Spring/Summer USA Tour","Memphis","TN","USA",1990,1,-90.008215,35.1382872,"Very Good",4369
"memphis-tn-usa-52291","FLS0347",1991-05-22,"Antennae Club","5",480,"Joey Picuri","Warren Russell-Smith","Cassette","1991 Spring USA Tour","Memphis","TN","USA",1991,1,-90.008215,35.1382872,"Good",3542
"merrifield-va-usa-22088","FLS0014",1988-02-20,"Merrifield Community Center","$5",250,"John Fox","Warren Russell-Smith",NA,"1988 Winter/Spring Regional Dates","Merrifield","VA","USA",1988,1,-77.224424,38.8754828,"Poor",2833
"miami-fl-usa-51691","FLS0342",1991-05-16,"Cameo Theater","5",1390,"Joey Picuri","Warren Russell-Smith","Cassette","1991 Spring USA Tour","Miami","FL","USA",1991,1,-80.131387,25.7871369,"Good",4432
"middletown-ct-usa-120487","FLS0009",1987-12-04,"Wesleyan University Eclectic House","$5",100,NA,NA,NA,"1987 Fall/Winter Regional Dates","Middletown","CT","USA",1987,1,-72.654229,41.5551459,NA,NA
"middletown-ct-usa-40889","FLS0099",1989-04-08,"Wesleyan University Eclectic House",NA,452.105263157895,"Rick Libby and Chris Locke","Warren Russell-Smith","Cassette","1989 Spring USA Tour","Middletown","CT","USA",1989,1,-72.654229,41.5551459,"Good",3863
"middletown-ct-usa-41588","FLS0019",1988-04-15,"Wesleyan University Eclectic House","$5",300,NA,NA,NA,"1988 Spring USA Tour","Middletown","CT","USA",1988,1,-72.654229,41.5551459,NA,NA
"milan-italy-100299","FLS0939",1999-10-02,"Leoncavallo",NA,1135.859375,"Nick Pellicciotto","Jerry Busher","DAT","1999 Fall European Tour","Milan","","Italy",1999,1,9.207595,45.5015172,"Very Good",6320
"milan-italy-111988","FLS0079",1988-11-19,"Leoncavallo",NA,198.714285714286,"Overdrive",NA,NA,"1988 Fall European Tour","Milan","","Italy",1988,1,9.207595,45.5015172,"Good",2768
"milan-italy-61295","FLS0686",1995-06-12,"Cascina Monlue",NA,3000,"Tom Korbler","Warren Russell-Smith","Cassette","1995 Spring/Summer European Tour","Milan",NA,"Italy",1995,1,9.2542,45.4573526,"Very Good",4270
"milano-italy-102590","FLS0292",1990-10-25,"Leoncavallo","5000 Lira",1000,"Joey Picuri","Warren Russell-Smith","Cassette","1990 Fall European Tour","Milan","","Italy",1990,1,9.207595,45.5015172,"Very Good",4578
"milwaukee-wi-usa-101395","FLS0734",1995-10-13,"Rave","5",1500,"Joey Picuri","Warren Russell-Smith","DAT","1995 Fall USA/Canada Tour","Milwaukee","WI","USA",1995,1,-87.94336,43.037876,"Good",4978
"milwaukee-wi-usa-111398","FLS0873",1998-11-13,"Rave","6",1500,"Joey Picuri","Warren Russell-Smith","DAT","1998 Fall Mid-West USA Tour","Milwaukee","WI","USA",1998,1,-87.94336,43.037876,"Good",4447
"milwaukee-wi-usa-60989","FLS0124",1989-06-09,"Crystal Palace","$5",350,"ANON",NA,"VHS","1989 Spring USA Tour","Milwaukee","WI","USA",1989,1,-87.937692,43.0224499,"Poor",1704
"milwaukee-wi-usa-81091","FLS0377",1991-08-10,"Central Park","5",850,"Joey Picuri","Warren Russell-Smith","Cassette","1991 Summer/Fall USA/Canada Tour","Milwaukee","WI","USA",1991,1,-87.94336,43.037876,"Very Good",3135
"milwaukee-wi-usa-90293","FLS0574",1993-09-02,"Eagle's Ballroom","5",1300,"Joey Picuri","Jerry Busher","DAT","1993 Fall USA/Canada Tour","Milwaukee","WI","USA",1993,1,-87.94336,43.037876,"Very Good",5075
"minneapolis-mn-usa-101495","FLS0735",1995-10-14,"First Avenue","5",1700,"Joey Picuri","Warren Russell-Smith","DAT","1995 Fall USA/Canada Tour","Minneapolis","MN","USA",1995,1,-93.275978,44.9785509,"Very Good",4583
"minneapolis-mn-usa-101595","FLS0736",1995-10-15,"First Avenue","5",1700,"Joey Picuri","Warren Russell-Smith","DAT","1995 Fall USA/Canada Tour","Minneapolis","MN","USA",1995,1,-93.275978,44.9785509,"Very Good",5510
"minneapolis-mn-usa-111598","FLS0875",1998-11-15,"First Avenue","6",1711,"Joey Picuri","Warren Russell-Smith","DAT","1998 Fall Mid-West USA Tour","Minneapolis","MN","USA",1998,1,-93.275978,44.9785509,"Very Good",6053
"minneapolis-mn-usa-52393","FLS0549",1993-05-23,"First Avenue","5",1600,"Joey Picuri","Warren Russell-Smith","DAT","1993 Spring USA Tour","Minneapolis","MN","USA",1993,1,-93.275978,44.9785509,"Very Good",4869
"minneapolis-mn-usa-52493","FLS0550",1993-05-24,"First Avenue","5",1600,"Joey Picuri","Warren Russell-Smith","DAT","1993 Spring USA Tour","Minneapolis","MN","USA",1993,1,-93.275978,44.9785509,"Very Good",5310
"minneapolis-mn-usa-52593","FLS0551",1993-05-25,"First Avenue","5",1200,"Joey Picuri","Warren Russell-Smith","DAT","1993 Spring USA Tour","Minneapolis","MN","USA",1993,1,-93.275978,44.9785509,"Very Good",5379
"minneapolis-mn-usa-61189","FLS0126",1989-06-11,"7th Street Entry","$5",450,NA,NA,NA,"1989 Spring USA Tour","Minneapolis","MN","USA",1989,1,-93.27583,44.9784606,NA,NA
"minneapolis-mn-usa-61690","FLS0231",1990-06-16,"Avalon Theater","5",1100,"Joey Picuri","Warren Russell-Smith","Cassette","1990 Spring/Summer USA Tour","Minneapolis","MN","USA",1990,1,-93.253569,44.9486133,"Good",5019
"minneapolis-mn-usa-62701","FLS1003",2001-06-27,"First Avenue","6",1700,"Joey Picuri","Fugazi","DAT","2001 Summer Mid-West/Canada Tour","Minneapolis","MN","USA",2001,1,-93.275978,44.9785509,"Very Good",5882
"minneapolis-mn-usa-81291","FLS0379",1991-08-12,"First Avenue","5",1550,"Joey Picuri","Warren Russell-Smith","Cassette","1991 Summer/Fall USA/Canada Tour","Minneapolis","MN","USA",1991,1,-93.275978,44.9785509,"Very Good",5502
"missoula-mt-usa-60490","FLS0222",1990-06-04,"Moose Lodge","4",225,"Joey Picuri","Warren Russell-Smith","Cassette","1990 Spring/Summer USA Tour","Missoula","MT","USA",1990,1,-114.029858,46.860304,"Excellent",4837
"modena-italy-60892","FLS0461",1992-06-08,"Dancing Condor",NA,600,"Joey Picuri","Warren Russell-Smith","Cassette","1992 Spring European Tour","Modena",NA,"Italy",1992,1,10.931098,44.6525479,"Very Good",5182
"montreal-qc-canada-72198","FLS0865",1998-07-21,"Spectrum","9(can)",650,"Joey Picuri","Warren Russell-Smith","DAT","1998 Summer Canada/USA Tour","Montreal","QC","Canada",1998,1,-73.56664,45.5065982,"Very Good",5938
"montreal-qc-canada-80291","FLS0370",1991-08-02,"Rialto Theatre","6 (ca)",1160,"Joey Picuri","Warren Russell-Smith","Cassette","1991 Summer/Fall USA/Canada Tour","Montreal","QC","Canada",1991,1,-73.6048,45.523619,"Good",4561
"montreal-qc-canada-91293","FLS0583",1993-09-12,"Metropolis","6 (canadian)",2100,"Joey Picuri","Warren Russell-Smith","DAT","1993 Fall USA/Canada Tour","Montreal","QC","Canada",1993,1,-73.563397,45.5105814,"Very Good",4866
"montreal-qc-canada-92395","FLS0717",1995-09-23,"Metropolis","7(can)",1500,"Joey Picuri","Warren Russell-Smith","DAT","1995 Fall USA/Canada Tour","Montreal","QC","Canada",1995,1,-73.563397,45.5105814,"Good",4481
"morgantown-wv-usa-112998","FLS0888",1998-11-29,"123 Pleasant St.","5",400,"Joey Picuri","Warren Russell-Smith","DAT","1998 Fall Mid-West USA Tour","Morgantown","WV","USA",1998,1,-79.958036,39.629555,"Poor",5227
"morgantown-wv-usa-42889","FLS0101",1989-04-28,"Dry House","$4",120,NA,NA,NA,"1989 Spring USA Tour","Morgantown","WV","USA",1989,1,-79.958036,39.629555,NA,NA
"morgantown-wv-usa-50688","FLS0025",1988-05-06,"Dry House",NA,20,NA,NA,NA,"1988 Spring USA Tour","Morgantown","WV","USA",1988,1,-79.958036,39.629555,NA,NA
"morgantown-wv-usa-63090","FLS0243",1990-06-30,"Machine Shop","5",250,"Joey Picuri","Warren Russell-Smith","Cassette","1990 Spring/Summer USA Tour","Morgantown","WV","USA",1990,1,-79.958036,39.629555,"Good",4639
"munich-germany-101490","FLS0283",1990-10-14,"Theaterfabrik","12 DM",1400,"Joey Picuri","Jerry Busher","Cassette","1990 Fall European Tour","Munich","","Germany",1990,1,11.647285,48.173838,"Very Good",4321
"munich-germany-120589","FLS0171",1989-12-05,"Theaterfabrik","12DM",1000,NA,NA,NA,"1989 Fall European Tour","Munich","","Germany",1989,1,11.647285,48.173838,NA,NA
"munich-germany-61692","FLS0468",1992-06-16,"Theaterfabrik",NA,1600,"Joey Picuri","Jerry Busher","Cassette","1992 Spring European Tour","Munich","","Germany",1992,1,11.647285,48.173838,"Very Good",5302
"munich-germany-62695","FLS0699",1995-06-26,"Nachtwerk",NA,800,"Joey Picuri","Warren Russell-Smith","Cassette","1995 Spring/Summer European Tour","Munich",NA,"Germany",1995,1,11.522916,48.1397094,"Very Good",5340
"munich-germany-92599","FLS0932",1999-09-25,"Backstage",NA,753,"Nick Pellicciotto","Jerry Busher","DAT","1999 Fall European Tour","Munich","","Germany",1999,1,11.5216,48.1450485,"Very Good",5602
"nagold-germany-110488","FLS0069",1988-11-04,"Juz Nagold",NA,198.714285714286,"Karl-Heinz Stille",NA,"VHS Tape","1988 Fall European Tour","Nagold",NA,"Germany",1988,1,8.72333,48.5527422,"Good",3252
"nagoya-japan-102596","FLS0797",1996-10-25,"Heartland",NA,160,"Nick Pellicciotto","Warren Russell-Smith","DAT","1996 US/Japan/Hong Kong/Australia Tour","Nagoya",NA,"Japan",1996,1,136.919203,35.1693198,"Very Good",4315
"nagoya-japan-110393","FLS0601",1993-11-03,"Club Quattro","3500yen",160,"Joey Picuri","Jerry Busher","DAT","1993 Japan/Australia/New Zealand Tour","Nagoya",NA,"Japan",1993,1,136.908232,35.1637276,"Very Good",4623
"nancy-france-110690","FLS0303",1990-11-06,"Terminal Export",NA,641.56,"Joey Picuri","Fugazi","Cassette","1990 Fall European Tour","Nancy","","France",1990,1,6.191742,48.6966644,"Very Good",4961
"nancy-france-52195","FLS0669",1995-05-21,"Terminal Export",NA,1279.99130434783,"Joey Picuri","Warren Russell-Smith","Cassette","1995 Spring/Summer European Tour","Nancy","","France",1995,1,6.191742,48.6966644,"Very Good",4288
"nantes-france-101399","FLS0948",1999-10-13,"L'Olympic",NA,690,"Nick Pellicciotto","Jerry Busher","DAT","1999 Fall European Tour","Nantes","","France",1999,1,-1.588948,47.1996033,"Very Good",6202
"naples-italy-111688","FLS0076",1988-11-16,"Diamond Dogs",NA,198.714285714286,NA,NA,NA,"1988 Fall European Tour","Naples",NA,"Italy",1988,1,14.248027,40.8618386,NA,NA
"nashville-tn-usa-122099","FLS0961",1999-12-20,"328 Performance","6",800,"Nick Pellicciotto","Jerry Busher","DAT","1999 Fall/Winter Southern USA Tour","Nashville","TN","USA",1999,1,-86.7745,36.157402,"Very Good",5089
"nashville-tn-usa-32390","FLS0193",1990-03-23,"Elliston Square","$5",250,"Joey Picuri","Jerry Busher","Cassette","1990 Spring Southern USA Tour","Nashville","TN","USA",1990,1,-86.803838,36.1510977,"Good",3116
"nashville-tn-usa-40693","FLS0512",1993-04-06,"328 Performance","5",1500,"Joey Picuri","Jerry Busher","DAT","1993 Spring USA Tour","Nashville","TN","USA",1993,1,-86.7745,36.157402,"Very Good",5315
"nashville-tn-usa-41196","FLS0785",1996-04-11,"328 Performance","5",1500,"Nick Pellicciotto","Jerry Busher","DAT","1996 Southern USA Tour","Nashville","TN","USA",1996,1,-86.7745,36.157402,"Very Good",4575
"nashville-tn-usa-50791","FLS0334",1991-05-07,"Cannery","5",400,"Joey Picuri","Warren Russell-Smith","Cassette","1991 Spring USA Tour","Nashville","TN","USA",1991,1,-86.780505,36.1530527,"Good",4090
"nelson-new-zealand-62997","FLS0831",1997-06-29,"Nelson Arts Centre",NA,967.5,"Nick Pellicciotto","Warren Russell-Smith","DAT","1997 Summer Australia/New Zealand Tour","Nelson",NA,"New Zealand",1997,1,173.286512,-41.2765603,"Very Good",4601
"neuhausen-auf-den-fildern-germany-62392","FLS0474",1992-06-23,"Egelseehalle",NA,1000,"Joey Picuri","Warren Russell-Smith","Cassette","1992 Spring European Tour","Neuhausen auf den Fildern","","Germany",1992,1,9.282028,48.6734944,"Good",4947
"new-brunswick-nj-usa-92589","FLS0138",1989-09-25,"Rutgers University","$5",450,NA,NA,NA,"1989 Fall Canada/NE Tour","New Brunswick","NJ","USA",1989,1,-74.449036,40.5043304,NA,NA
"new-haven-ct-usa-41392","FLS0430",1992-04-13,"Rockbar","5",600,"ANON","Warren Russell-Smith",NA,"1992 Spring East Coast Tour","New Haven","CT","USA",1992,1,-72.925585,41.3051629,"Good",4570
"new-orleans-la-usa-32190","FLS0192",1990-03-21,"Storyville","$5",300,"Joey Picuri","Warren Russell-Smith","Cassette","1990 Spring Southern USA Tour","New Orleans","LA","USA",1990,1,-90.073379,29.9574247,"Good",4902
"new-orleans-la-usa-32702","FLS1018",2002-03-27,"Tipitina's","6",1000,"Nick Pellicciotto","Fugazi","CD","2002 Spring Southern USA/Texas Tour","New Orleans","LA","USA",2002,1,-90.100766,29.9172719,"Very Good",5676
"new-orleans-la-usa-40596","FLS0781",1996-04-05,"Tipitina's","5",1100,"Nick Pellicciotto",NA,"DAT","1996 Southern USA Tour","New Orleans","LA","USA",1996,1,-90.100766,29.9172719,"Very Good",4518
"new-orleans-la-usa-40993","FLS0515",1993-04-09,"New Orleans Music Hall","5",1400,"Joey Picuri","Jerry Busher","DAT","1993 Spring USA Tour","New Orleans","LA","USA",1993,1,-90.066092,29.9426915,"Very Good",5188
"new-york-city-ny-usa-120399","FLS0954",1999-12-03,"Roxy","5",2500,"Nick Pellicciotto","Warren Russell-Smith","DAT","1999 Fall/Winter Southern USA Tour","New York","NY","USA",1999,1,-74.004909,40.7194085,"Very Good",5216
"new-york-city-ny-usa-40395","FLS0643",1995-04-03,"Irving Plaza","6",1100,"Joey Picuri","Jerry Busher","Cassette","1995 USA East Coast Tour","New York","NY","USA",1995,1,-73.98844,40.7348818,"Very Good",4470
"new-york-city-ny-usa-40495","FLS0644",1995-04-04,"Irving Plaza","6",1100,"Joey Picuri","Warren Russell-Smith","Cassette","1995 USA East Coast Tour","New York","NY","USA",1995,1,-73.98844,40.7348818,"Good",5303
"new-york-city-ny-usa-40595","FLS0645",1995-04-05,"Irving Plaza","6",1100,"Joey Picuri","Warren Russell-Smith","DAT","1995 USA East Coast Tour","New York","NY","USA",1995,1,-73.98844,40.7348818,"Very Good",5049
"new-york-city-ny-usa-50197","FLS0813",1997-05-01,"Palladium","5",3000,"John Fazio",NA,"Cassette","1997 East Coast USA Tour","New York","NY","USA",1997,1,-73.987335,40.7507356,"Good",6202
"new-york-city-ny-usa-50297","FLS0814",1997-05-02,"NYU Loeb Center","5",1000,"Nick Pellicciotto","Fugazi","DAT","1997 East Coast USA Tour","New York","NY","USA",1997,1,-73.997827,40.7299366,"Very Good",6615
"new-york-city-ny-usa-92493","FLS0593",1993-09-24,"Roseland Ballroom","5",3500,"Joey Picuri","Warren Russell-Smith","DAT","1993 Fall USA/Canada Tour","New York","NY","USA",1993,1,-73.983933,40.7632592,"Very Good",4163
"new-york-city-ny-usa-92593","FLS0594",1993-09-25,"Roseland Ballroom","5",3500,"Joey Picuri","Jerry Busher","DAT","1993 Fall USA/Canada Tour","New York","NY","USA",1993,1,-73.983933,40.7632592,"Very Good",5499
"new-york-ny-usa-100989","FLS0149",1989-10-09,"Barnard College Cafeteria","$4",350,"ANON","Warren Russell-Smith",NA,"1989 Fall Canada/NE Tour","New York","NY","USA",1989,1,-73.96359,40.8095145,"Good",4392
"new-york-ny-usa-30491","FLS0313",1991-03-04,"Marquee","5",1100,"Joey Picuri","Jerry Busher","Cassette","1991 Winter/Spring East Coast USA Tour","New York","NY","USA",1991,1,-74.002805,40.7500995,"Very Good",5286
"new-york-ny-usa-30591","FLS0314",1991-03-05,"Marquee","5",1100,"Joey Picuri","Warren Russell-Smith","Cassette","1991 Winter/Spring East Coast USA Tour","New York","NY","USA",1991,1,-74.002805,40.7500995,"Good",4862
"new-york-ny-usa-32588","FLS0016",1988-03-25,"Columbia University","$5",200,NA,NA,NA,"1988 Winter/Spring Regional Dates","New York","NY","USA",1988,1,-73.962572,40.8075355,NA,NA
"new-york-ny-usa-40589","FLS0096",1989-04-05,"NYU Student Union",NA,150,"Jim Spellman","Warren Russell-Smith","VHS audio","1989 Spring USA Tour","New York","NY","USA",1989,1,-73.997859,40.7299045,"Good",2692
"new-york-ny-usa-40892","FLS0425",1992-04-08,"Ritz","5",3000,NA,NA,NA,"1992 Spring East Coast Tour","New York","NY","USA",1992,1,-73.975999,40.7652719,NA,NA
"new-york-ny-usa-42091","FLS0328",1991-04-20,"Columbia University","Free",1000,"Joey Picuri","Warren Russell-Smith","Cassette","1991 Spring Regional Dates","New York","NY","USA",1991,1,-73.962572,40.8075355,"Very Good",5178
"newark-de-usa-41495","FLS0653",1995-04-14,"University of Delaware Carpenter Hall","5",1300,"Joey Picuri","Warren Russell-Smith","Cassette","1995 USA East Coast Tour","Newark","DE","USA",1995,1,-75.752259,39.6843533,"Poor",3707
"newcastle-australia-111696","FLS0811",1996-11-16,"Cambridge Hotel",NA,550,"Nick Pellicciotto","Warren Russell-Smith","DAT","1996 US/Japan/Hong Kong/Australia Tour","Newcastle","NSW","Australia",1996,1,151.7577,-32.9248321,"Very Good",4922
"newcastle-australia-112493","FLS0614",1993-11-24,"Morrow Park Bowls Club",NA,450,"Joey Picuri","Jerry Busher","Cassette","1993 Japan/Australia/New Zealand Tour","Newcastle","NSW","Australia",1993,1,151.754838,-32.9221783,"Very Good",4826
"newcastle-england-112689","FLS0164",1989-11-26,"Riverside","3.50 Pounds",500,"ANON","Warren Russell-Smith",NA,"1989 Fall European Tour","Newcastle-Upon-Tyne",NA,"England",1989,1,-1.605,54.9717,"Good",2867
"newcastle-england-50299","FLS0912",1999-05-02,"Riverside","6(pounds)",450,"Joey Picuri","Warren Russell-Smith","DAT","1999 Spring UK/Ireland Tour","Newcastle-Upon-Tyne",NA,"England",1999,1,-1.605,54.9717,"Very Good",5859
"newcastle-england-51592","FLS0442",1992-05-15,"Riverside","3-5Pounds",720,"Joey Picuri","Warren Russell-Smith","Cassette","1992 Spring European Tour","Newcastle-Upon-Tyne",NA,"England",1992,1,-1.605,54.9717,"Very Good",4699
"newcastle-england-91490","FLS0256",1990-09-14,"Riverside",NA,600,"Joey Picuri","Jerry Busher","Cassette","1990 Fall European Tour","Newcastle-Upon-Tyne","","England",1990,1,-1.605,54.9717,"Good",4523
"newport-wales-112888","FLS0085",1988-11-28,"TJ's",NA,198.714285714286,NA,NA,NA,"1988 Fall European Tour","Newport",NA,"Wales",1988,1,-2.991032,51.5908462,NA,NA
"newport-wales-51199","FLS0919",1999-05-11,"TJ's","6(pounds)",600,"Joey Picuri","Warren Russell-Smith","DAT","1999 Spring UK/Ireland Tour","Newport","","Wales",1999,1,-2.991032,51.5908462,"Very Good",5789
"nijmegen-netherlands-110989","FLS0152",1989-11-09,"Doornroosje",NA,452.105263157895,"ANON",NA,"Radio Broadcast","1989 Fall European Tour","Nijmegen","","Netherlands",1989,1,5.853923,51.8443756,"Very Good",5347
"nijmegen-netherlands-70595","FLS0707",1995-07-05,"Doornroosje",NA,450,"Joey Picuri","Jerry Busher","Cassette","1995 Spring/Summer European Tour","Nijmegen","","Netherlands",1995,1,5.853923,51.8443756,"Very Good",4350
"nijmegen-netherlands-71192","FLS0487",1992-07-11,"Doornroosje",NA,500,"Joey Picuri","Jerry Busher","Cassette","1992 Spring European Tour","Nijmegen","","Netherlands",1992,1,5.853923,51.8443756,"Good",6072
"norfolk-va-usa-31996","FLS0766",1996-03-19,"Baitshack","5",1300,"Nick Pellicciotto","Warren Russell-Smith","DAT","1996 Southern USA Tour","Norfolk","VA","USA",1996,1,-76.290166,36.8449089,"Very Good",3497
"normal-il-usa-90193","FLS0573",1993-09-01,"Illinois State University Student Center Ballroom","5",1000,"Joey Picuri","Warren Russell-Smith","DAT","1993 Fall USA/Canada Tour","Normal","IL","USA",1993,1,-88.991881,40.5118535,"Very Good",4934
"norman-ok-usa-41793","FLS0522",1993-04-17,"Hollywood Theater","5",1000,"Joey Picuri","Jerry Busher","DAT","1993 Spring USA Tour","Norman","OK","USA",1993,1,-97.46829,35.2031634,"Very Good",5373
"northampton-ma-usa-41490","FLS0197",1990-04-14,"Pearl Street Ballroom","$5",800,"Joey Picuri","Warren Russell-Smith","Cassette","1990 Spring NE USA Tour","Northampton","MA","USA",1990,1,-72.627437,42.318779,"Very Good",5019
"northampton-ma-usa-92295","FLS0716",1995-09-22,"Pearl Street Ballroom","5",750,"Joey Picuri","Jerry Busher","DAT","1995 Fall USA/Canada Tour","Northampton","MA","USA",1995,1,-72.627437,42.318779,"Good",4449
"norwalk-ct-usa-100789","FLS0147",1989-10-07,"Anthrax","$5",400,NA,NA,NA,"1989 Fall Canada/NE Tour","Norwalk","CT","USA",1989,1,-73.42862,41.1358373,NA,NA
"norwalk-ct-usa-120587","FLS0010",1987-12-05,"Anthrax","$5",100,"ANON","Warren Russell-Smith","Cassette","1987 Fall/Winter Regional Dates","Norwalk","CT","USA",1987,1,-73.42862,41.1358373,"Good",2786
"norwalk-ct-usa-40789","FLS0098",1989-04-07,"Anthrax","$5",400,"ANON","Warren Russell-Smith",NA,"1989 Spring USA Tour","Norwalk","CT","USA",1989,1,-73.42862,41.1358373,"Good",2730
"norwich-england-50792","FLS0436",1992-05-07,"Waterfront","3-5Pounds",500,"Joey Picuri","Warren Russell Smith","Cassette","1992 Spring European Tour","Norwich",NA,"England",1992,1,1.30273,52.6246654,"Excellent",4488
"nottingham-england-102302","FLS1035",2002-10-23,"Rock City",NA,1618.75,"Nick Pellicciotto","Warren Russell-Smith","DAT","2002 Fall UK/Ireland Tour","Nottingham",NA,"England",2002,1,-1.153977,52.9561115,"Very Good",5332
"nottingham-england-112189","FLS0159",1989-11-21,"Marcus Garvey Centre","3.50 Pounds",700,NA,NA,NA,"1989 Fall European Tour","Nottingham",NA,"England",1989,1,-1.175891,52.95305,NA,NA
"nottingham-england-112788","FLS0084",1988-11-27,"Underground Hic",NA,198.714285714286,NA,NA,NA,"1988 Fall European Tour","Nottingham",NA,"England",1988,1,-1.14344,52.953373,NA,NA
"nottingham-england-50892","FLS0437",1992-05-08,"Nottingham Polytechnic","3-5Pounds",950,"Joey Picuri","Warren Russell-Smith","Cassette","1992 Spring European Tour","Nottingham","","England",1992,1,-1.15429,52.9584506,"Very Good",4619
"nottingham-england-51295","FLS0661",1995-05-12,"Trent University",NA,630,"Joey Picuri","Warren Russell-Smith","Cassette","1995 Spring/Summer European Tour","Nottingham","","England",1995,1,-1.15429,52.9584506,"Very Good",5147
"nottingham-england-51399","FLS0921",1999-05-13,"Marcus Garvey Centre","6(pounds)",778,"Joey Picuri","Warren Russell-Smith","DAT","1999 Spring UK/Ireland Tour","Nottingham","","England",1999,1,-1.175891,52.95305,"Very Good",5439
"nottingham-england-91390","FLS0255",1990-09-13,"Marcus Garvey Centre",NA,700,"Joey Picuri","Warren Russell-Smith","Cassette","1990 Fall European Tour","Nottingham","","England",1990,1,-1.175891,52.95305,"Good",4157
"nuremberg-germany-62292","FLS0473",1992-06-22,"Komm",NA,700,"Joey Picuri","Warren Russell-Smith","Cassette","1992 Spring European Tour","Nuremberg","","Germany",1992,1,11.08162,49.4480703,"Good",4187
"nuremberg-germany-92499","FLS0931",1999-09-24,"Z-Bau",NA,918,"Nick Pellicciotto","Warren Russell-Smith","DAT","1999 Fall European Tour","Nuremberg","","Germany",1999,1,11.094816,49.430124,"Very Good",6073
"oakland-ca-usa-83191","FLS0389",1991-08-31,"Scottish Rites Temple","5",1800,"Joey Picuri","Jerry Busher","Cassette","1991 Summer/Fall USA/Canada Tour","Oakland","CA","USA",1991,1,-122.26211,37.8029948,"Good",3996
"oberhausen-germany-101090","FLS0279",1990-10-10,"Music Circus","12 DM",1500,"Joey Picuri","Warren Russell-Smith","Cassette","1990 Fall European Tour","Oberhausen","","Germany",1990,1,6.84713,51.493526,"Good",4643
"oberlin-oh-usa-50588","FLS0024",1988-05-05,"Oberlin University Student Union Tavern",NA,50,NA,NA,NA,"1988 Spring USA Tour","Oberlin","OH","USA",1988,1,-82.22108,41.2958696,NA,NA
"okayama-japan-102296","FLS0795",1996-10-22,"Pepperland",NA,90,"Nick Pellicciotto","Warren Russell-Smith","DAT","1996 US/Japan/Hong Kong/Australia Tour","Okayama",NA,"Japan",1996,1,133.91992,34.684317,"Excellent",4001
"oklahoma-city-ok-usa-111998","FLS0879",1998-11-19,"Will Rogers Hall","6",850,"Joey Picuri","Warren Russell-Smith","DAT","1998 Fall Mid-West USA Tour","Oklahoma City","OK","USA",1998,1,-97.529645,35.5153769,"Good",5137
"oklahoma-city-ok-usa-112095","FLS0763",1995-11-20,"Diamond Ballroom","5",1200,"Joey Picuri","Warren Russell-Smith","DAT","1995 Fall USA/Canada Tour","Oklahoma City","OK","USA",1995,1,-97.478456,35.3862678,"Very Good",4328
"olathe-ks-usa-111898","FLS0878",1998-11-18,"Gee Coffee","6",750,"Joey Picuri","Fugazi","DAT","1998 Fall Mid-West USA Tour","Olathe","KS","USA",1998,1,-94.81719,38.878936,"Very Good",5093
"olympia-wa-usa-102995","FLS0746",1995-10-29,"Capitol Theater","5",1000,"Joey Picuri","Warren Russell-Smith","DAT","1995 Fall USA/Canada Tour","Olympia","WA","USA",1995,1,-122.89985,47.044336,"Very Good",5657
"olympia-wa-usa-22799","FLS0899",1999-02-27,"Capitol Theater","6",1200,"Nick Pellicciotto","Warren Russell-Smith","DAT","1999 West Coast USA Tour","Olympia","WA","USA",1999,1,-122.89985,47.044336,"Very Good",4988
"olympia-wa-usa-50893","FLS0540",1993-05-08,"Capitol Theater","5",1200,"Joey Picuri","Warren Russell-Smith","DAT","1993 Spring USA Tour","Olympia","WA","USA",1993,1,-122.89985,47.044336,"Very Good",5527
"olympia-wa-usa-51688","FLS0031",1988-05-16,"Evergreen University",NA,75,"Unknown","Jerry Busher","Cassette","1988 Spring USA Tour","Olympia","WA","USA",1988,1,-122.973994,47.0730714,"Good",3622
"olympia-wa-usa-52689","FLS0116",1989-05-26,"Rignall Hall","$5",300,NA,NA,NA,"1989 Spring USA Tour","Olympia","WA","USA",1989,1,-122.944584,47.1496873,NA,NA
"olympia-wa-usa-60290","FLS0221",1990-06-02,"Chambers Grange Hall","5",400,"Joey Picuri","Warren Russell-Smith","Cassette","1990 Spring/Summer USA Tour","Olympia","WA","USA",1990,1,-122.881162,47.0032967,"Good",3965
"olympia-wa-usa-82591","FLS0385",1991-08-25,"Capitol Theater","5",800,"Joey Picuri","Warren Russell-Smith","Cassette","1991 Summer/Fall USA/Canada Tour","Olympia","WA","USA",1991,1,-122.89985,47.044336,"Good",4540
"omaha-ne-usa-111798","FLS0877",1998-11-17,"Sokol Hall","6",1200,"Joey Picuri","Warren Russell-Smith","DAT","1998 Fall Mid-West USA Tour","Omaha","NE","USA",1998,1,-95.933788,41.238464,"Very Good",4795
"omaha-ne-usa-52193","FLS0547",1993-05-21,"Peony Park Royal Grove","5",2800,"Joey Picuri","Warren Russell-Smith","DAT","1993 Spring USA Tour","Omaha","NE","USA",1993,1,-96.039304,41.2641952,"Very Good",5123
"omaha-ne-usa-60389","FLS0119",1989-06-03,"Radial Social Hall","$5",350,NA,NA,NA,"1989 Spring USA Tour","Omaha","NE","USA",1989,1,-95.983958,41.2737913,NA,NA
"omaha-ne-usa-61090","FLS0225",1990-06-10,"Sokol Hall","5",800,"Joey Picuri","Warren Russell-Smith","Cassette","1990 Spring/Summer USA Tour","Omaha","NE","USA",1990,1,-95.933788,41.238464,"Good",5113
"orlando-fl-usa-11600","FLS0966",2000-01-16,"Firestone","6",1650,"Nick Pellicciotto","Warren Russell-Smith","DAT","2000 Winter Southern USA Tour","Orlando","FL","USA",2000,1,-81.380093,28.5497139,"Excellent",5445
"orlando-fl-usa-21393","FLS0500",1993-02-13,"Edge","5",1600,"Joey Picuri","Jerry Busher","DAT","1993 Winter Southern USA Tour","Orlando","FL","USA",1993,1,-81.381113,28.5469645,"Very Good",4473
"orlando-fl-usa-31790","FLS0189",1990-03-17,"Beacham Theater","$5",985,"Joey Picuri","Warren Russell-Smith","Cassette","1990 Spring Southern USA Tour","Orlando","FL","USA",1990,1,-81.37937,28.542972,"Good",3872
"orlando-fl-usa-40196","FLS0778",1996-04-01,"Firestone","5",1600,"Nick Pellicciotto","Warren Russell-Smith","DAT","1996 Southern USA Tour","Orlando","FL","USA",1996,1,-81.380093,28.5497139,"Good",4063
"orlando-fl-usa-51791","FLS0343",1991-05-17,"Beacham Theater","5",1400,"Joey Picuri","Warren Russell-Smith","Cassette","1991 Spring USA Tour","Orlando","FL","USA",1991,1,-81.37937,28.542972,"Good",4326
"osaka-japan-102396","FLS0796",1996-10-23,"Sun Hall",NA,280,"Nick Pellicciotto","Warren Russell-Smith","DAT","1996 US/Japan/Hong Kong/Australia Tour","Osaka",NA,"Japan",1996,1,135.480857,34.6709861,"Very Good",3531
"osaka-japan-103193","FLS0599",1993-10-31,"AM Hall","3500 yen",190,"Joey Picuri","Warren Russell-Smith","DAT","1993 Japan/Australia/New Zealand Tour","Osaka",NA,"Japan",1993,1,135.499561,34.7012144,"Good",5413
"osaka-japan-111491","FLS0415",1991-11-14,"Sun Hall",NA,200,"Joey Picuri","Warren Russell-Smith","Cassette","1991 Australia/New Zealand/Japan Tour","Osaka",NA,"Japan",1991,1,135.480857,34.6709861,"Very Good",4445
"oslo-norway-100200","FLS0975",2000-10-02,"Rockefeller Music Hall",NA,650,"Nick Pellicciotto","Warren Russell-Smith","DAT","2000 Fall Northern European Tour","Oslo","","Norway",2000,1,10.750869,59.916054,"Excellent",6467
"oslo-norway-102588","FLS0060",1988-10-25,"Blitz",NA,198.714285714286,"ANON",NA,"Cassette","1988 Fall European Tour","Oslo",NA,"Norway",1988,1,10.737378,59.9185243,"Very Good",995
"oslo-norway-70692","FLS0485",1992-07-06,"Rockefeller Music Hall",NA,1200,"Joey Picuri","Jerry Busher","Cassette","1992 Spring European Tour","Oslo","","Norway",1992,1,10.750869,59.916054,"Good",4811
"oslo-norway-71495","FLS0713",1995-07-14,"Sentrum Scene",NA,950,"Joey Picuri","Warren Russell-Smith","Cassette","1995 Spring/Summer European Tour","Oslo",NA,"Norway",1995,1,10.751361,59.9155143,"Very Good",4785
"oslo-norway-92890","FLS0268",1990-09-28,"Blitz","35 N Kroner",500,"Joey Picuri","Warren Russell-Smith","Cassette","1990 Fall European Tour","Oslo","","Norway",1990,1,10.737378,59.9185243,"Good",4201
"osnabruck-germany-62992","FLS0479",1992-06-29,"Hyde Park",NA,1300,"Joey Picuri","Warren Russell-Smith","Cassette","1992 Spring European Tour","Osnabruck",NA,"Germany",1992,1,8.015637,52.3111916,"Good",5168
"ottawa-on-canada-72098","FLS0864",1998-07-20,"Barrymore's","10(can)",625,"Joey Picuri","Warren Russell-Smith","DAT","1998 Summer Canada/USA Tour","Ottawa","ON","Canada",1998,1,-75.695363,45.4143921,"Very Good",5246
"ottawa-on-canada-80391","FLS0371",1991-08-03,"Barrymore's","6 (ca)",500,"Joey Picuri","Warren Russell-Smith","Cassette","1991 Summer/Fall USA/Canada Tour","Ottawa","ON","Canada",1991,1,-75.695363,45.4143921,"Good",4542
"ottawa-on-canada-92695","FLS0719",1995-09-26,"Carleton University Porter Hall","7(can)",850,"Joey Picuri","Warren Russell-Smith","DAT","1995 Fall USA/Canada Tour","Ottawa","ON","Canada",1995,1,-75.697849,45.3840001,"Very Good",5160
"ottawa-on-canada-92989","FLS0140",1989-09-29,"Glebe Community Center","$6cn",350,NA,NA,NA,"1989 Fall Canada/NE Tour","Ottawa","ON","Canada",1989,1,-75.69152,45.402192,NA,NA
"ottawa-ont-canada-91193","FLS0582",1993-09-11,"Carleton University Porter Hall","6 (canadian)",1100,"Joey Picuri","Warren Russell-Smith","DAT","1993 Fall USA/Canada Tour","Ottawa","ON","Canada",1993,1,-75.697849,45.3840001,"Very Good",4751
"ottobrunn-germany-110988","FLS0072",1988-11-09,"Juz Einsteinstr.",NA,198.714285714286,NA,NA,NA,"1988 Fall European Tour","Ottobrunn",NA,"Germany",1988,1,11.65971,48.05477,NA,NA
"oviedo-spain-52895","FLS0675",1995-05-28,"Sala Antiquo",NA,500,"Joey Picuri","Warren Russell-Smith","Cassette","1995 Spring/Summer European Tour","Oviedo","","Spain",1995,1,-5.843888,43.3605556,"Poor",4408
"oxford-ms-usa-41096","FLS0784",1996-04-10,"Lafayettes","5",600,"Nick Pellicciotto","Warren Russell-Smith","DAT","1996 Southern USA Tour","Oxford","MS","USA",1996,1,-89.52028,34.3667624,"Good",5028
"padova-italy-60992","FLS0462",1992-06-09,"C.S.O Pedro",NA,2000,"Joey Picuri","Warren Russell-Smith","Cassette","1992 Spring European Tour","Padova","","Italy",1992,1,11.870893,45.4238226,"Good",4202
"padova-italy-61395","FLS0687",1995-06-13,"C.S.O Pedro",NA,2500,"Tom Korbler","Warren Russell-Smith","Cassette","1995 Spring/Summer European Tour","Padova","","Italy",1995,1,11.870893,45.4238226,"Very Good",5250
"palo-alto-ca-usa-22199","FLS0894",1999-02-21,"Edge","6",1000,"Nick Pellicciotto","Warren Russell-Smith","DAT","1999 West Coast USA Tour","Palo Alto","CA","USA",1999,1,-122.14395,37.4280097,"Excellent",4854
"paris-france-101499","FLS0949",1999-10-14,"Le Cafe De la Danse",NA,700,"Nick Pellicciotto","Warren Russell-Smith","DAT","1999 Fall European Tour","Paris","","France",1999,1,2.372902,48.8540691,"Very Good",7132
"paris-france-110590","FLS0302",1990-11-05,"Espace Ornano","50FR",500,"Joey Picuri","Warren Russell-Smith","Cassette","1990 Fall European Tour","Paris","","France",1990,1,2.343572,48.8966815,"Good",5283
"paris-france-112288","FLS0081",1988-11-22,"Club Gibus",NA,198.714285714286,"Phillipe Roger",NA,"VHS","1988 Fall European Tour","Paris",NA,"France",1988,1,2.36632,48.86824,"Good",4561
"paris-france-121189","FLS0176",1989-12-11,"Forum de Grenelle",NA,452.105263157895,"Phillipe Roger",NA,"VHS","1989 Fall European Tour","Paris","","France",1989,1,2.29865,48.8471066,"Good",4683
"paris-france-52295","FLS0670",1995-05-22,"Elysee Montmartre",NA,1279.99130434783,"Joey Picuri","Jerry Busher","Cassette","1995 Spring/Summer European Tour","Paris","","France",1995,1,2.343636,48.8830347,"Good",5906
"paris-france-52792","FLS0451",1992-05-27,"Elysee Montmartre",NA,1300,"Joey Picuri","Warren Russell-Smith","Cassette","1992 Spring European Tour","Paris","","France",1992,1,2.343636,48.8830347,"Very Good",5064
"pensacola-fl-usa-31990","FLS0190",1990-03-19,"Nite Owl","$5",275,"Joey Picuri","Warren Russell-Smith","Cassette","1990 Spring Southern USA Tour","Pensacola","FL","USA",1990,1,-87.23178,30.4457275,"Very Good",4619
"pensacola-fl-usa-52091","FLS0345",1991-05-20,"Nite Owl","5",650,"Joey Picuri","Warren Russell-Smith","Cassette","1991 Spring USA Tour","Pensacola","FL","USA",1991,1,-87.23178,30.4457275,"Poor",4388
"peoria-il-usa-100995","FLS0731",1995-10-09,"Expo Gardens","5",780,"Joey Picuri","Fugazi","DAT","1995 Fall USA/Canada Tour","Peoria","IL","USA",1995,1,-89.6191,40.765357,"Very Good",5402
"perth-australia-111093","FLS0605",1993-11-10,"Club O",NA,800,NA,NA,NA,"1993 Japan/Australia/New Zealand Tour","Perth","WA","Australia",1993,1,115.86832,-31.9573625,NA,NA
"perth-australia-111096","FLS0807",1996-11-10,"Univ. of West Australia",NA,913.244444444444,"Nick Pellicciotto","Warren Russell-Smith","DAT","1996 US/Japan/Hong Kong/Australia Tour","Perth","WA","Australia",1996,1,115.818651,-31.9780548,"Very Good",4132
"petaluma-ca-usa-83091","FLS0388",1991-08-30,"Phoenix Theater","5",750,"Joey Picuri","Warren Russell-Smith","Cassette","1991 Summer/Fall USA/Canada Tour","Petaluma","CA","USA",1991,1,-122.643066,38.2348794,"Good",4040
"philadelphia-pa-usa-120499","FLS0955",1999-12-04,"Electric Factory","6",3000,"Nick Pellicciotto",NA,"DAT","1999 Fall/Winter Southern USA Tour","Philadelphia","PA","USA",1999,1,-75.150209,39.9588648,"Excellent",3600
"philadelphia-pa-usa-30291","FLS0311",1991-03-02,"Drexel University","5",1800,"Joey Picuri","Warren Russell-Smith","Cassette","1991 Winter/Spring East Coast USA Tour","Philadelphia","PA","USA",1991,1,-75.192566,39.9557137,"Good",4469
"philadelphia-pa-usa-40195","FLS0641",1995-04-01,"Trocadero","5",1200,"Joey Picuri","Warren Russell-Smith","Cassette","1995 USA East Coast Tour","Philadelphia","PA","USA",1995,1,-75.156533,39.9537103,"Excellent",4961
"philadelphia-pa-usa-40295","FLS0642",1995-04-02,"Trocadero","5",1200,"Joey Picuri","Warren Russell-Smith","Cassette","1995 USA East Coast Tour","Philadelphia","PA","USA",1995,1,-75.156533,39.9537103,"Very Good",4976
"philadelphia-pa-usa-40692","FLS0423",1992-04-06,"Trocadero","5",1200,"Joey Picuri","Warren Russell-Smith","Cassette","1992 Spring East Coast Tour","Philadelphia","PA","USA",1992,1,-75.156533,39.9537103,"Very Good",5069
"philadelphia-pa-usa-50397","FLS0815",1997-05-03,"Electric Factory","6",2900,"Nick Pellicciotto","Warren Russell-Smith","DAT","1997 East Coast USA Tour","Philadelphia","PA","USA",1997,1,-75.150209,39.9588648,"Good",5299
"philadelphia-pa-usa-80788","FLS0050",1988-08-07,"Frankford YWCA","$5",100,"Unknown","Fugazi","Cassette","1988 Summer/Fall Regional Dates","Philadelphia","PA","USA",1988,1,-75.0867,40.0184468,"Poor",1398
"philadelphia-pa-usa-92389","FLS0136",1989-09-23,"Drexel University","$5",850,"ANON",NA,"Cassette","1989 Fall Canada/NE Tour","Philadelphia","PA","USA",1989,1,-75.192566,39.9557137,"Good",3981
"philadelphia-pa-usa-92793","FLS0596",1993-09-27,"Trocadero","5",1200,"Joey Picuri","Warren Russell-Smith","DAT","1993 Fall USA/Canada Tour","Philadelphia","PA","USA",1993,1,-75.156533,39.9537103,"Very Good",4920
"philadelphia-pa-usa-92893","FLS0597",1993-09-28,"Trocadero","5",1200,"Joey Picuri","Warren Russell-Smith","DAT","1993 Fall USA/Canada Tour","Philadelphia","PA","USA",1993,1,-75.156533,39.9537103,"Very Good",5081
"phoenix-az-usa-111195","FLS0756",1995-11-11,"Party Gardens","6",2500,"Joey Picuri","Fugazi","DAT","1995 Fall USA/Canada Tour","Phoenix","AZ","USA",1995,1,-111.963322,33.4510218,"Very Good",4843
"phoenix-az-usa-41201","FLS0988",2001-04-12,"Celebrity Theater","6",2600,"Nick Pellicciotto","Warren Russell-Smith","DAT","2001 Spring Western USA Tour","Phoenix","AZ","USA",2001,1,-112.01478,33.4544264,"Very Good",6866
"phoenix-az-usa-51290","FLS0208",1990-05-12,"U.A. Local Pipefitter's Hall","5",700,"Joey Picuri","Jerry Busher","Cassette","1990 Spring/Summer USA Tour","Phoenix","AZ","USA",1990,1,-112.03006,33.4844125,"Good",4901
"phoenix-az-usa-51689","FLS0112",1989-05-16,"Time Out of Mind","$4",140,"Paul Valdez","Warren Russell-Smith","VHS audio","1989 Spring USA Tour","Phoenix","AZ","USA",1989,1,-112.001117,33.4091739,"Good",2314
"phoenix-az-usa-90991","FLS0396",1991-09-09,"Silver Dollar","5",1160,"Joey Picuri","Warren Russell-Smith","Cassette","1991 Summer/Fall USA/Canada Tour","Phoenix","AZ","USA",1991,1,-112.025914,33.4462876,"Very Good",4770
"pila-poland-100490","FLS0273",1990-10-04,"Sports Gym",NA,700,"Joey Picuri","Warren Russell-Smith","Cassette","1990 Fall European Tour","Pila","","Poland",1990,1,16.754459,53.1543898,"Good",4185
"piracicaba-brazil-80597","FLS0834",1997-08-05,"Blue Galeria",NA,450,"Nick Pellicciotto","Warren Russell-Smith","DAT","1997 Summer Brazil/S. America Tour","Piracicaba","","Brazil",1997,1,-47.6389,-22.73377,"Poor",4768
"pisa-italy-102890","FLS0295",1990-10-28,"Macchia Nera","6000 Lira",600,"Joey Picuri","Warren Russell-Smith","Cassette","1990 Fall European Tour","Pisa","","Italy",1990,1,10.418156,43.7062561,"Very Good",4729
"pisa-italy-111888","FLS0078",1988-11-18,"Social Center",NA,198.714285714286,NA,NA,NA,"1988 Fall European Tour","Pisa",NA,"Italy",1988,1,10.418156,43.7062561,NA,NA
"pisa-italy-60692","FLS0459",1992-06-06,"Macchia Nera",NA,850,"Joey Picuri","Warren Russell-Smith","Cassette","1992 Spring European Tour","Pisa","","Italy",1992,1,10.418156,43.7062561,"Good",3876
"pittsburgh-pa-usa-42101","FLS0996",2001-04-21,"Carnegie Mellon University","Free",2000,"Nick Pellicciotto","Jerry Busher","DAT","2001 Spring Western USA Tour","Pittsburgh","PA","USA",2001,1,-79.942873,40.4418627,"Very Good",4411
"pittsburgh-pa-usa-50298","FLS0850",1998-05-02,"Carnegie Mellon University","6",1300,"Nick Pellicciotto","Warren Russell-Smith","DAT","1998 Spring USA Tour","Pittsburgh","PA","USA",1998,1,-79.942873,40.4418627,"Very Good",4823
"pittsburgh-pa-usa-61491","FLS0366",1991-06-14,"Metropol","5",1350,"Joey Picuri","Warren Russell-Smith","Cassette","1991 Spring USA Tour","Pittsburgh","PA","USA",1991,1,-79.98741,40.4494862,"Good",4686
"pittsburgh-pa-usa-61689","FLS0130",1989-06-16,"Sonic Temple","$5",200,"ANON","Warren Russell-Smith",NA,"1989 Spring USA Tour","Pittsburgh","PA","USA",1989,1,-79.883464,40.441639,"Good",3557
"pittsburgh-pa-usa-62990","FLS0242",1990-06-29,"Upstage Lounge","5",500,"Joey Picuri",NA,"Cassette","1990 Spring/Summer USA Tour","Pittsburgh","PA","USA",1990,1,-79.86474,40.401621,"Good",4539
"pittsburgh-pa-usa-82093","FLS0564",1993-08-20,"Metropol","5",1300,"Joey Picuri","Warren Russell-Smith","DAT","1993 Fall USA/Canada Tour","Pittsburgh","PA","USA",1993,1,-79.98741,40.4494862,"Good",4743
"pittsburgh-pa-usa-92995","FLS0722",1995-09-29,"Metropol","5",1300,"Joey Picuri","Warren Russell-Smith","DAT","1995 Fall USA/Canada Tour","Pittsburgh","PA","USA",1995,1,-79.98741,40.4494862,"Very Good",4566
"poitiers-france-101299","FLS0947",1999-10-12,"Le Confort Moderne",NA,650,NA,NA,NA,"1999 Fall European Tour","Poitiers","","France",1999,1,0.35974,46.5727463,NA,NA
"poitiers-france-110390","FLS0300",1990-11-03,"Le Confort Moderne","40FR",500,"Joey Picuri","Warren Russell-Smith","Cassette","1990 Fall European Tour","Poitiers","","France",1990,1,0.35974,46.5727463,"Very Good",5862
"poitiers-france-52495","FLS0671",1995-05-24,"Le Confort Moderne",NA,1279.99130434783,"Joey Picuri","Warren Russell-Smith","Cassette","1995 Spring/Summer European Tour","Poitiers","","France",1995,1,0.35974,46.5727463,"Very Good",5578
"poitiers-france-52892","FLS0452",1992-05-28,"La Blaiserie",NA,700,"Joey Picuri","Jerry Busher","DAT","1992 Spring European Tour","Poitiers","","France",1992,1,0.321234,46.5921071,"Very Good",4978
"pomona-ca-usa-30799","FLS0906",1999-03-07,"Glasshouse","6",1000,"Nick Pellicciotto","Warren Russell-Smith","DAT","1999 West Coast USA Tour","Pomona","CA","USA",1999,1,-117.751493,34.0575371,"Good",4475
"pomona-ca-usa-52288","FLS0033",1988-05-22,"Elks Lodge",NA,198.714285714286,"ANON","Warren Russell-Smith","Cassette","1988 Spring USA Tour","Pomona","CA","USA",1988,1,-117.738,34.062,"Good",2803
"pontiac-mi-usa-90493","FLS0576",1993-09-04,"Phoenix Plaza Ampitheater","5",5000,"Joey Picuri","Jerry Busher","DAT","1993 Fall USA/Canada Tour","Pontiac","MI","USA",1993,1,-83.29037,42.635682,"Very Good",4560
"portland-me-usa-31591","FLS0322",1991-03-15,"Zootz","5",400,"Joey Picuri","Warren Russell-Smith","Cassette","1991 Winter/Spring East Coast USA Tour","Portland","ME","USA",1991,1,-70.26327,43.6551839,"Good",4091
"portland-me-usa-40895","FLS0648",1995-04-08,"Sullivan Gym, U. of S. Maine","5",1500,"Joey Picuri","Warren Russell-Smith","Cassette","1995 USA East Coast Tour","Portland","ME","USA",1995,1,-70.275565,43.6635352,"Very Good",4585
"portland-me-usa-41292","FLS0429",1992-04-12,"Father Hayes Gym Bar","5",750,"Joey Picuri","Warren Russell-Smith","Cassette","1992 Spring East Coast Tour","Portland","ME","USA",1992,1,-70.29348,43.6822311,"Very Good",4682
"portland-me-usa-72698","FLS0869",1998-07-27,"Asylum","6",750,"Joey Picuri","Warren Russell-Smith","DAT","1998 Summer Canada/USA Tour","Portland","ME","USA",1998,1,-70.258991,43.6565853,"Good",5032
"portland-me-usa-91493","FLS0585",1993-09-14,"58 Fore St.","5",1100,"Joey Picuri","Warren Russell-Smith","DAT","1993 Fall USA/Canada Tour","Portland","ME","USA",1993,1,-70.243494,43.663166,"Good",4915
"portland-or-usa-110295","FLS0748",1995-11-02,"La Luna","5",1100,"Joey Picuri","Fugazi","DAT","1995 Fall USA/Canada Tour","Portland","OR","USA",1995,1,-122.656561,45.520777,"Very Good",4639
"portland-or-usa-22699","FLS0898",1999-02-26,"Crystal Ballroom","6",1200,"Nick Pellicciotto","Jerry Busher","DAT","1999 West Coast USA Tour","Portland","OR","USA",1999,1,-122.68488,45.5228361,"Very Good",5770
"portland-or-usa-50593","FLS0537",1993-05-05,"Melody Ballroom","5",800,"Joey Picuri",NA,NA,"1993 Spring USA Tour","Portland","OR","USA",1993,1,-122.659444,45.5180556,"Very Good",3789
"portland-or-usa-53190","FLS0219",1990-05-31,"Pine Street Theater","5",580,"Joey Picuri","Jerry Busher","Cassette","1990 Spring/Summer USA Tour","Portland","OR","USA",1990,1,-122.656613,45.5207801,"Good",4716
"portland-or-usa-82791","FLS0387",1991-08-27,"Melody Ballroom","5",850,"Joey Picuri","Warren Russell-Smith","Cassette","1991 Summer/Fall USA/Canada Tour","Portland","OR","USA",1991,1,-122.659444,45.5180556,"Very Good",4613
"portsmouth-england-111589","FLS0155",1989-11-15,"Portsmouth Polytechnic","3.50 Pounds",300,NA,NA,NA,"1989 Fall European Tour","Portsmouth","","England",1989,1,-1.093647,50.7951373,NA,NA
"portsmouth-england-50592","FLS0434",1992-05-05,"Gayety Lounge","3-5Pounds",300,"Joey Picuri","Warren Russell-Smith","Cassette","1992 Spring European Tour","Portsmouth",NA,"England",1992,1,-1.076084,50.778778,"Good",4847
"poughkeepsie-ny-usa-40695","FLS0646",1995-04-06,"Vassar College Walker Fieldhouse","5",1200,"Joey Picuri","Warren Russell-Smith","Cassette","1995 USA East Coast Tour","Poughkeepsie","NY","USA",1995,1,-73.88959,41.6853706,"Very Good",4400
"poughkeepsie-ny-usa-41390","FLS0196",1990-04-13,"Vassar College","$5",600,"Joey Picuri","Warren Russell-Smith","Cassette","1990 Spring NE USA Tour","Poughkeepsie","NY","USA",1990,1,-73.896804,41.6878091,"Good",4548
"poughkeepsie-ny-usa-71698","FLS0860",1998-07-16,"Chance","6",920,"Joey Picuri","Warren Russell-Smith","DAT","1998 Summer Canada/USA Tour","Poughkeepsie","NY","USA",1998,1,-73.924485,41.7027893,"Good",5719
"poznan-poland-62692","FLS0477",1992-06-26,"Eskulap",NA,600,"Joey Picuri","Jerry Busher","Cassette","1992 Spring European Tour","Poznan",NA,"Poland",1992,1,16.889208,52.4058011,"Good",4783
"prague-czech-republic-62995","FLS0701",1995-06-29,"Roxy",NA,1200,"Joey Picuri","Warren Russell-Smith","Cassette","1995 Spring/Summer European Tour","Prague","","Czech Republic",1995,1,14.425842,50.0907223,"Very Good",4586
"prague-czech-republic-92399","FLS0930",1999-09-23,"Lucerna",NA,900,NA,NA,NA,"1999 Fall European Tour","Prague","","Czech Republic",1999,1,14.426394,50.0809028,NA,NA
"prague-czechoslovakia-61392","FLS0465",1992-06-13,"Roxy",NA,1000,"Joey Picuri","Warren Russell-Smith","Cassette","1992 Spring European Tour","Prague",NA,"Czechoslovakia",1992,1,14.42079,50.088,"Very Good",5538
"princeton-nj-usa-40689","FLS0097",1989-04-06,"Princeton University Terrace Food Club",NA,200,"Unknown","Jerry Busher","Cassette","1989 Spring USA Tour","Princeton","NJ","USA",1989,1,-74.653926,40.3471942,"Poor",3465
"providence-ri-usa-100589","FLS0145",1989-10-05,"Living Room","$5",850,"Andrew Rodko",NA,"Cassette","1989 Fall Canada/NE Tour","Providence","RI","USA",1989,1,-71.42069,41.8287258,"Very Good",4953
"providence-ri-usa-120299","FLS0953",1999-12-02,"Lupo's Heartbreak Hotel","6",1900,"Nick Pellicciotto","Warren Russell-Smith","DAT","1999 Fall/Winter Southern USA Tour","Providence","RI","USA",1999,1,-71.41271,41.823015,"Excellent",5509
"providence-ri-usa-31891","FLS0325",1991-03-18,"Church House Inn","5",500,"Joey Picuri","Warren Russell-Smith","Cassette","1991 Winter/Spring East Coast USA Tour","Providence","RI","USA",1991,1,-71.41577,41.8231491,"Good",5050
"providence-ri-usa-41195","FLS0650",1995-04-11,"Lupo's Heartbreak Hotel","5",1600,"Joey Picuri","Warren Russell-Smith","Cassette","1995 USA East Coast Tour","Providence","RI","USA",1995,1,-71.41271,41.823015,"Very Good",5927
"providence-ri-usa-41295","FLS0651",1995-04-12,"Lupo's Heartbreak Hotel","5",1700,"Joey Picuri","Warren Russell-Smith","Cassette","1995 USA East Coast Tour","Providence","RI","USA",1995,1,-71.41271,41.823015,"Very Good",5742
"providence-ri-usa-41788","FLS0021",1988-04-17,"Rocket",NA,100,"ANON","Warren Russell-Smith","VHS audio","1988 Spring USA Tour","Providence","RI","USA",1988,1,-71.411429,41.8202316,"Good",2974
"providence-ri-usa-42190","FLS0199",1990-04-21,"Rhode Island School of Design","$5",400,"Joey Picuri","Jerry Busher","Cassette","1990 Spring NE USA Tour","Providence","RI","USA",1990,1,-71.409295,41.8270817,"Good",3360
"providence-ri-usa-50697","FLS0818",1997-05-06,"Lupo's Heartbreak Hotel","6",1200,"Nick Pellicciotto","Warren Russell-Smith","DAT","1997 East Coast USA Tour","Providence","RI","USA",1997,1,-71.41271,41.823015,"Very Good",5492
"providence-ri-usa-91993","FLS0589",1993-09-19,"Lupo's Heartbreak Hotel","5",700,"Joey Picuri","Warren Russell-Smith","DAT","1993 Fall USA/Canada Tour","Providence","RI","USA",1993,1,-71.41271,41.823015,"Excellent",5355
"quebec-city-qc-canada-72298","FLS0866",1998-07-22,"Centre des Loisirs Saint-Sacrement","7(can)",173,"Joey Picuri","Jerry Busher","DAT","1998 Summer Canada/USA Tour","Quebec City","QC","Canada",1998,1,-71.214,46.812301,"Poor",4846
"quebec-city-qc-canada-92495","FLS0718",1995-09-24,"Cégep Limoilou","7(can)",450,"Joey Picuri","Jerry Busher","DAT","1995 Fall USA/Canada Tour","Quebec City","QC","Canada",1995,1,-71.228303,46.8305332,"Good",4517
"raleigh-nc-usa-11200","FLS0962",2000-01-12,"Ritz","6",1750,"Nick Pellicciotto","Warren Russell-Smith","DAT","2000 Winter Southern USA Tour","Raleigh","NC","USA",2000,1,-78.620543,35.8162802,"Excellent",5353
"raleigh-nc-usa-32302","FLS1015",2002-03-23,"Ritz","6",2400,"Nick Pellicciotto","Warren Russell-Smith","CD","2002 Spring Southern USA/Texas Tour","Raleigh","NC","USA",2002,1,-78.620543,35.8162802,"Excellent",5520
"raliegh-nc-usa-32296","FLS0769",1996-03-22,"Ritz","5",2400,NA,NA,NA,"1996 Southern USA Tour","Raleigh","NC","USA",1996,1,-78.620543,35.8162802,NA,NA
"rapid-city-sd-usa-102095","FLS0740",1995-10-20,"Surbeck City School of Mines and Technology","5",700,"Joey Picuri","Warren Russell-Smith","DAT","1995 Fall USA/Canada Tour","Rapid City","SD","USA",1995,1,-103.208242,44.0757591,"Poor",3615
"regina-sk-canada-63001","FLS1006",2001-06-30,"University of Regina","10 (can)",550,"Joey Picuri","Warren Russell-Smith","DAT","2001 Summer Mid-West/Canada Tour","Regina","SK","Canada",2001,1,-104.58783,50.4154542,"Very Good",5491
"regina-sk-canada-81591","FLS0382",1991-08-15,"College West","6 (ca)",288,"Joey Picuri","Warren Russell-Smith","Cassette","1991 Summer/Fall USA/Canada Tour","Regina","SK","Canada",1991,1,-104.591641,50.4172733,"Good",4420
"rehoboth-beach-de-usa-92993","FLS0598",1993-09-29,"Strand","5",500,"Joey Picuri","Warren Russell-Smith","DAT","1993 Fall USA/Canada Tour","Rehoboth Beach","DE","USA",1993,1,-75.080415,38.7167282,"Very Good",4762
"reno-nv-usa-22399","FLS0896",1999-02-23,"Del Mar Station","6",1000,"Nick Pellicciotto","Warren Russell-Smith","DAT","1999 West Coast USA Tour","Reno","NV","USA",1999,1,-119.80944,39.518131,"Good",5049
"reseda-ca-usa-51690","FLS0210",1990-05-16,"Country Club","6",1000,"Joey Picuri","Jerry Busher","Cassette","1990 Spring/Summer USA Tour","Reseda","CA","USA",1990,1,-118.534517,34.2014757,"Very Good",4930
"reseda-ca-usa-51790","FLS0211",1990-05-17,"Country Club","6",1000,"Joey Picuri","Jerry Busher","Cassette","1990 Spring/Summer USA Tour","Reseda","CA","USA",1990,1,-118.534517,34.2014757,"Very Good",4774
"reykjavik-iceland-42799","FLS0909",1999-04-27,"National Radio Building",NA,400,"Hjortur Suavarsion / RUV","Jerry Busher","DAT","1999 Spring UK/Ireland Tour","Reykjavik","","Iceland",1999,1,-21.892156,64.1254484,"Excellent",5306
"richmond-va-usa-100787","FLS0004",1987-10-07,"New Horizons","$5",50,"Unknown","Warren Russell-Smith","Cassette","1987 Fall/Winter Regional Dates","Richmond","VA","USA",1987,1,-77.451954,37.5512966,"Very Good",2766
"richmond-va-usa-22091","FLS0310",1991-02-20,"Twisters","5",500,"Joey Picuri","Warren Russell-Smith","Cassette","1991 Winter/Spring Regional Dates","Richmond","VA","USA",1991,1,-77.453377,37.5506178,"Very Good",3482
"richmond-va-usa-22193","FLS0507",1993-02-21,"Floodzone","5",900,"Joey Picuri","Jerry Busher","DAT","1993 Winter Southern USA Tour","Richmond","VA","USA",1993,1,-77.42796,37.5324794,"Very Good",5057
"richmond-va-usa-22590","FLS0180",1990-02-25,"Metro","$5",250,"Joey Picuri",NA,"Cassette","1990 Winter/Spring Regional Dates","Richmond","VA","USA",1990,1,-77.449319,37.5496167,NA,4314
"richmond-va-usa-32202","FLS1014",2002-03-22,"University of Richmond Greek Amphitheater","Free",3500,"ANON","Warren Russell-Smith",NA,"2002 Spring Southern USA/Texas Tour","Richmond","VA","USA",2002,1,-77.542774,37.5768992,"Very Good",4710
"richmond-va-usa-41496","FLS0788",1996-04-14,"Virginia Commonwealth University Shafer Court","Free",4000,"Nick Pellicciotto","Warren Russell-Smith","DAT","1996 Southern USA Tour","Richmond","VA","USA",1996,1,-77.452656,37.5481983,"Very Good",1071
"richmond-va-usa-42888","FLS0022",1988-04-28,"New Horizons",NA,150,NA,NA,NA,"1988 Spring USA Tour","Richmond","VA","USA",1988,1,-77.451954,37.5512966,NA,NA
"richmond-va-usa-43089","FLS0102",1989-04-30,"New Horizons","$5",200,NA,NA,NA,"1989 Spring USA Tour","Richmond","VA","USA",1989,1,-77.451954,37.5512966,NA,NA
"richmond-va-usa-51198","FLS0858",1998-05-11,"Floodzone","6",1031.725,"Nick Pellicciotto","Fugazi","DAT","1998 Spring USA Tour","Richmond","VA","USA",1998,1,-77.42796,37.5324794,"Very Good",4114
"riec-sur-belon-france-110490","FLS0301",1990-11-04,"Kergon Forte","40FR",100,"Joey Picuri","Warren Russell-Smith","Cassette","1990 Fall European Tour","Sur Belon","","France",1990,1,-3.70435,47.836169,"Good",4576
"rio-de-janeiro-brazil-81894","FLS0629",1994-08-18,"Circo Voador",NA,200,"Joey Picuri","Warren Russell-Smith","Cassette","1994 Fall Brazil Tour","Rio De Janeiro","","Brazil",1994,1,-43.180355,-22.9129257,"Good",3900
"roanoke-va-usa-41396","FLS0787",1996-04-13,"Alternative","5",900,"Nick Pellicciotto","Warren Russell-Smith","DAT","1996 Southern USA Tour","Roanoke","VA","USA",1996,1,-79.992788,37.284525,"Very Good",3836
"rochester-ny-usa-100289","FLS0143",1989-10-02,"Backstreets","$5",300,NA,NA,NA,"1989 Fall Canada/NE Tour","Rochester","NY","USA",1989,1,-77.59898,43.158301,NA,NA
"rochester-ny-usa-71898","FLS0862",1998-07-18,"Harro East Ballroom","6",1200,"Joey Picuri","Warren Russell-Smith","DAT","1998 Summer Canada/USA Tour","Rochester","NY","USA",1998,1,-77.603756,43.1604263,"Very Good",5225
"rochester-ny-usa-92895","FLS0721",1995-09-28,"Harro East Ballroom","5",1350,"Joey Picuri","Jerry Busher","DAT","1995 Fall USA/Canada Tour","Rochester","NY","USA",1995,1,-77.603756,43.1604263,"Good",5285
"rockford-il-usa-60889","FLS0123",1989-06-08,"VFW Hall","$3.50",200,NA,NA,NA,"1989 Spring USA Tour","Rockford","IL","USA",1989,1,-89.027248,42.3260253,NA,NA
"rockville-md-usa-40988","FLS0018",1988-04-09,"Montgomery College Fine Arts Building","$5",350,"Geoff Sanoff",NA,"VHS audio","1988 Winter/Spring Regional Dates","Rockville","MD","USA",1988,1,-77.15692,39.0978132,"Good",2474
"rome-italy-102790","FLS0294",1990-10-27,"Forte Prenestino",NA,641.56,"ANON","Warren Russell-Smith","Cassette","1990 Fall European Tour","Rome","","Italy",1990,1,12.569043,41.8924223,"Good",4967
"rome-italy-111788","FLS0077",1988-11-17,"Forte Prenestino",NA,198.714285714286,"ANON","Warren Russell-Smith",NA,"1988 Fall European Tour","Rome",NA,"Italy",1988,1,12.569043,41.8924223,"Good",3465
"rome-italy-60792","FLS0460",1992-06-07,"Forte Prenestino",NA,3500,"Joey Picuri","Warren Russell-Smith","Cassette","1992 Spring European Tour","Rome","","Italy",1992,1,12.569043,41.8924223,"Very Good",1785
"rome-italy-62095","FLS0693",1995-06-20,"Forte Prenestino",NA,5000,"Joey Picuri","Jerry Busher","Cassette","1995 Spring/Summer European Tour","Rome",NA,"Italy",1995,1,12.569043,41.8924223,"Very Good",5226
"rome-italy-93099","FLS0936",1999-09-30,"Forte Prenestino",NA,5000,"Nick Pellicciotto","Warren Russell-Smith","DAT","1999 Fall European Tour","Rome","","Italy",1999,1,12.569043,41.8924223,"Very Good",3764
"rotterdam-netherlands-101488","FLS0053",1988-10-14,"Chill Up",NA,198.714285714286,"ANON","Warren Russell-Smith",NA,"1988 Fall European Tour","Rotterdam","","Netherlands",1988,1,4.358807,51.8641148,"Poor",2736
"rotterdam-netherlands-90790","FLS0250",1990-09-07,"Nighttown",NA,641.56,"Joey Picuri","Warren Russell-Smith","Cassette","1990 Fall European Tour","Rotterdam",NA,"Netherlands",1990,1,4.469734,51.9204173,"Good",5079
"sacramento-ca-usa-110495","FLS0749",1995-11-04,"Grind","6",1000,"Joey Picuri","Warren Russell-Smith","DAT","1995 Fall USA/Canada Tour","Sacramento","CA","USA",1995,1,-121.546292,38.5695973,"Good",4783
"sacramento-ca-usa-22499","FLS0897",1999-02-24,"Crest Theater","6",1000,"Nick Pellicciotto","Warren Russell-Smith","DAT","1999 West Coast USA Tour","Sacramento","CA","USA",1999,1,-121.493397,38.5792139,"Very Good",4641
"sacramento-ca-usa-50293","FLS0535",1993-05-02,"Crest Theater","5",1000,"Joey Picuri","Warren Russell-Smith","DAT","1993 Spring USA Tour","Sacramento","CA","USA",1993,1,-121.493397,38.5792139,"Good",5338
"sacramento-ca-usa-90391","FLS0391",1991-09-03,"One Edge Up","5",950,"Joey Picuri","Warren Russell-Smith","Cassette","1991 Summer/Fall USA/Canada Tour","Sacramento","CA","USA",1991,1,-121.487052,38.5772922,"Very Good",4433
"salt-lake-city-ut-usa-102495","FLS0742",1995-10-24,"Fairgrounds Coliseum","6",2000,"Joey Picuri","Jerry Busher","DAT","1995 Fall USA/Canada Tour","Salt Lake City","UT","USA",1995,1,-111.923156,40.7736893,"Good",5114
"salt-lake-city-ut-usa-41401","FLS0990",2001-04-14,"Bricks","6",1500,NA,NA,NA,"2001 Spring Western USA Tour","Salt Lake City","UT","USA",2001,1,-111.907935,40.7647078,NA,NA
"salt-lake-city-ut-usa-51693","FLS0544",1993-05-16,"Utah State Fairpark Coliseum","5",2000,"Joey Picuri","Warren Russell-Smith","DAT","1993 Spring USA Tour","Salt Lake City","UT","USA",1993,1,-111.923156,40.7736893,"Very Good",4563
"salt-lake-city-ut-usa-60189","FLS0118",1989-06-01,"Speedway","$5",350,"Russell Martin",NA,NA,"1989 Spring USA Tour","Salt Lake City","UT","USA",1989,1,-111.905915,40.7581534,"Good",3778
"salt-lake-city-ut-usa-60690","FLS0223",1990-06-06,"Speedway","5",500,"Joey Picuri","Fugazi","Cassette","1990 Spring/Summer USA Tour","Salt Lake City","UT","USA",1990,1,-111.905915,40.7581534,"Very Good",4126
"san-antonio-tx-usa-111895","FLS0761",1995-11-18,"Showcase Special Events","5",1400,"Joey Picuri","Warren Russell-Smith","DAT","1995 Fall USA/Canada Tour","San Antonio","TX","USA",1995,1,-98.526341,29.4964805,"Very Good",4777
"san-antonio-tx-usa-32902","FLS1020",2002-03-29,"Sunset Saloon","6",1400,"Nick Pellicciotto","Warren Russell-Smith","CD","2002 Spring Southern USA/Texas Tour","San Antonio","TX","USA",2002,1,-98.478437,29.4206709,"Excellent",5223
"san-antonio-tx-usa-41493","FLS0520",1993-04-14,"Showcase Special Events","5",1300,"Joey Picuri","Warren Russell-Smith","DAT","1993 Spring USA Tour","San Antonio","TX","USA",1993,1,-98.526341,29.4964805,"Very Good",5539
"san-antonio-tx-usa-50790","FLS0206",1990-05-07,"Cameo Theater","5",275,"Joey Picuri","Warren Russell-Smith","Cassette","1990 Spring/Summer USA Tour","San Antonio","TX","USA",1990,1,-98.47923,29.4220281,"Very Good",5080
"san-diego-ca-usa-111095","FLS0755",1995-11-10,"Soma","6",1500,"Joey Picuri","Warren Russell-Smith","DAT","1995 Fall USA/Canada Tour","San Diego","CA","USA",1995,1,-117.212492,32.7554929,"Very Good",4554
"san-diego-ca-usa-21899","FLS0891",1999-02-18,"Soma","6",1500,"Nick Pellicciotto","Warren Russell-Smith","DAT","1999 West Coast USA Tour","San Diego","CA","USA",1999,1,-117.212492,32.7554929,"Very Good",4728
"san-diego-ca-usa-42693","FLS0530",1993-04-26,"Soma","5",1200,"Joey Picuri","Warren Russell-Smith","DAT","1993 Spring USA Tour","San Diego","CA","USA",1993,1,-117.212492,32.7554929,"Very Good",5081
"san-francisco-ca-usa-110595","FLS0750",1995-11-05,"Trocadero Transfer","5",1200,"Joey Picuri","Jerry Busher","DAT","1995 Fall USA/Canada Tour","San Francisco","CA","USA",1995,1,-122.398201,37.7790623,"Very Good",4620
"san-francisco-ca-usa-110695","FLS0751",1995-11-06,"Trocadero Transfer","5",1200,"Joey Picuri","Jerry Busher","DAT","1995 Fall USA/Canada Tour","San Francisco","CA","USA",1995,1,-122.398201,37.7790623,"Very Good",4124
"san-francisco-ca-usa-22299","FLS0895",1999-02-22,"Maritime","6",2000,"PRS","Warren Russell-Smith","DAT","1999 West Coast USA Tour","San Francisco","CA","USA",1999,1,-122.393657,37.7864189,"Very Good",5978
"san-francisco-ca-usa-51990","FLS0213",1990-05-19,"Russian Theater","5",1100,"Joey Picuri","Warren Russell-Smith","Cassette","1990 Spring/Summer USA Tour","San Francisco","CA","USA",1990,1,-122.441323,37.7854355,"Good",4017
"san-francisco-ca-usa-52189","FLS0115",1989-05-21,"Women's Building","$5",375,NA,NA,NA,"1989 Spring USA Tour","San Francisco","CA","USA",1989,1,-122.422836,37.7614483,NA,NA
"san-francisco-ca-usa-60400","FLS0970",2000-06-04,"Mission Dolores Park","Free",15000,"Stephen Kozlowski",NA,NA,"2000 Summer/Fall Regional Dates","San Francisco","CA","USA",2000,1,-122.427237,37.760407,"Good",4336
"san-franscisco-ca-usa-50193","FLS0534",1993-05-01,"Fort Mason Pier C","5",4000,"Joey Picuri","Warren Russell-Smith","DAT","1993 Spring USA Tour","San Francisco","CA","USA",1993,1,-122.431468,37.8067481,"Very Good",5436
"santa-barbara-ca-usa-42793","FLS0531",1993-04-27,"Anaconda","5",950,"Joey Picuri","Warren Russell-Smith","DAT","1993 Spring USA Tour","Santa Barbara","CA","USA",1993,1,-119.855795,34.4120715,"Good",5096
"santiago-chile-82397","FLS0846",1997-08-23,"Laberinto",NA,700,NA,NA,NA,"1997 Summer Brazil/S. America Tour","Santiago",NA,"Chile",1997,1,-70.630775,-33.4534536,NA,NA
"santiago-de-compostela-spain-52995","FLS0676",1995-05-29,"Sala Numero K",NA,500,"Joey Picuri","Warren Russell-Smith","Cassette","1995 Spring/Summer European Tour","Santiago de Compostela","","Spain",1995,1,-8.54569,42.880497,"Very Good",4720
"santos-brazil-82097","FLS0844",1997-08-20,"Bar do 3",NA,500,"Nick Pellicciotto","Warren Russell-Smith","DAT","1997 Summer Brazil/S. America Tour","Santos","","Brazil",1997,1,-46.325382,-23.9498271,"Excellent",5719
"sao-paulo-brazil-80697","FLS0835",1997-08-06,"Broadway",NA,950,"Nick Pellicciotto","Warren Russell-Smith","DAT","1997 Summer Brazil/S. America Tour","Sao Paulo","","Brazil",1997,1,-46.67779,-23.518944,"Very Good",5393
"sao-paulo-brazil-82094","FLS0631",1994-08-20,"Aeroanta",NA,1000,"Joey Picuri","Warren Russell-Smith","Cassette","1994 Fall Brazil Tour","Sao Paulo",NA,"Brazil",1994,1,-46.694986,-23.5651133,"Good",4840
"sao-paulo-brazil-82194","FLS0632",1994-08-21,"Aeroanta",NA,800,"Joey Picuri","Warren Russell-Smith","Cassette","1994 Fall Brazil Tour","Sao Paulo",NA,"Brazil",1994,1,-46.694986,-23.5651133,"Good",4757
"sapporo-japan-103096","FLS0801",1996-10-30,"Counteraction",NA,150,"Nick Pellicciotto","Fugazi","DAT","1996 US/Japan/Hong Kong/Australia Tour","Sapporo",NA,"Japan",1996,1,141.350817,43.0582224,"Very Good",3788
"sapporo-japan-103196","FLS0802",1996-10-31,"Bessie",NA,150,"Nick Pellicciotto","Warren Russell-Smith","DAT","1996 US/Japan/Hong Kong/Australia Tour","Sapporo",NA,"Japan",1996,1,141.3496,43.055474,"Very Good",4460
"saskatoon-sk-canada-70101","FLS1007",2001-07-01,"Sid's Garage","10 (can)",260,"Joey Picuri","Fugazi","DAT","2001 Summer Mid-West/Canada Tour","Saskatoon","SK","Canada",2001,1,-106.662011,52.1330829,"Very Good",5950
"savannah-ga-usa-11400","FLS0964",2000-01-14,"River Rock","5",700,NA,NA,NA,"2000 Winter Southern USA Tour","Savannah","GA","USA",2000,1,-81.094886,32.08293,NA,NA
"savannah-ga-usa-21193","FLS0498",1993-02-11,"Knights of Columbus Hall","5",600,"Joey Picuri","Jerry Busher","DAT","1993 Winter Southern USA Tour","Savannah","GA","USA",1993,1,-81.09391,32.074574,"Good",2554
"savannah-ga-usa-33096","FLS0776",1996-03-30,"Zoo","5",700,"Nick Pellicciotto","Warren Russell-Smith","DAT","1996 Southern USA Tour","Savannah","GA","USA",1996,1,-81.093412,32.079915,"Very Good",3497
"savannah-ga-usa-51391","FLS0339",1991-05-13,"Sun","5",200,"Joey Picuri","Warren Russell-Smith","Cassette","1991 Spring USA Tour","Savannah","GA","USA",1991,1,-81.09391,32.074574,"Good",4072
"schenectady-ny-usa-92689","FLS0139",1989-09-26,"Eagles Lodge","$5",300,NA,NA,NA,"1989 Fall Canada/NE Tour","Schenectady","NY","USA",1989,1,-73.932347,42.8051331,NA,NA
"seattle-wa-usa-102795","FLS0745",1995-10-27,"DV8","6",1400,"Joey Picuri","Fugazi","DAT","1995 Fall USA/Canada Tour","Seattle","WA","USA",1995,1,-122.34669,47.619369,"Very Good",4498
"seattle-wa-usa-22899","FLS0900",1999-02-28,"DV8","6",1500,"Nick Pellicciotto","Jerry Busher","DAT","1999 West Coast USA Tour","Seattle","WA","USA",1999,1,-122.34669,47.619369,"Excellent",6741
"seattle-wa-usa-50693","FLS0538",1993-05-06,"Oz","5",1200,"Joey Picuri",NA,NA,"1993 Spring USA Tour","Seattle","WA","USA",1993,1,-122.34669,47.619369,"Good",4360
"seattle-wa-usa-52789","FLS0117",1989-05-27,"Washington Performance Hall","$5",300,NA,NA,NA,"1989 Spring USA Tour","Seattle","WA","USA",1989,1,-122.3146,47.6028246,NA,NA
"seattle-wa-usa-60190","FLS0220",1990-06-01,"Lake City Concert Hall","5",1100,"Joey Picuri","Warren Russell-Smith","Cassette","1990 Spring/Summer USA Tour","Seattle","WA","USA",1990,1,-122.295152,47.7192729,"Good",4970
"seattle-wa-usa-82691","FLS0386",1991-08-26,"OZ","5",1600,"Joey Picuri","Warren Russell-Smith","Cassette","1991 Summer/Fall USA/Canada Tour","Seattle","WA","USA",1991,1,-122.34669,47.619369,"Very Good",4173
"severna-park-md-usa-62101","FLS0999",2001-06-21,"Columbian Center","5",350,"Joey Picuri","Warren Russell-Smith","DAT","2001 Spring/Summer Regional Dates","Severna Park","MD","USA",2001,1,-76.555028,39.0890929,"Very Good",2824
"silver-spring-md-usa-112094","FLS0637",1994-11-20,"Long Branch Community Center","5",350,"Joey Picuri",NA,"Cassette","1994 Fall/Winter Regional Dates","Silver Spring","MD","USA",1994,1,-76.998304,38.9997417,"Very Good",4034
"singapore-singapore-110893","FLS0604",1993-11-08,"Bukit Batok Community Center",NA,550,"Joey Picuri","Warren Russell-Smith","DAT","1993 Japan/Australia/New Zealand Tour","Singapore","","Singapore",1993,1,103.747337,1.3498247,"Good",5364
"singapore-singapore-110896","FLS0806",1996-11-08,"Fire Club",NA,800,"Nick Pellicciotto","Warren Russell-Smith","DAT","1996 US/Japan/Hong Kong/Australia Tour","Singapore","","Singapore",1996,1,103.841056,1.3009768,"Good",3956
"sioux-falls-sd-usa-101995","FLS0739",1995-10-19,"Pomp Room","5",804,"Joey Picuri","Warren Russell-Smith","DAT","1995 Fall USA/Canada Tour","Sioux Falls","SD","USA",1995,1,-96.730207,43.5492045,"Good",5022
"spokane-wa-usa-51388","FLS0029",1988-05-13,"123 Arts",NA,100,"Unknown","Jerry Busher","Cassette","1988 Spring USA Tour","Spokane","WA","USA",1988,1,-117.42777,47.6557683,"Good",3093
"springfield-mo-usa-60291","FLS0355",1991-06-02,"Chestnut Hall","5",230,"Joey Picuri","Warren Russell-Smith","Cassette","1991 Spring USA Tour","Springfield","MO","USA",1991,1,-93.367509,37.212766,"Good",4303
"springfield-or-usa-30299","FLS0901",1999-03-02,"McKensie Ballroom","6",750,"Nick Pellicciotto","Jerry Busher","DAT","1999 West Coast USA Tour","Springfield","OR","USA",1999,1,-123.017716,44.0464129,"Good",5045
"st-louis-mo-usa-100895","FLS0730",1995-10-08,"Mississippi Nights","5",1100,"Joey Picuri","Warren Russell-Smith","DAT","1995 Fall USA/Canada Tour","St. Louis","MO","USA",1995,1,-90.182776,38.6324459,"Very Good",5210
"st-louis-mo-usa-112698","FLS0885",1998-11-26,"Galaxy","6",765,"Joey Picuri","Warren Russell-Smith","DAT","1998 Fall Mid-West USA Tour","St. Louis","MO","USA",1998,1,-90.197874,38.6322517,"Good",4857
"st-louis-mo-usa-60491","FLS0357",1991-06-04,"Mississippi Nights","5",1275,"Joey Picuri","Jerry Busher","Cassette","1991 Spring USA Tour","St. Louis","MO","USA",1991,1,-90.182776,38.6324459,"Good",3920
"st-louis-mo-usa-60589","FLS0121",1989-06-05,"Bernard's Pub","$5",250,"ANON","Warren Russell-Smith","VHS audio","1989 Spring USA Tour","St. Louis","MO","USA",1989,1,-90.250024,38.618403,"Good",4090
"st-louis-mo-usa-61390","FLS0228",1990-06-13,"1227","5",950,"Joey Picuri","Warren Russell-Smith","Cassette","1990 Spring/Summer USA Tour","St. Louis","MO","USA",1990,1,-90.198225,38.6322924,"Good",4526
"st-louis-mo-usa-82593","FLS0568",1993-08-25,"Mississippi Nights","5",1200,"Joey Picuri",NA,"DAT","1993 Fall USA/Canada Tour","St. Louis","MO","USA",1993,1,-90.182776,38.6324459,"Very Good",4781
"st-louis-mo-usa-82693","FLS0569",1993-08-26,"Mississippi Nights","5",1200,"Joey Picuri","Warren Russell-Smith","DAT","1993 Fall USA/Canada Tour","St. Louis","MO","USA",1993,1,-90.182776,38.6324459,"Very Good",4861
"state-college-pa-usa-92693","FLS0595",1993-09-26,"Penn State Hub","5",1000,"Joey Picuri",NA,"DAT","1993 Fall USA/Canada Tour","State College","PA","USA",1993,1,-77.861211,40.7981145,"Very Good",4670
"stockholm-sweden-100100","FLS0974",2000-10-01,"Kolingsborg",NA,700,"Nick Pellicciotto","Warren Russell-Smith","DAT","2000 Fall Northern European Tour","Stockholm","","Sweden",2000,1,18.071395,59.320658,"Very Good",5469
"storrs-ct-usa-30791","FLS0316",1991-03-07,"University of Connecticut","5",700,"Joey Picuri","Warren Russell-Smith","Cassette","1991 Winter/Spring East Coast USA Tour","Storrs","CT","USA",1991,1,-72.255962,41.8068934,"Good",4288
"storrs-ct-usa-91893","FLS0588",1993-09-18,"University of Connecticut Fieldhouse","5",2150,"Joey Picuri","Warren Russell-Smith","DAT","1993 Fall USA/Canada Tour","Storrs","CT","USA",1993,1,-72.255962,41.8068934,"Very Good",4383
"stuttgart-germany-101390","FLS0282",1990-10-13,"Altes Feuerwehrhaus","12 DM",1000,"Joey Picuri","Warren Russell-Smith","Cassette","1990 Fall European Tour","Stuttgart","","Germany",1990,1,9.159794,48.761876,"Good",4819
"stuttgart-germany-63095","FLS0702",1995-06-30,"Hallschlag JZ",NA,760,"Joey Picuri","Warren Russell-Smith","Cassette","1995 Spring/Summer European Tour","Stuttgart","","Germany",1995,1,9.2,48.8133,"Very Good",5708
"sydney-australia-111796","FLS1052",1996-11-17,"Metro Theatre",NA,913.244444444444,"ANON","Warren Russell-Smith",NA,"1996 US/Japan/Hong Kong/Australia Tour","Sydney","NSW","Australia",1996,1,151.206627,-33.8756943,"Very Good",5029
"sydney-australia-112093","FLS0613",1993-11-20,"Sydney Town hall",NA,1300,"Joey Picuri","Warren Russell-Smith","Cassette","1993 Japan/Australia/New Zealand Tour","Sydney","NSW","Australia",1993,1,151.206155,-33.8730546,"Good",4929
"sydney-australia-61497","FLS0820",1997-06-14,"Manly Youth Center",NA,967.5,"Nick Pellicciotto","Warren Russell-Smith","DAT","1997 Summer Australia/New Zealand Tour","Sydney","NSW","Australia",1997,1,151.284323,-33.7946915,"Good",4272
"sydney-australia-61597","FLS0821",1997-06-15,"Metro Theatre",NA,967.5,"Nick Pellicciotto","Warren Russell-Smith","DAT","1997 Summer Australia/New Zealand Tour","Sydney","NSW","Australia",1997,1,151.206627,-33.8756943,"Poor",5539
"sydney-nsw-australia-102591","FLS0406",1991-10-25,"Sydney Uni",NA,900,"Joey Picuri","Warren Russell-Smith","Cassette","1991 Australia/New Zealand/Japan Tour","Sydney","NSW","Australia",1991,1,151.187349,-33.8885748,"Good",4636
"sydney-nsw-australia-102791","FLS0408",1991-10-27,"Burland Centre",NA,800,"Joey Picuri","Warren Russell-Smith","Cassette","1991 Australia/New Zealand/Japan Tour","Sydney","NSW","Australia",1991,1,151.19482,-33.8892326,"Very Good",4701
"sydney-nsw-australia-111596","FLS0810",1996-11-15,"Sydney University",NA,1000,"Nick Pellicciotto","Warren Russell-Smith","DAT","1996 US/Japan/Hong Kong/Australia Tour","Sydney","NSW","Australia",1996,1,151.187349,-33.8885748,"Excellent",5327
"sydney-nsw-australia-120193","FLS0617",1993-12-01,"Uni Manning Bar",NA,450,"Joey Picuri","Warren Russell-Smith","Cassette","1993 Japan/Australia/New Zealand Tour","Sydney","NSW","Australia",1993,1,151.187622,-33.8868904,"Good",5360
"syracuse-ny-usa-31291","FLS0320",1991-03-12,"Syracuse University","5",800,"Joey Picuri","Warren Russell-Smith","Cassette","1991 Winter/Spring East Coast USA Tour","Syracuse","NY","USA",1991,1,-76.13349,43.0401853,"Good",4290
"syracuse-ny-usa-71798","FLS0861",1998-07-17,"Lost Horizon","6",450,"Joey Picuri","Jerry Busher","DAT","1998 Summer Canada/USA Tour","Syracuse","NY","USA",1998,1,-76.083027,43.0546607,"Good",4650
"syracuse-ny-usa-92193","FLS0591",1993-09-21,"Lost Horizon","5",1000,"Joey Picuri","Warren Russell-Smith","DAT","1993 Fall USA/Canada Tour","Syracuse","NY","USA",1993,1,-76.083027,43.0546607,"Very Good",4582
"tacoma-wa-usa-51588","FLS0030",1988-05-15,"Tacoma Community World Theater",NA,75,NA,NA,NA,"1988 Spring USA Tour","Tacoma","WA","USA",1988,1,-122.450717,47.2067558,NA,NA
"tallahassee-fl-usa-12000","FLS0969",2000-01-20,"Moon","6",1200,"Nick Pellicciotto","Warren Russell-Smith","DAT","2000 Winter Southern USA Tour","Tallahassee","FL","USA",2000,1,-84.265699,30.4357734,"Very Good",6396
"tampa-fl-usa-11900","FLS0968",2000-01-19,"Masquerade","6",1400,"Nick Pellicciotto","Warren Russell-Smith","DAT","2000 Winter Southern USA Tour","Tampa","FL","USA",2000,1,-82.442649,27.9597496,"Very Good",5280
"tampa-fl-usa-21693","FLS0502",1993-02-16,"Ritz","5",1500,"Joey Picuri","Jerry Busher","DAT","1993 Winter Southern USA Tour","Tampa","FL","USA",1993,1,-82.442649,27.9597496,"Good",5516
"tampa-fl-usa-40396","FLS0780",1996-04-03,"Masquerade","5",1200,"Nick Pellicciotto","Warren Russell-Smith","DAT","1996 Southern USA Tour","Tampa","FL","USA",1996,1,-82.442649,27.9597496,"Good",1782
"tampa-fl-usa-51591","FLS0341",1991-05-15,"Ritz","5",1150,"Joey Picuri","Warren Russell-Smith","Cassette","1991 Spring USA Tour","Tampa","FL","USA",1991,1,-82.442649,27.9597496,"Very Good",4395
"tampere-finland-71295","FLS0712",1995-07-12,"Pakkahuone",NA,650,"Joey Picuri","Warren Russell-Smith","Cassette","1995 Spring/Summer European Tour","Tampere","","Finland",1995,1,23.77658,61.4985813,"Very Good",5249
"tilburg-netherlands-101699","FLS0951",1999-10-16,"O13",NA,600,"Nick Pellicciotto","Warren Russell-Smith","DAT","1999 Fall European Tour","Tilburg","","Netherlands",1999,1,5.093004,51.5576483,"Excellent",5964
"tokyo-japan-102696","FLS0798",1996-10-26,"Guilty",NA,254,"Nick Pellicciotto","Jerry Busher","DAT","1996 US/Japan/Hong Kong/Australia Tour","Tokyo",NA,"Japan",1996,1,139.697017,35.6568137,"Very Good",3962
"tokyo-japan-102796","FLS0799",1996-10-27,"Guilty",NA,205,"Nick Pellicciotto","Warren Russell-Smith","DAT","1996 US/Japan/Hong Kong/Australia Tour","Tokyo",NA,"Japan",1996,1,139.697017,35.6568137,"Very Good",4230
"tokyo-japan-102896","FLS0800",1996-10-28,"Guilty",NA,332,"Nick Pellicciotto","Warren Russell-Smith","DAT","1996 US/Japan/Hong Kong/Australia Tour","Tokyo","","Japan",1996,1,139.697017,35.6568137,"Excellent",5036
"tokyo-japan-110593","FLS0602",1993-11-05,"Club Quattro","4000 yen",350,"Joey Picuri","Jerry Busher","DAT","1993 Japan/Australia/New Zealand Tour","Tokyo","","Japan",1993,1,139.697546,35.6611055,"Very Good",4871
"tokyo-japan-110693","FLS0603",1993-11-06,"Club Quattro","4000 yen",550,"Joey Picuri","Warren Russell-Smith","DAT","1993 Japan/Australia/New Zealand Tour","Tokyo",NA,"Japan",1993,1,139.697546,35.6611055,"Very Good",5028
"tokyo-japan-111191","FLS0413",1991-11-11,"Anti Knock",NA,300,"Joey Picuri","Warren Russell-Smith","Cassette","1991 Australia/New Zealand/Japan Tour","Tokyo","","Japan",1991,1,139.703513,35.6886064,"Very Good",4030
"tokyo-japan-111291","FLS0414",1991-11-12,"Anti Knock",NA,300,"Joey Picuri","Warren Russell-Smith","Cassette","1991 Australia/New Zealand/Japan Tour","Tokyo","","Japan",1991,1,139.703513,35.6886064,"Good",4681
"toledo-oh-usa-61489","FLS0128",1989-06-14,"Tam O'Shanter Ice Rink","$5",360,NA,NA,NA,"1989 Spring USA Tour","Toledo","OH","USA",1989,1,-83.713055,41.6908333,NA,NA
"toledo-oh-usa-62590","FLS0238",1990-06-25,"Masonic Auditorium","5",200,"Joey Picuri","Warren Russell-Smith","Cassette","1990 Spring/Summer USA Tour","Toledo","OH","USA",1990,1,-83.651898,41.5927127,"Good",3500
"tongeren-belgium-52292","FLS0447",1992-05-22,"Concordia",NA,650,"Joey Picuri","Warren Russell-Smith","Cassette","1992 Spring European Tour","Tongeren",NA,"Belgium",1992,1,5.472044,50.781175,"Good",4848
"torino-italy-102990","FLS0296",1990-10-29,"Hiroshima","5000 Lira",400,"Joey Picuri","Warren Russell-Smith","Cassette","1990 Fall European Tour","Torino",NA,"Italy",1990,1,7.653159,45.0284369,"Good",5092
"torino-italy-112088","FLS0080",1988-11-20,"El Paso",NA,198.714285714286,"ANON","Warren Russell-Smith",NA,"1988 Fall European Tour","Torino",NA,"Italy",1988,1,7.656051,45.0234778,"Good",3262
"torino-italy-60592","FLS0458",1992-06-05,"Murazzi",NA,1000,"Joey Picuri","Warren Russell-Smith","Cassette","1992 Spring European Tour","Torino","","Italy",1992,1,7.694419,45.0620346,"Very Good",4294
"torino-italy-61595","FLS0689",1995-06-15,"Parco Ex Ospedale Psichiatrico",NA,1400,"Joey Picuri","Warren Russell-Smith","Cassette","1995 Spring/Summer European Tour","Torino","","Italy",1995,1,7.579692,45.0796674,"Very Good",4215
"toronto-on-canada-100189","FLS0142",1989-10-01,"Rivoli Theater","$6cn",400,"Chris Twomey","Warren Russell Smith","Cassette","1989 Fall Canada/NE Tour","Toronto","ON","Canada",1989,1,-79.39,43.6494444,"Good",4893
"toronto-on-canada-71998","FLS0863",1998-07-19,"Phoenix Theater","9(can)",1250,"Joey Picuri","Warren Russell-Smith","DAT","1998 Summer Canada/USA Tour","Toronto","ON","Canada",1998,1,-79.374047,43.6646119,"Very Good",5379
"toronto-on-canada-80491","FLS0372",1991-08-04,"Opera House","6 (ca)",1000,"Joey Picuri","Warren Russell-Smith","Cassette","1991 Summer/Fall USA/Canada Tour","Toronto","ON","Canada",1991,1,-79.348759,43.6589105,"Very Good",4212
"toronto-on-canada-92795","FLS0720",1995-09-27,"RPM Warehouse","7(can)",1650,"Joey Picuri","Warren Russell-Smith","DAT","1995 Fall USA/Canada Tour","Toronto","ON","Canada",1995,1,-79.387874,43.6495571,"Good",5337
"toronto-ont-canada-90993","FLS0580",1993-09-09,"RPM Warehouse","6 (canadian)",1400,"Joey Picuri","Warren Russell-Smith","DAT","1993 Fall USA/Canada Tour","Toronto","ON","Canada",1993,1,-79.387874,43.6495571,"Good",4646
"toronto-ont-canada-91093","FLS0581",1993-09-10,"RPM Warehouse","6 (canadian)",650,"Joey Picuri","Warren Russell-Smith","DAT","1993 Fall USA/Canada Tour","Toronto","ON","Canada",1993,1,-79.387874,43.6495571,"Very Good",4825
"toulouse-france-53092","FLS0454",1992-05-30,"Le Bikini",NA,270,"Joey Picuri","Warren Russell-Smith","Cassette","1992 Spring European Tour","Toulouse","","France",1992,1,1.485404,43.5480492,"Good",4134
"toulouse-france-60695","FLS0681",1995-06-06,"Le Bikini",NA,650,"ANON","Warren Russell-Smith","Cassette","1995 Spring/Summer European Tour","Toulouse","","France",1995,1,1.485404,43.5480492,"Good",5283
"trenton-nj-usa-31991","FLS0326",1991-03-19,"City Gardens","5",1100,"Joey Picuri","Warren Russell-Smith","Cassette","1991 Winter/Spring East Coast USA Tour","Trenton","NJ","USA",1991,1,-74.759901,40.2373768,"Good",4528
"trenton-nj-usa-41492","FLS0431",1992-04-14,"City Gardens","5",950,NA,NA,NA,"1992 Spring East Coast Tour","Trenton","NJ","USA",1992,1,-74.759901,40.2373768,NA,NA
"trenton-nj-usa-81793","FLS0561",1993-08-17,"City Gardens","5",1000,"Joey Picuri","Jerry Busher","DAT","1993 Fall USA/Canada Tour","Trenton","NJ","USA",1993,1,-74.759901,40.2373768,"Very Good",4684
"trenton-nj-usa-81893","FLS0562",1993-08-18,"City Gardens","5",1000,"Joey Picuri","Warren Russell-Smith","DAT","1993 Fall USA/Canada Tour","Trenton","NJ","USA",1993,1,-74.759901,40.2373768,"Very Good",4901
"tromso-norway-92990","FLS0269",1990-09-29,"Brigga Lillero Cafe",NA,150,"Joey Picuri","Jerry Busher","Cassette","1990 Fall European Tour","Tromso","","Norway",1990,1,18.9622,69.6520643,"Good",4408
"trondheim-norway-100300","FLS0976",2000-10-03,"Uffa",NA,300,"Nick Pellicciotto","Warren Russell-Smith","DAT","2000 Fall Northern European Tour","Trondheim",NA,"Norway",2000,1,10.430012,63.4362807,"Very Good",5008
"trondheim-norway-93090","FLS0270",1990-09-30,"UFFA",NA,250,"Joey Picuri","Warren Russell-Smith","Cassette","1990 Fall European Tour","Trondheim","","Norway",1990,1,10.430012,63.4362807,"Good",3941
"tuba-city-az-usa-41301","FLS0989",2001-04-13,"Grey Hills High School","5",600,NA,NA,NA,"2001 Spring Western USA Tour","Tuba City","AZ","USA",2001,1,-111.221501,36.1269817,NA,NA
"tucson-az-usa-41001","FLS0987",2001-04-10,"Rialto Theater","6",1500,"Nick Pellicciotto","Warren Russell-Smith","DAT","2001 Spring Western USA Tour","Tucson","AZ","USA",2001,1,-110.966453,32.2217216,"Excellent",5478
"tucson-az-usa-42093","FLS0525",1993-04-20,"Coyote's","5",1200,"Joey Picuri","Warren Russell-Smith","DAT","1993 Spring USA Tour","Tucson","AZ","USA",1993,1,-110.9744,32.244098,"Very Good",5529
"tucson-az-usa-51190","FLS0207",1990-05-11,"Dodiak Gallery","3",300,"Joey Picuri","Warren Russell-Smith","Cassette","1990 Spring/Summer USA Tour","Tucson","AZ","USA",1990,1,-110.970991,32.2263796,"Good",4922
"tucson-az-usa-52488","FLS0035",1988-05-24,"Park Place BBQ",NA,50,"Wayne Keeler","Warren Russell-Smith","Cassette","1988 Spring USA Tour","Tucson","AZ","USA",1988,1,-110.979021,32.2604428,"Poor",2818
"udine-italy-102490","FLS0291",1990-10-24,"Ala Rock","10,000 Lira",250,"Joey Picuri","Warren Russell-Smith","Cassette","1990 Fall European Tour","Udine","","Italy",1990,1,12.642246,45.9360861,"Very Good",4085
"udine-italy-111488","FLS0075",1988-11-14,"Centro Sociale Autogestito",NA,198.714285714286,"ANON","Warren Russell-Smith","Cassette","1988 Fall European Tour","Udine","","Italy",1988,1,13.228992,46.0555579,"Good",3122
"ulm-germany-101690","FLS0284",1990-10-16,"Roxy","12 DM",700,"Joey Picuri","Warren Russell-Smith","Cassette","1990 Fall European Tour","Ulm","","Germany",1990,1,9.9851,48.39158,"Good",3984
"ulm-germany-62092","FLS0472",1992-06-20,"Stadthalle Langenau",NA,1500,"Joey Picuri","Warren Russell-Smith","Cassette","1992 Spring European Tour","Ulm","","Germany",1992,1,10.121695,48.501407,"Good",4574
"ulm-germany-62795","FLS0700",1995-06-27,"Roxy",NA,660,"Joey Picuri","Warren Russell-Smith","Cassette","1995 Spring/Summer European Tour","Ulm",NA,"Germany",1995,1,9.9851,48.39158,"Good",4790
"umea-sweden-93000","FLS0973",2000-09-30,"Galaxen",NA,500,"Nick Pellicciotto","Jerry Busher","DAT","2000 Fall Northern European Tour","Umea",NA,"Sweden",2000,1,20.335674,63.8576119,"Very Good",6509
"v-schwenningen-germany-62492","FLS0475",1992-06-24,"Canape",NA,600,"Joey Picuri","Warren Russell-Smith","Cassette","1992 Spring European Tour","V-Schwinnigen",NA,"Germany",1992,1,8.460394,48.0606506,"Good",4845
"valencia-spain-60495","FLS0680",1995-06-04,"Zeppelin Rock",NA,1279.99130434783,"Joey Picuri","Warren Russell-Smith","Cassette","1995 Spring/Summer European Tour","Valencia",NA,"Spain",1995,1,-0.37739,39.469799,"Good",5052
"vancouver-bc-canada-50793","FLS0539",1993-05-07,"Plaza of Nations","6 (canadian)",3200,"Joey Picuri","Warren Russell-Smith","DAT","1993 Spring USA Tour","Vancouver","BC","Canada",1993,1,-123.109585,49.2755773,"Very Good",4426
"vancouver-bc-canada-81991","FLS0384",1991-08-19,"N. Van. Sports Arena Hockey Rink","6 (ca)",1300,"Joey Picuri","Warren Russell-Smith","Cassette","1991 Summer/Fall USA/Canada Tour","Vancouver","BC","Canada",1991,1,-123.070762,49.330017,"Very Good",4944
"venlo-netherlands-52392","FLS0448",1992-05-23,"Perron 55",NA,400,"Joey Picuri","Warren Russell-Smith","Cassette","1992 Spring European Tour","Venlo",NA,"Netherlands",1992,1,6.176979,51.3611494,"Poor",4669
"ventura-ca-usa-21999","FLS0892",1999-02-19,"Ventura Theater","6",1350,"Nick Pellicciotto","Jerry Busher","DAT","1999 West Coast USA Tour","Ventura","CA","USA",1999,1,-119.29143,34.2803049,"Very Good",4676
"verona-italy-62195","FLS0694",1995-06-21,"Forte Del Chievo",NA,1000,"Joey Picuri","Warren Russell-Smith","Cassette","1995 Spring/Summer European Tour","Verona","","Italy",1995,1,10.93838,45.4599954,"Good",5123
"victoria-bc-canada-70601","FLS1011",2001-07-06,"Archie Browning Centre","10 (can)",1100,"Joey Picuri","Warren Russell-Smith","DAT","2001 Summer Mid-West/Canada Tour","Victoria","BC","Canada",2001,1,-123.409907,48.4289549,"Very Good",7411
"victorville-ca-usa-30699","FLS0905",1999-03-06,"Fly Theater","6",1135.859375,"Nick Pellicciotto","Warren Russell-Smith","DAT","1999 West Coast USA Tour","Victorville","CA","USA",1999,1,-117.294054,34.534907,"Very Good",4733
"vienna-austria-102090","FLS0288",1990-10-20,"Arena","100 AS",1000,"Joey Picuri","Warren Russell-Smith","Cassette","1990 Fall European Tour","Vienna","","Austria",1990,1,16.410422,48.1878002,"Very Good",4501
"vienna-austria-61492","FLS0466",1992-06-14,"Arena",NA,1000,"Joey Picuri","Jerry Busher","Cassette","1992 Spring European Tour","Vienna","","Austria",1992,1,16.410422,48.1878002,"Very Good",6030
"vienna-austria-62495","FLS0697",1995-06-24,"Arena",NA,2000,"Joey Picuri","Warren Russell-Smith","Cassette","1995 Spring/Summer European Tour","Vienna","","Austria",1995,1,16.410422,48.1878002,"Poor",5284
"vienna-austria-92699","FLS0933",1999-09-26,"Flexx",NA,1000,"Nick Pellicciotto","Warren Russell-Smith","DAT","1999 Fall European Tour","Vienna","","Austria",1999,1,16.36874,48.2178047,"Excellent",6918
"virginia-beach-va-usa-20493","FLS0491",1993-02-04,"Peppermint Beach Club","5",1200,"Joey Picuri","Jerry Busher","DAT","1993 Winter Southern USA Tour","Virginia Beach","VA","USA",1993,1,-75.974268,36.8468098,"Very Good",4506
"virginia-beach-va-usa-31090","FLS0182",1990-03-10,"Atlantic Beach Club","$5",450,"Joey Picuri","Jerry Busher","Cassette","1990 Spring Southern USA Tour","Virginia Beach","VA","USA",1990,1,-75.976893,36.8537647,"Very Good",3965
"virginia-beach-va-usa-50191","FLS0329",1991-05-01,"Peppermint Beach Club","5",900,"Joey Picuri","Warren Russell-Smith","Cassette","1991 Spring USA Tour","Virginia Beach","VA","USA",1991,1,-75.974268,36.8468098,"Good",4416
"virginia-beach-va-usa-71688","FLS0046",1988-07-16,"Beach Theater","$5",200,"ANON",NA,NA,"1988 Summer/Fall Regional Dates","Virginia Beach","VA","USA",1988,1,-75.989879,36.8507963,NA,601
"vitoria-brazil-80797","FLS0836",1997-08-07,"Camburi Clube",NA,250,"Nick Pellicciotto","Jerry Busher","DAT","1997 Summer Brazil/S. America Tour","Vitoria",NA,"Brazil",1997,1,-40.289759,-20.2828906,"Very Good",3712
"wageningen-netherlands-90890","FLS0251",1990-09-08,"Unitas",NA,641.56,"Joey Picuri","Warren Russell-Smith","Cassette","1990 Fall European Tour","Wageningen","","Netherlands",1990,1,5.664588,51.9660684,"Very Good",4652
"waiblingen-germany-110288","FLS0067",1988-11-02,"Villa Roller",NA,198.714285714286,NA,NA,NA,"1988 Fall European Tour","Waiblingen",NA,"Germany",1988,1,9.317453,48.8296727,NA,NA
"warsaw-poland-100590","FLS0274",1990-10-05,"Karuzela University",NA,450,"Joey Picuri","Jerry Busher","Cassette","1990 Fall European Tour","Warsaw","","Poland",1990,1,20.918272,52.2405629,"Poor",4030
"washington-dc-081596","FLS1051",1996-08-15,"Fort Reno",NA,913.244444444444,"ANON","Warren Russell-Smith",NA,"1996 Spring-Summer Regional Dates","Washington","DC","USA",1996,1,-77.077362,38.9512105,"Poor",3478
"washington-dc-usa-083192","FLS1055",1992-08-31,"Fort Reno","Free",1100.17910447761,"ANON","Warren Russell Smith","VHS audio","1992 Summer/Fall Regional Dates","Washington","DC","USA",1992,1,-77.077362,38.9512105,"Good",4470
"washington-dc-usa-100688","FLS0052",1988-10-06,"9:30 Club (1980-1995)","$5",500,"Eli Janney","Jerry Busher","1/4""","1988 Summer/Fall Regional Dates","Washington","DC","USA",1988,1,-77.025586,38.8971517,"Very Good",NA
"washington-dc-usa-101589","FLS0150",1989-10-15,"Dupont Circle",NA,452.105263157895,"Mark Andersen",NA,"Cassette","1989 Fall Regional Dates","Washington","DC","USA",1989,1,-77.043686,38.9096631,"Good",1490
"washington-dc-usa-101687","FLS0005",1987-10-16,"dc space","$5",100,"Joey Picuri","Jerry Busher","Cassette","1987 Fall/Winter Regional Dates","Washington","DC","USA",1987,1,-77.021757,38.8961678,"Good",2229
"washington-dc-usa-102392","FLS0489",1992-10-23,"Sanctuary Theater","5",1100.17910447761,"Joey Picuri","Warren Russell-Smith",NA,"1992 Summer/Fall Regional Dates","Washington","DC","USA",1992,1,-77.034598,38.9276969,"Good",3531
"washington-dc-usa-10291","FLS0306",1991-01-02,"9:30 Club (1980-1995)","5",500,"Joey Picuri","Warren Russell-Smith","Cassette","1991 Winter/Spring Regional Dates","Washington","DC","USA",1991,1,-77.025586,38.8971517,"Good",5591
"washington-dc-usa-10391","FLS0307",1991-01-03,"9:30 Club (1980-1995)","5",500,"Joey Picuri","Warren Russell-Smith","Cassette","1991 Winter/Spring Regional Dates","Washington","DC","USA",1991,1,-77.025586,38.8971517,"Good",5481
"washington-dc-usa-112794","FLS0638",1994-11-27,"9:30 Club (1980-1995)","5",450,"Joey Picuri","Warren Russell-Smith","Cassette","1994 Fall/Winter Regional Dates","Washington","DC","USA",1994,1,-77.025586,38.8971517,"Very Good",5291
"washington-dc-usa-11291","FLS0308",1991-01-12,"Lafayette Park","Free",1500,"Joey Picuri","Warren Russell-Smith","Cassette","1991 Winter/Spring Regional Dates","Washington","DC","USA",1991,1,-77.0371,38.8995761,"Good",3294
"washington-dc-usa-112994","FLS0639",1994-11-29,"Black Cat","5",650,"Joey Picuri","Jerry Busher","Cassette","1994 Fall/Winter Regional Dates","Washington","DC","USA",1994,1,-77.031551,38.9145839,"Very Good",5408
"washington-dc-usa-120387","FLS0008",1987-12-03,"Wilson Center","$5",300,"ANON","Warren Russell-Smith","Cassette","1987 Fall/Winter Regional Dates","Washington","DC","USA",1987,1,-77.03591,38.9285,"Good",3262
"washington-dc-usa-120398","FLS0889",1998-12-03,"Sanctuary Theater","5",700,"Joey Picuri","Warren Russell-Smith","DAT","1998 Fall/Winter Regional Dates","Washington","DC","USA",1998,1,-77.034598,38.9276969,"Very Good",5128
"washington-dc-usa-120599","FLS0956",1999-12-05,"9:30 Club","5",1500,"Nick Pellicciotto","Warren Russell-Smith","DAT","1999 Fall/Winter Southern USA Tour","Washington","DC","USA",1999,1,-77.023722,38.917948,"Very Good",5366
"washington-dc-usa-120891","FLS0417",1991-12-08,"dc space",NA,805.788990825688,"Joey Picuri","Warren Russell-Smith","Cassette","1991 Fall/Winter Regional Dates","Washington","DC","USA",1991,1,-77.021757,38.8961678,"Good",5388
"washington-dc-usa-122887","FLS0011",1987-12-28,"dc space","$1.99",125,"Joey Picuri","Fugazi","Cassette","1987 Fall/Winter Regional Dates","Washington","DC","USA",1987,1,-77.021757,38.8961678,"Very Good",3343
"washington-dc-usa-122988","FLS0092",1988-12-29,"Wilson Center","$5",1000,"Unknown","Fugazi","Cassette","1988 Fall/Winter Regional Dates","Washington","DC","USA",1988,1,-77.03591,38.9285,"Good",3175
"washington-dc-usa-12689","FLS0094",1989-01-26,"9:30 Club (1980-1995)","$5",400,"ANON",NA,"VHS audio","1989 Winter/Spring Regional Dates","Washington","DC","USA",1989,1,-77.025586,38.8971517,"Poor",3694
"washington-dc-usa-12790","FLS0177",1990-01-27,"St. Augustine's Church Hall","$5",1000,"ANON",NA,"Cassette","1990 Winter/Spring Regional Dates","Washington","DC","USA",1990,1,-77.03435,38.9183004,"Good",4204
"washington-dc-usa-13096","FLS0764",1996-01-30,"Black Cat","5",700,"Joey Picuri","Warren Russell-Smith","DAT","1996 Winter/Spring Regional Dates","Washington","DC","USA",1996,1,-77.031551,38.9145839,"Very Good",4937
"washington-dc-usa-13196","FLS0765",1996-01-31,"9:30 Club","5",1500,"Joey Picuri","Warren Russell-Smith","DAT","1996 Winter/Spring Regional Dates","Washington","DC","USA",1996,1,-77.023722,38.917948,"Excellent",5037
"washington-dc-usa-21591","FLS0309",1991-02-15,"Sacred Heart Church Hall","5",1300,"Joey Picuri","Warren Russell-Smith","Cassette","1991 Winter/Spring Regional Dates","Washington","DC","USA",1991,1,-77.03629,38.9310756,"Very Good",4694
"washington-dc-usa-30388","FLS0015",1988-03-03,"Wilson Center","$5",400,"ANON","Jerry Busher","Cassette","1988 Winter/Spring Regional Dates","Washington","DC","USA",1988,1,-77.03591,38.9285,"Very Good",2074
"washington-dc-usa-30692","FLS0420",1992-03-06,"St. Stephen's Church Hall","5",1100.17910447761,"Joey Picuri","Jerry Busher","DAT","1992 Winter/Spring Regional Dates","Washington","DC","USA",1992,1,-77.035759,38.933469,"Very Good",4584
"washington-dc-usa-30890","FLS0181",1990-03-08,"Citadel Center","$5",1700,"Joey Picuri",NA,"Cassette","1990 Spring Southern USA Tour","Washington","DC","USA",1990,1,-77.038307,38.9219769,NA,3954
"washington-dc-usa-32193","FLS0508",1993-03-08,"Freedom Plaza","Free",1304.65909090909,"Joey Picuri","Jerry Busher","DAT","1993 Winter/Spring Regional Dates","Washington","DC","USA",1993,1,-77.0305,38.895859,"Poor",4942
"washington-dc-usa-32489","FLS0095",1989-03-24,"Wilson Center","$5",900,"Unknown","Jerry Busher","Cassette","1989 Winter/Spring Regional Dates","Washington","DC","USA",1989,1,-77.03591,38.9285,"Poor",2946
"washington-dc-usa-33088","FLS0017",1988-03-30,"dc space","$4",150,"Unknown","Jerry Busher","Cassette","1988 Winter/Spring Regional Dates","Washington","DC","USA",1988,1,-77.021757,38.8961678,"Good",3669
"washington-dc-usa-40392","FLS0421",1992-04-03,"Sanctuary Theater","5",1100.17910447761,"Joey Picuri","Warren Russell-Smith","Cassette","1992 Winter/Spring Regional Dates","Washington","DC","USA",1992,1,-77.034598,38.9276969,"Very Good",4833
"washington-dc-usa-40492","FLS0422",1992-04-04,"Sanctuary Theater","5",1100.17910447761,"Joey Picuri","Warren Russell-Smith","Cassette","1992 Winter/Spring Regional Dates","Washington","DC","USA",1992,1,-77.034598,38.9276969,"Good",4068
"washington-dc-usa-41291","FLS0327",1991-04-12,"Sacred Heart Church Hall","5",1350,"Joey Picuri","Warren Russell-Smith","Cassette","1991 Spring Regional Dates","Washington","DC","USA",1991,1,-77.03629,38.9310756,"Good",3704
"washington-dc-usa-41996","FLS0789",1996-04-19,"First Baptist Church","5",1000,"Nick Pellicciotto","Jerry Busher","DAT","1996 Spring-Summer Regional Dates","Washington","DC","USA",1996,1,-77.039398,38.9084722,"Very Good",4616
"washington-dc-usa-42501","FLS0997",2001-04-25,"9:30 Club","5",1500,"Nick Pellicciotto","Warren Russell-Smith","DAT","2001 Spring/Summer Regional Dates","Washington","DC","USA",2001,1,-77.023722,38.917948,"Excellent",5601
"washington-dc-usa-42701","FLS0998",2001-04-27,"Sacred Heart Church Hall","5",1356.22580645161,"Nick Pellicciotto","Warren Russell-Smith","DAT","2001 Spring/Summer Regional Dates","Washington","DC","USA",2001,1,-77.03629,38.9310756,"Very Good",4881
"washington-dc-usa-50188","FLS0023",1988-05-01,"Lafayette Park",NA,198.714285714286,NA,NA,NA,"1988 Spring USA Tour","Washington","DC","USA",1988,1,-77.0371,38.8995761,NA,NA
"washington-dc-usa-60394","FLS0626",1994-06-03,"Pirate House / Brendan's Going Away Party","Free",50,NA,NA,NA,"1994 Summer Regional Dates","Washington","DC","USA",1994,1,-77.038772,38.931732,NA,NA
"washington-dc-usa-61588","FLS0043",1988-06-15,"9:30 Club (1980-1995)","$5",300,"ANON","Warren Russell-Smith","Cassette","1988 Summer/Fall Regional Dates","Washington","DC","USA",1988,1,-77.025586,38.8971517,"Good",3027
"washington-dc-usa-61791","FLS0367",1991-06-17,"Sacred Heart Church Hall","5",1400,"Joey Picuri","Warren Russell-Smith","Cassette","1991 Summer Regional Dates","Washington","DC","USA",1991,1,-77.03629,38.9310756,"Good",2746
"washington-dc-usa-62289","FLS0131",1989-06-22,"Wilson Center","$5",600,"ANON","Warren Russell-Smith",NA,"1989 Summer Regional Dates","Washington","DC","USA",1989,1,-77.03591,38.9285,"Poor",3487
"washington-dc-usa-62700","FLS0971",2000-06-27,"Smithsonian Folklife Festival / National Mall","Free",1000,"Dave Redman",NA,"CD","2000 Summer/Fall Regional Dates","Washington","DC","USA",2000,1,-77.026861,38.8895556,"Very Good",4663
"washington-dc-usa-70102","FLS1031",2002-07-01,"Fort Reno","Free",1618.75,"Unknown","Jerry Busher","Unknown","2002 Summer/Fall Regional Dates","Washington","DC","USA",2002,1,-77.077362,38.9512105,"Very Good",4494
"washington-dc-usa-70690","FLS0244",1990-07-06,"St. Augustine's Church Hall","5",1300,"Joey Picuri","Warren Russell-Smith","Cassette","1990 Summer Regional Dates","Washington","DC","USA",1990,1,-77.03435,38.9183004,"Good",3932
"washington-dc-usa-71888","FLS0047",1988-07-18,"Fort Reno",NA,198.714285714286,"ANON","Warren Russell-Smith","Cassette","1988 Summer/Fall Regional Dates","Washington","DC","USA",1988,1,-77.077362,38.9512105,"Poor",2588
"washington-dc-usa-71989","FLS0132",1989-07-19,"9:30 Club (1980-1995)","$5",450,"Jeff Carroll",NA,"Cassette","1989 Summer Regional Dates","Washington","DC","USA",1989,1,-77.025586,38.8971517,"Good",3467
"washington-dc-usa-72089","FLS0133",1989-07-20,"9:30 Club (1980-1995)","$5",450,"ANON","Warren Russell-Smith","VHS audio","1989 Summer Regional Dates","Washington","DC","USA",1989,1,-77.025586,38.8971517,"Poor",3702
"washington-dc-usa-72592","FLS0488",1992-07-25,"US Capitol Plaza Supreme Court","Free",2000,"Joey Picuri","Jerry Busher","Cassette","1992 Summer/Fall Regional Dates","Washington","DC","USA",1992,1,-77.009029,38.8932673,"Good",3472
"washington-dc-usa-72888","FLS0048",1988-07-28,"Wilson Center","$5",450,"ANON",NA,"VHS Tape","1988 Summer/Fall Regional Dates","Washington","DC","USA",1988,1,-77.03591,38.9285,"Good",2649
"washington-dc-usa-72891","FLS0368",1991-07-28,"dc space",NA,805.788990825688,"Joey Picuri","Warren Russell-Smith","Cassette","1991 Summer Regional Dates","Washington","DC","USA",1991,1,-77.021757,38.8961678,"Good",4631
"washington-dc-usa-72991","FLS0369",1991-07-29,"Fort Reno","Free",805.788990825688,"Joey Picuri","Warren Russell-Smith","Cassette","1991 Summer Regional Dates","Washington","DC","USA",1991,1,-77.077362,38.9512105,"Very Good",3473
"washington-dc-usa-73098","FLS0871",1998-07-30,"Fort Reno","Free",2000,"Joey Picuri","Warren Russell-Smith","DAT","1998 Summer/Fall Regional Dates","Washington","DC","USA",1998,1,-77.077362,38.9512105,"Poor",4336
"washington-dc-usa-73198","FLS0872",1998-07-31,"Sanctuary Theater","5",1031.725,"Joey Picuri","Warren Russell-Smith","DAT","1998 Summer/Fall Regional Dates","Washington","DC","USA",1998,1,-77.034598,38.9276969,"Poor",5172
"washington-dc-usa-80188","FLS0049",1988-08-01,"dc space","$5",200,"ANON","Warren Russell-Smith",NA,"1988 Summer/Fall Regional Dates","Washington","DC","USA",1988,1,-77.021757,38.8961678,"Good",2838
"washington-dc-usa-80494","FLS0627",1994-08-04,"Fort Reno","Free",2000,"Joey Picuri","Jerry Busher","Cassette","1994 Summer Regional Dates","Washington","DC","USA",1994,1,-77.077362,38.9512105,"Good",2156
"washington-dc-usa-80700","FLS0972",2000-08-07,"Fort Reno","Free",1585.26315789474,"ANON",NA,"VHS audio","2000 Summer/Fall Regional Dates","Washington","DC","USA",2000,1,-77.077362,38.9512105,"Good",5554
"washington-dc-usa-80793","FLS0558",1993-08-07,"Sylvan Theater","Free",5000,"Joey Picuri","Fugazi","DAT","1993 Fall/Winter Regional Dates","Washington","DC","USA",1993,1,-77.03462,38.8883593,"Very Good",5221
"washington-dc-usa-80993","FLS0559",1993-08-09,"Fort Reno","Free",1304.65909090909,"Mike Riggs/Chris Murphy","Fugazi","?","1993 Fall/Winter Regional Dates","Washington","DC","USA",1993,1,-77.077362,38.9512105,"Very Good",4000
"washington-dc-usa-81301","FLS1013",2001-08-13,"Fort Reno","Free",4000,"Nick Pellicciotto","Jerry Busher","DAT","2001 Fall/Winter Regional Dates","Washington","DC","USA",2001,1,-77.077362,38.9512105,"Very Good",4939
"washington-dc-usa-82699","FLS0924",1999-08-26,"Fort Reno","Free",1135.859375,"Aron Conaway","Warren Russell-Smith",NA,"1999 Summer/Fall Regional Dates","Washington","DC","USA",1999,1,-77.077362,38.9512105,"Excellent",1752
"washington-dc-usa-82889","FLS0134",1989-08-28,"Fort Reno","Free",800,NA,NA,NA,"1989 Summer Regional Dates","Washington","DC","USA",1989,1,-77.077362,38.9512105,NA,NA
"washington-dc-usa-82997","FLS0847",1997-08-29,"Fort Reno","Free",2500,"ANON","Warren Russell-Smith","DAT","1997 Summer/Fall Regional Dates","Washington","DC","USA",1997,1,-77.077362,38.9512105,"Very Good",4172
"washington-dc-usa-90387","FLS0001",1987-09-03,"Wilson Center","$5",300,"Joey Picuri","Fugazi","Cassette","1987 Fall/Winter Regional Dates","Washington","DC","USA",1987,1,-77.03591,38.9285,"Good",1918
"washington-dc-usa-90397","FLS0848",1997-09-03,"Wilson Center","5",967.5,"Nick Pellicciotto","Fugazi","DAT","1997 Summer/Fall Regional Dates","Washington","DC","USA",1997,1,-77.03591,38.9285,"Very Good",5752
"washington-dc-usa-91188","FLS0051",1988-09-11,"Dupont Circle",NA,198.714285714286,NA,NA,NA,"1988 Summer/Fall Regional Dates","Washington","DC","USA",1988,1,-77.043686,38.9096631,NA,NA
"washington-dc-usa-91695","FLS0714",1995-09-16,"Sylvan Theater","Free",3000,"ANON","Warren Russell-Smith",NA,"1995 Fall USA/Canada Tour","Washington","DC","USA",1995,1,-77.03462,38.8883593,"Poor",2886
"washington-dc-usa-92289","FLS0135",1989-09-22,"All Souls Church Pierce Hall","$5",500,"ANON","Warren Russell-Smith",NA,"1989 Fall Canada/NE Tour","Washington","DC","USA",1989,1,-77.038026,38.9260015,"Good",1069
"washington-dc-usa-92687","FLS0002",1987-09-26,"St. Stephen's Church Cafeteria","$5",200,"Joey Picuri","Jerry Busher","Cassette","1987 Fall/Winter Regional Dates","Washington","DC","USA",1987,1,-77.035759,38.933469,"Very Good",2198
"washington-dc-usa-92996","FLS0790",1996-09-29,"Malcolm X Park","Free",913.244444444444,"ANON","Warren Russell-Smith","Cassette","1996 Spring-Summer Regional Dates","Washington","DC","USA",1996,1,-77.03607,38.9210916,"Very Good",2828
"watsonville-ca-usa-22099","FLS0893",1999-02-20,"Veteran's Memorial Hall","6",1350,"Nick Pellicciotto","Warren Russell-Smith","DAT","1999 West Coast USA Tour","Watsonville","CA","USA",1999,1,-121.754524,36.9126013,"Very Good",4564
"watsonville-ca-usa-42893","FLS0532",1993-04-28,"Veteran's Memorial Hall","5",1300,"Joey Picuri","Warren Russell-Smith","DAT","1993 Spring USA Tour","Watsonville","CA","USA",1993,1,-121.754524,36.9126013,"Good",4516
"waukesha-wi-usa-61590","FLS0230",1990-06-15,"Waukesha Expo Center","5",300,"Joey Picuri","Warren Russell-Smith","Cassette","1990 Spring/Summer USA Tour","Waukesha","WI","USA",1990,1,-88.241361,43.0346585,"Poor",4601
"wellington-new-zealand-121093","FLS0622",1993-12-10,"Student Union",NA,1000,"Joey Picuri","Warren Russell-Smith","Cassette","1993 Japan/Australia/New Zealand Tour","Wellington","","New Zealand",1993,1,174.76945,-41.2886124,"Very Good",4662
"wellington-new-zealand-62897","FLS0830",1997-06-28,"Victoria University",NA,967.5,"Nick Pellicciotto","Fugazi","DAT","1997 Summer Australia/New Zealand Tour","Wellington","","New Zealand",1997,1,174.76945,-41.2886124,"Very Good",1725
"wels-austria-101990","FLS0287",1990-10-19,"Schlachthof","100 AS",700,"Joey Picuri","Warren Russell-Smith","Cassette","1990 Fall European Tour","Wels","","Austria",1990,1,14.016839,48.1588856,"Very Good",5115
"wels-austria-61592","FLS0467",1992-06-15,"Schlachthof",NA,600,"Joey Picuri","Warren Russell-Smith","Cassette","1992 Spring European Tour","Wels","","Austria",1992,1,14.016839,48.1588856,"Very Good",4428
"wels-austria-62595","FLS0698",1995-06-25,"Schlachthof",NA,600,"Joey Picuri","Warren Russell-Smith","Cassette","1995 Spring/Summer European Tour","Wels","","Austria",1995,1,14.016839,48.1588856,"Very Good",5990
"whitstable-england-50492","FLS0433",1992-05-04,"Assembly Rooms","3-5Pounds",350,"Joey Picuri","Warren Russell-Smith","Cassette","1992 Spring European Tour","Whitstable",NA,"England",1992,1,1.0237,51.3606654,"Very Good",4621
"wigan-england-120188","FLS0088",1988-12-01,"Wigan Unity Club",NA,198.714285714286,"Unknown","Jerry Busher","Cassette","1988 Fall European Tour","Wigan",NA,"England",1988,1,-2.632679,53.5469291,"Good",2788
"wilmington-nc-usa-20693","FLS0493",1993-02-06,"Jacob's Run","5",850,"Joey Picuri","Jerry Busher","DAT","1993 Winter Southern USA Tour","Wilmington","NC","USA",1993,1,-77.946985,34.2352145,"Very Good",4176
"wilmington-nc-usa-32096","FLS0767",1996-03-20,"Mad Monk","5",1135,"Nick Pellicciotto","Warren Russell-Smith","DAT","1996 Southern USA Tour","Wilmington","NC","USA",1996,1,-77.870516,34.2454421,"Very Good",3951
"winnipeg-mb-canada-62901","FLS1005",2001-06-29,"Le Rendez Vous","10 (can)",750,"Joey Picuri","Warren Russell-Smith","DAT","2001 Summer Mid-West/Canada Tour","Winnipeg","MB","Canada",2001,1,-97.127138,49.8948913,"Very Good",6503
"winnipeg-mb-canada-81491","FLS0381",1991-08-14,"Duncan Arena","6 (ca)",500,"Joey Picuri","Jerry Busher","Cassette","1991 Summer/Fall USA/Canada Tour","Winnipeg","MB","Canada",1991,1,-97.130896,49.9008152,"Very Good",3982
"winston-salem-nc-usa-32196","FLS0768",1996-03-21,"Ziggy's","5",900,"Nick Pellicciotto","Warren Russell-Smith","DAT","1996 Southern USA Tour","Winston-Salem","NC","USA",1996,1,-80.257701,36.1299225,"Good",4254
"wollongong-australia-111893","FLS0611",1993-11-18,"Youth Centre",NA,250,"Joey Picuri","Warren Russell-Smith","Cassette","1993 Japan/Australia/New Zealand Tour","Wollongong","NSW","Australia",1993,1,150.892895,-34.4264333,"Good",4651
"wollongong-australia-111896","FLS1054",1996-11-18,"Youth Centre",NA,913.244444444444,NA,NA,NA,"1996 US/Japan/Hong Kong/Australia Tour","Wollongong","NSW","Australia",1996,1,150.892895,-34.4264333,NA,NA
"wolverhampton-england-43099","FLS0911",1999-04-30,"Wulfrun Hall","6(pounds)",500,"Joey Picuri","Jerry Busher","DAT","1999 Spring UK/Ireland Tour","Wolverhampton","","England",1999,1,-2.130407,52.5866981,"Very Good",4988
"wolverhampton-england-51495","FLS0663",1995-05-14,"Wulfrun Hall",NA,1000,"Joey Picuri","Warren Russell-Smith","Cassette","1995 Spring/Summer European Tour","Wolverhampton","","England",1995,1,-2.130407,52.5866981,"Very Good",4200
"worcester-ma-usa-31691","FLS0323",1991-03-16,"WAG","5",400,"Joey Picuri","Warren Russell-Smith","Cassette","1991 Winter/Spring East Coast USA Tour","Worcester","MA","USA",1991,1,-71.795581,42.2838928,"Very Good",4499
"worcester-ma-usa-41192","FLS0428",1992-04-11,"Heart of the Commonwealth Theater","5",800,"Joey Picuri","Warren Russell-Smith","Cassette","1992 Spring East Coast Tour","Worcester","MA","USA",1992,1,-71.80052,42.2667257,"Good",4045
"wroclaw-poland-92199","FLS0928",1999-09-21,"Kazamaty",NA,800,"Nick Pellicciotto","Warren Russell-Smith","DAT","1999 Fall European Tour","Wroclaw","","Poland",1999,1,17.03825,51.1046168,"Excellent",5870
"wurzburg-germany-101190","FLS0280",1990-10-11,"Rock Palace","12 DM",500,"Joey Picuri","Warren Russell-Smith","Cassette","1990 Fall European Tour","Wurzburg","","Germany",1990,1,9.9896,49.79555,"Very Good",4956
"yakima-wa-usa-102695","FLS0744",1995-10-26,"Twilight Terrace","5",400,"Joey Picuri","Warren Russell-Smith","DAT","1995 Fall USA/Canada Tour","Yakima","WA","USA",1995,1,-120.50322,46.5950379,"Very Good",4874
"ypsilanti-mi-eastern-michigan-university-12288","FLS1046",1988-01-19,"Eastern Michigan University","5",198.714285714286,"Matt Kelly","Warren Russell-Smith","VHS audio","1988 Winter Michigan Dates","Ypsilanti","MI","USA",1988,1,-83.625597,42.2459904,"Poor",3057
"zagreb-yugoslavia-102290","FLS0290",1990-10-22,"Galleria","15 Marks",450,"Joey Picuri","Warren Russell-Smith","Cassette","1990 Fall European Tour","Zagreb",NA,"Yugoslavia",1990,1,15.966746,45.8037468,"Very Good",4480
"zaragoza-spain-60392","FLS0457",1992-06-03,"En Bruto",NA,300,"Joey Picuri","Warren Russell-Smith","Cassette","1992 Spring European Tour","Zaragoza","","Spain",1992,1,-0.88481,41.6424077,"Very Good",4751
"zgorzelec-poland-100690","FLS0275",1990-10-06,"Cultural Center / Military Museum",NA,600,"Joey Picuri","Warren Russell-Smith","Cassette","1990 Fall European Tour","Zgorzelec","","Poland",1990,1,15.002555,51.147087,"Good",4597
"zurich-switzerland-100599","FLS0941",1999-10-05,"Rote Fabrik",NA,625,"Nick Pellicciotto","Warren Russell-Smith","DAT","1999 Fall European Tour","Zurich","","Switzerland",1999,1,8.535829,47.343558,"Very Good",5936
"zurich-switzerland-101790","FLS0285",1990-10-17,"Rote Fabrik","10 SW FR",1300,"Joey Picuri","Warren Russell-Smith","Cassette","1990 Fall European Tour","Zurich",NA,"Switzerland",1990,1,8.535829,47.343558,"Good",5413
"zurich-switzerland-110888","FLS0071",1988-11-08,"Provitreff House",NA,50,NA,NA,NA,"1988 Fall European Tour","Zurich","","Switzerland",1988,1,8.529723,47.3877257,NA,NA
"zurich-switzerland-60995","FLS0684",1995-06-09,"Rote Fabrik",NA,1400,NA,NA,NA,"1995 Spring/Summer European Tour","Zurich",NA,"Switzerland",1995,1,8.535829,47.343558,NA,NA
"zurich-switzerland-61892","FLS0470",1992-06-18,"Rote Fabrik",NA,1326,"Joey Picuri","Warren Russell-Smith","Cassette","1992 Spring European Tour","Zurich","","Switzerland",1992,1,8.535829,47.343558,"Very Good",5014
