"gid","fls_link","year","tour","date","venue","city","country","played_with","attendance","sound_quality","latitude","longitude"
"aalst-belgium-92390","<a href='https://www.dischord.com/fugazi_live_series/aalst-belgium-92390' target='_blank'>aalst-belgium-92390</a>",1990,"1990 Fall European Tour",1990-09-23,"Netwerk","Aalst","Belgium","Alice Donut",600,"Good",50.9422913,4.042928
"aberdeen-scotland-50499","<a href='https://www.dischord.com/fugazi_live_series/aberdeen-scotland-50499' target='_blank'>aberdeen-scotland-50499</a>",1999,"1999 Spring UK/Ireland Tour",1999-05-04,"Lemon Tree","Aberdeen","Scotland","Laeto",550,"Very Good",57.1499139,-2.094868
"adelaide-australia-111193","<a href='https://www.dischord.com/fugazi_live_series/adelaide-australia-111193' target='_blank'>adelaide-australia-111193</a>",1993,"1993 Japan/Australia/New Zealand Tour",1993-11-11,"Dom Polski Hall","Adelaide","Australia","Magic Dirt",550,"Good",-34.9292695,138.60947
"adelaide-australia-111296","<a href='https://www.dischord.com/fugazi_live_series/adelaide-australia-111296' target='_blank'>adelaide-australia-111296</a>",1996,"1996 US/Japan/Hong Kong/Australia Tour",1996-11-12,"Adelaide University","Adelaide","Australia","Sin Dog Jellyroll",913,"Very Good",-34.9184709,138.603422
"adelaide-australia-111296","<a href='https://www.dischord.com/fugazi_live_series/adelaide-australia-111296' target='_blank'>adelaide-australia-111296</a>",1996,"1996 US/Japan/Hong Kong/Australia Tour",1996-11-12,"Adelaide University","Adelaide","Australia","Test Eagles",913,"Very Good",-34.9184709,138.603422
"adelaide-sa-australia-102291","<a href='https://www.dischord.com/fugazi_live_series/adelaide-sa-australia-102291' target='_blank'>adelaide-sa-australia-102291</a>",1991,"1991 Australia/New Zealand/Japan Tour",1991-10-22,"Le Rox Hotel","Adelaide","Australia","Baba Ganous",450,"Good",-34.9239321,138.592912
"akron-oh-usa-62890","<a href='https://www.dischord.com/fugazi_live_series/akron-oh-usa-62890' target='_blank'>akron-oh-usa-62890</a>",1990,"1990 Spring/Summer USA Tour",1990-06-28,"Jackie Lee's Scooterz Entertainment Center","Akron","USA","Holy Rollers",700,"Good",41.0160279,-81.551486
"akron-oh-usa-62890","<a href='https://www.dischord.com/fugazi_live_series/akron-oh-usa-62890' target='_blank'>akron-oh-usa-62890</a>",1990,"1990 Spring/Summer USA Tour",1990-06-28,"Jackie Lee's Scooterz Entertainment Center","Akron","USA","Hyper as Hell",700,"Good",41.0160279,-81.551486
"albany-ny-usa-92093","<a href='https://www.dischord.com/fugazi_live_series/albany-ny-usa-92093' target='_blank'>albany-ny-usa-92093</a>",1993,"1993 Fall USA/Canada Tour",1993-09-20,"S.U.N.Y. Albany","Albany","USA","Spinanes",1000,"Very Good",42.6819357,-73.828394
"albany-ny-usa-92093","<a href='https://www.dischord.com/fugazi_live_series/albany-ny-usa-92093' target='_blank'>albany-ny-usa-92093</a>",1993,"1993 Fall USA/Canada Tour",1993-09-20,"S.U.N.Y. Albany","Albany","USA","Very Pleasant Neighbor",1000,"Very Good",42.6819357,-73.828394
"albuquerque-nm-usa-111395","<a href='https://www.dischord.com/fugazi_live_series/albuquerque-nm-usa-111395' target='_blank'>albuquerque-nm-usa-111395</a>",1995,"1995 Fall USA/Canada Tour",1995-11-13,"Five Points Hall","Albuquerque","USA","Blonde Redhead",895,"Very Good",35.0574841,-106.740918
"albuquerque-nm-usa-111395","<a href='https://www.dischord.com/fugazi_live_series/albuquerque-nm-usa-111395' target='_blank'>albuquerque-nm-usa-111395</a>",1995,"1995 Fall USA/Canada Tour",1995-11-13,"Five Points Hall","Albuquerque","USA","Unwound",895,"Very Good",35.0574841,-106.740918
"albuquerque-nm-usa-40801","<a href='https://www.dischord.com/fugazi_live_series/albuquerque-nm-usa-40801' target='_blank'>albuquerque-nm-usa-40801</a>",2001,"2001 Spring Western USA Tour",2001-04-08,"Sunshine Music Hall","Albuquerque","USA","Eyeliners",1100,"Excellent",35.0839449,-106.649071
"albuquerque-nm-usa-40801","<a href='https://www.dischord.com/fugazi_live_series/albuquerque-nm-usa-40801' target='_blank'>albuquerque-nm-usa-40801</a>",2001,"2001 Spring Western USA Tour",2001-04-08,"Sunshine Music Hall","Albuquerque","USA","Gogogo Airheart",1100,"Excellent",35.0839449,-106.649071
"albuquerque-nm-usa-91191","<a href='https://www.dischord.com/fugazi_live_series/albuquerque-nm-usa-91191' target='_blank'>albuquerque-nm-usa-91191</a>",1991,"1991 Summer/Fall USA/Canada Tour",1991-09-11,"Sunshine Music Hall","Albuquerque","USA","Big Damn Crazy Weight",800,"Good",35.0839449,-106.649071
"albuquerque-nm-usa-91191","<a href='https://www.dischord.com/fugazi_live_series/albuquerque-nm-usa-91191' target='_blank'>albuquerque-nm-usa-91191</a>",1991,"1991 Summer/Fall USA/Canada Tour",1991-09-11,"Sunshine Music Hall","Albuquerque","USA","Crack in the Sidewalk",800,"Good",35.0839449,-106.649071
"ames-ia-usa-101795","<a href='https://www.dischord.com/fugazi_live_series/ames-ia-usa-101795' target='_blank'>ames-ia-usa-101795</a>",1995,"1995 Fall USA/Canada Tour",1995-10-17,"Hunky Dory's","Ames","USA","Chisel",600,"Good",42.0061761,-93.612785
"ames-ia-usa-101795","<a href='https://www.dischord.com/fugazi_live_series/ames-ia-usa-101795' target='_blank'>ames-ia-usa-101795</a>",1995,"1995 Fall USA/Canada Tour",1995-10-17,"Hunky Dory's","Ames","USA","Lungfish",600,"Good",42.0061761,-93.612785
"amherst-ma-usa-30991","<a href='https://www.dischord.com/fugazi_live_series/amherst-ma-usa-30991' target='_blank'>amherst-ma-usa-30991</a>",1991,"1991 Winter/Spring East Coast USA Tour",1991-03-09,"University of Massachusetts","Amherst","USA","The Brood",1000,"Very Good",42.390842,-72.527655
"amherst-ma-usa-30991","<a href='https://www.dischord.com/fugazi_live_series/amherst-ma-usa-30991' target='_blank'>amherst-ma-usa-30991</a>",1991,"1991 Winter/Spring East Coast USA Tour",1991-03-09,"University of Massachusetts","Amherst","USA","ZuZu's Pedals",1000,"Very Good",42.390842,-72.527655
"amsterdam-netherlands-101688","<a href='https://www.dischord.com/fugazi_live_series/amsterdam-netherlands-101688' target='_blank'>amsterdam-netherlands-101688</a>",1988,"1988 Fall European Tour",1988-10-16,"Van Hall","Amsterdam","Netherlands","No FX",199,"Good",52.3797524,4.871879
"amsterdam-netherlands-101688","<a href='https://www.dischord.com/fugazi_live_series/amsterdam-netherlands-101688' target='_blank'>amsterdam-netherlands-101688</a>",1988,"1988 Fall European Tour",1988-10-16,"Van Hall","Amsterdam","Netherlands","Subterranean Kids",199,"Good",52.3797524,4.871879
"amsterdam-netherlands-110389","<a href='https://www.dischord.com/fugazi_live_series/amsterdam-netherlands-110389' target='_blank'>amsterdam-netherlands-110389</a>",1989,"1989 Fall European Tour",1989-11-03,"Vranckrijk","Amsterdam","Netherlands","Swamp surfers",350,"Good",52.3716309,4.889134
"amsterdam-netherlands-110790","<a href='https://www.dischord.com/fugazi_live_series/amsterdam-netherlands-110790' target='_blank'>amsterdam-netherlands-110790</a>",1990,"1990 Fall European Tour",1990-11-07,"Paradiso","Amsterdam","Netherlands","The Ex",1200,"Very Good",52.3621619,4.883805
"amsterdam-netherlands-120989","<a href='https://www.dischord.com/fugazi_live_series/amsterdam-netherlands-120989' target='_blank'>amsterdam-netherlands-120989</a>",1989,"1989 Fall European Tour",1989-12-09,"Melkweg","Amsterdam","Netherlands","Visions of Change",452,"Good",52.364786,4.881248
"amsterdam-netherlands-50192","<a href='https://www.dischord.com/fugazi_live_series/amsterdam-netherlands-50192' target='_blank'>amsterdam-netherlands-50192</a>",1992,"1992 Spring European Tour",1992-05-01,"Paradiso","Amsterdam","Netherlands","De Kift",1200,"Good",52.3621619,4.883805
"amsterdam-netherlands-50192","<a href='https://www.dischord.com/fugazi_live_series/amsterdam-netherlands-50192' target='_blank'>amsterdam-netherlands-50192</a>",1992,"1992 Spring European Tour",1992-05-01,"Paradiso","Amsterdam","Netherlands","JamJar",1200,"Good",52.3621619,4.883805
"amsterdam-netherlands-50192","<a href='https://www.dischord.com/fugazi_live_series/amsterdam-netherlands-50192' target='_blank'>amsterdam-netherlands-50192</a>",1992,"1992 Spring European Tour",1992-05-01,"Paradiso","Amsterdam","Netherlands","Shudder to Think",1200,"Good",52.3621619,4.883805
"amsterdam-netherlands-50192","<a href='https://www.dischord.com/fugazi_live_series/amsterdam-netherlands-50192' target='_blank'>amsterdam-netherlands-50192</a>",1992,"1992 Spring European Tour",1992-05-01,"Paradiso","Amsterdam","Netherlands","Tom Cora",1200,"Good",52.3621619,4.883805
"amsterdam-netherlands-51795","<a href='https://www.dischord.com/fugazi_live_series/amsterdam-netherlands-51795' target='_blank'>amsterdam-netherlands-51795</a>",1995,"1995 Spring/Summer European Tour",1995-05-17,"Paradiso","Amsterdam","Netherlands","Sebadoh",1300,"Very Good",52.3621619,4.883805
"amsterdam-netherlands-90490","<a href='https://www.dischord.com/fugazi_live_series/amsterdam-netherlands-90490' target='_blank'>amsterdam-netherlands-90490</a>",1990,"1990 Fall European Tour",1990-09-04,"Paradiso","Amsterdam","Netherlands","So Much Hate",1000,"Very Good",52.3621619,4.883805
"amsterdam-netherlands-90490","<a href='https://www.dischord.com/fugazi_live_series/amsterdam-netherlands-90490' target='_blank'>amsterdam-netherlands-90490</a>",1990,"1990 Fall European Tour",1990-09-04,"Paradiso","Amsterdam","Netherlands","Thatcher on Acid",1000,"Very Good",52.3621619,4.883805
"amsterdam-netherlands-91699","<a href='https://www.dischord.com/fugazi_live_series/amsterdam-netherlands-91699' target='_blank'>amsterdam-netherlands-91699</a>",1999,"1999 Fall European Tour",1999-09-16,"Paradiso","Amsterdam","Netherlands","Lowlife",1200,"Very Good",52.3621619,4.883805
"anchorage-ak-usa-110195","<a href='https://www.dischord.com/fugazi_live_series/anchorage-ak-usa-110195' target='_blank'>anchorage-ak-usa-110195</a>",1995,"1995 Fall USA/Canada Tour",1995-11-01,"Egan Center","Anchorage","USA","Freedom 49",2050,"Very Good",61.2177359,-149.891653
"angers-france-52595","<a href='https://www.dischord.com/fugazi_live_series/angers-france-52595' target='_blank'>angers-france-52595</a>",1995,"1995 Spring/Summer European Tour",1995-05-25,"Chabada","Angers","France","Prohibition",1280,"Very Good",47.4893112,-0.536795
"ann-arbor-mi-usa-62390","<a href='https://www.dischord.com/fugazi_live_series/ann-arbor-mi-usa-62390' target='_blank'>ann-arbor-mi-usa-62390</a>",1990,"1990 Spring/Summer USA Tour",1990-06-23,"University of Michigan Ballrooom","Ann Arbor","USA","Phünhögg",450,"Poor",42.2752282,-83.741514
"ann-arbor-mi-usa-62390","<a href='https://www.dischord.com/fugazi_live_series/ann-arbor-mi-usa-62390' target='_blank'>ann-arbor-mi-usa-62390</a>",1990,"1990 Spring/Summer USA Tour",1990-06-23,"University of Michigan Ballrooom","Ann Arbor","USA","Ward",450,"Poor",42.2752282,-83.741514
"annapolis-md-usa-20688","<a href='https://www.dischord.com/fugazi_live_series/annapolis-md-usa-20688' target='_blank'>annapolis-md-usa-20688</a>",1988,"1988 Winter/Spring Regional Dates",1988-02-06,"Unitarian Church","Annapolis","USA","Images",75,"Good",38.9990565,-76.524525
"annapolis-md-usa-20688","<a href='https://www.dischord.com/fugazi_live_series/annapolis-md-usa-20688' target='_blank'>annapolis-md-usa-20688</a>",1988,"1988 Winter/Spring Regional Dates",1988-02-06,"Unitarian Church","Annapolis","USA","Moss Icon",75,"Good",38.9990565,-76.524525
"arras-france-52095","<a href='https://www.dischord.com/fugazi_live_series/arras-france-52095' target='_blank'>arras-france-52095</a>",1995,"1995 Spring/Summer European Tour",1995-05-20,"Le Pharos","Arras","France","Cooper",315,"Good",50.3019331,2.74857
"asheville-nc-usa-32402","<a href='https://www.dischord.com/fugazi_live_series/asheville-nc-usa-32402' target='_blank'>asheville-nc-usa-32402</a>",2002,"2002 Spring Southern USA/Texas Tour",2002-03-24,"Asheville Music Zone","Asheville","USA","Francis",1619,"Very Good",35.5948675,-82.553025
"athens-ga-usa-121899","<a href='https://www.dischord.com/fugazi_live_series/athens-ga-usa-121899' target='_blank'>athens-ga-usa-121899</a>",1999,"1999 Fall/Winter Southern USA Tour",1999-12-18,"40 Watt","Athens","USA","Allscars",900,"Very Good",33.9582921,-83.380061
"athens-ga-usa-121899","<a href='https://www.dischord.com/fugazi_live_series/athens-ga-usa-121899' target='_blank'>athens-ga-usa-121899</a>",1999,"1999 Fall/Winter Southern USA Tour",1999-12-18,"40 Watt","Athens","USA","Faraquet",900,"Very Good",33.9582921,-83.380061
"athens-ga-usa-21893","<a href='https://www.dischord.com/fugazi_live_series/athens-ga-usa-21893' target='_blank'>athens-ga-usa-21893</a>",1993,"1993 Winter Southern USA Tour",1993-02-18,"40 Watt","Athens","USA","Shudder to Think",500,"Very Good",33.9582921,-83.380061
"athens-ga-usa-21993","<a href='https://www.dischord.com/fugazi_live_series/athens-ga-usa-21993' target='_blank'>athens-ga-usa-21993</a>",1993,"1993 Winter Southern USA Tour",1993-02-19,"40 Watt","Athens","USA","Superchunk",1000,"Very Good",33.9582921,-83.380061
"athens-ga-usa-21993","<a href='https://www.dischord.com/fugazi_live_series/athens-ga-usa-21993' target='_blank'>athens-ga-usa-21993</a>",1993,"1993 Winter Southern USA Tour",1993-02-19,"40 Watt","Athens","USA","Unrest",1000,"Very Good",33.9582921,-83.380061
"athens-ga-usa-31490","<a href='https://www.dischord.com/fugazi_live_series/athens-ga-usa-31490' target='_blank'>athens-ga-usa-31490</a>",1990,"1990 Spring Southern USA Tour",1990-03-14,"40 Watt","Athens","USA","Rein Sanction",350,"Very Good",33.9582921,-83.380061
"athens-ga-usa-32696","<a href='https://www.dischord.com/fugazi_live_series/athens-ga-usa-32696' target='_blank'>athens-ga-usa-32696</a>",1996,"1996 Southern USA Tour",1996-03-26,"40 Watt","Athens","USA","Branch Manager",975,"Very Good",33.9582921,-83.380061
"athens-ga-usa-32696","<a href='https://www.dischord.com/fugazi_live_series/athens-ga-usa-32696' target='_blank'>athens-ga-usa-32696</a>",1996,"1996 Southern USA Tour",1996-03-26,"40 Watt","Athens","USA","Vic Chesnutt",975,"Very Good",33.9582921,-83.380061
"athens-ga-usa-50389","<a href='https://www.dischord.com/fugazi_live_series/athens-ga-usa-50389' target='_blank'>athens-ga-usa-50389</a>",1989,"1989 Spring USA Tour",1989-05-03,"40 Watt","Athens","USA","Angle Lake",300,"Good",33.9582921,-83.380061
"athens-ga-usa-51191","<a href='https://www.dischord.com/fugazi_live_series/athens-ga-usa-51191' target='_blank'>athens-ga-usa-51191</a>",1991,"1991 Spring USA Tour",1991-05-11,"40 Watt","Athens","USA","Porn Orchard",700,"Good",33.9582921,-83.380061
"athens-ga-usa-60388","<a href='https://www.dischord.com/fugazi_live_series/athens-ga-usa-60388' target='_blank'>athens-ga-usa-60388</a>",1988,"1988 Spring USA Tour",1988-06-03,"40 Watt","Athens","USA","Jackonuts",150,NA,33.9582921,-83.380061
"atlanta-ga-usa-121799","<a href='https://www.dischord.com/fugazi_live_series/atlanta-ga-usa-121799' target='_blank'>atlanta-ga-usa-121799</a>",1999,"1999 Fall/Winter Southern USA Tour",1999-12-17,"Masquerade","Atlanta","USA","Allscars",1200,"Very Good",33.7706759,-84.364432
"atlanta-ga-usa-121799","<a href='https://www.dischord.com/fugazi_live_series/atlanta-ga-usa-121799' target='_blank'>atlanta-ga-usa-121799</a>",1999,"1999 Fall/Winter Southern USA Tour",1999-12-17,"Masquerade","Atlanta","USA","Faraquet",1200,"Very Good",33.7706759,-84.364432
"atlanta-ga-usa-20993","<a href='https://www.dischord.com/fugazi_live_series/atlanta-ga-usa-20993' target='_blank'>atlanta-ga-usa-20993</a>",1993,"1993 Winter Southern USA Tour",1993-02-09,"Masquerade","Atlanta","USA","Shudder to Think",1350,"Good",33.7706759,-84.364432
"atlanta-ga-usa-20993","<a href='https://www.dischord.com/fugazi_live_series/atlanta-ga-usa-20993' target='_blank'>atlanta-ga-usa-20993</a>",1993,"1993 Winter Southern USA Tour",1993-02-09,"Masquerade","Atlanta","USA","Whoremonger",1350,"Good",33.7706759,-84.364432
"atlanta-ga-usa-21093","<a href='https://www.dischord.com/fugazi_live_series/atlanta-ga-usa-21093' target='_blank'>atlanta-ga-usa-21093</a>",1993,"1993 Winter Southern USA Tour",1993-02-10,"Masquerade","Atlanta","USA","Shudder to Think",1450,"Good",33.7706759,-84.364432
"atlanta-ga-usa-21093","<a href='https://www.dischord.com/fugazi_live_series/atlanta-ga-usa-21093' target='_blank'>atlanta-ga-usa-21093</a>",1993,"1993 Winter Southern USA Tour",1993-02-10,"Masquerade","Atlanta","USA","Tweezer",1450,"Good",33.7706759,-84.364432
"atlanta-ga-usa-31590","<a href='https://www.dischord.com/fugazi_live_series/atlanta-ga-usa-31590' target='_blank'>atlanta-ga-usa-31590</a>",1990,"1990 Spring Southern USA Tour",1990-03-15,"Masquerade","Atlanta","USA","Porn Orchard",935,"Good",33.7706759,-84.364432
"atlanta-ga-usa-32896","<a href='https://www.dischord.com/fugazi_live_series/atlanta-ga-usa-32896' target='_blank'>atlanta-ga-usa-32896</a>",1996,"1996 Southern USA Tour",1996-03-28,"Masquerade","Atlanta","USA","Branch Manager",1100,"Very Good",33.7706759,-84.364432
"atlanta-ga-usa-32896","<a href='https://www.dischord.com/fugazi_live_series/atlanta-ga-usa-32896' target='_blank'>atlanta-ga-usa-32896</a>",1996,"1996 Southern USA Tour",1996-03-28,"Masquerade","Atlanta","USA","Seely",1100,"Very Good",33.7706759,-84.364432
"atlanta-ga-usa-32996","<a href='https://www.dischord.com/fugazi_live_series/atlanta-ga-usa-32996' target='_blank'>atlanta-ga-usa-32996</a>",1996,"1996 Southern USA Tour",1996-03-29,"Masquerade","Atlanta","USA","Branch Manager",1100,"Very Good",33.7706759,-84.364432
"atlanta-ga-usa-32996","<a href='https://www.dischord.com/fugazi_live_series/atlanta-ga-usa-32996' target='_blank'>atlanta-ga-usa-32996</a>",1996,"1996 Southern USA Tour",1996-03-29,"Masquerade","Atlanta","USA","Hall of Fame",1100,"Very Good",33.7706759,-84.364432
"atlanta-ga-usa-50589","<a href='https://www.dischord.com/fugazi_live_series/atlanta-ga-usa-50589' target='_blank'>atlanta-ga-usa-50589</a>",1989,"1989 Spring USA Tour",1989-05-05,"Excelsior Mill","Atlanta","USA","After Words",450,"Good",33.7706759,-84.364432
"atlanta-ga-usa-50589","<a href='https://www.dischord.com/fugazi_live_series/atlanta-ga-usa-50589' target='_blank'>atlanta-ga-usa-50589</a>",1989,"1989 Spring USA Tour",1989-05-05,"Excelsior Mill","Atlanta","USA","Butterglove",450,"Good",33.7706759,-84.364432
"atlanta-ga-usa-51291","<a href='https://www.dischord.com/fugazi_live_series/atlanta-ga-usa-51291' target='_blank'>atlanta-ga-usa-51291</a>",1991,"1991 Spring USA Tour",1991-05-12,"Masquerade","Atlanta","USA","Daisy",1700,"Good",33.7706759,-84.364432
"atlanta-ga-usa-51291","<a href='https://www.dischord.com/fugazi_live_series/atlanta-ga-usa-51291' target='_blank'>atlanta-ga-usa-51291</a>",1991,"1991 Spring USA Tour",1991-05-12,"Masquerade","Atlanta","USA","Fiddlehead",1700,"Good",33.7706759,-84.364432
"atlanta-ga-usa-60488","<a href='https://www.dischord.com/fugazi_live_series/atlanta-ga-usa-60488' target='_blank'>atlanta-ga-usa-60488</a>",1988,"1988 Spring USA Tour",1988-06-04,"First Existentialist Church","Atlanta","USA","After Words",100,"Good",33.7669836,-84.339694
"atlanta-ga-usa-60488","<a href='https://www.dischord.com/fugazi_live_series/atlanta-ga-usa-60488' target='_blank'>atlanta-ga-usa-60488</a>",1988,"1988 Spring USA Tour",1988-06-04,"First Existentialist Church","Atlanta","USA","Final Offering",100,"Good",33.7669836,-84.339694
"auckland-new-zealand-110891","<a href='https://www.dischord.com/fugazi_live_series/auckland-new-zealand-110891' target='_blank'>auckland-new-zealand-110891</a>",1991,"1991 Australia/New Zealand/Japan Tour",1991-11-08,"Powerstation","Auckland","New Zealand","SPUD",900,"Good",-36.8662425,174.76118
"auckland-new-zealand-110891","<a href='https://www.dischord.com/fugazi_live_series/auckland-new-zealand-110891' target='_blank'>auckland-new-zealand-110891</a>",1991,"1991 Australia/New Zealand/Japan Tour",1991-11-08,"Powerstation","Auckland","New Zealand","Salad Daze",900,"Good",-36.8662425,174.76118
"auckland-new-zealand-110891","<a href='https://www.dischord.com/fugazi_live_series/auckland-new-zealand-110891' target='_blank'>auckland-new-zealand-110891</a>",1991,"1991 Australia/New Zealand/Japan Tour",1991-11-08,"Powerstation","Auckland","New Zealand","Second Child",900,"Good",-36.8662425,174.76118
"auckland-new-zealand-121193","<a href='https://www.dischord.com/fugazi_live_series/auckland-new-zealand-121193' target='_blank'>auckland-new-zealand-121193</a>",1993,"1993 Japan/Australia/New Zealand Tour",1993-12-11,"Powerstation","Auckland","New Zealand","Rainy Days",800,"Excellent",-36.8662425,174.76118
"auckland-new-zealand-121193","<a href='https://www.dischord.com/fugazi_live_series/auckland-new-zealand-121193' target='_blank'>auckland-new-zealand-121193</a>",1993,"1993 Japan/Australia/New Zealand Tour",1993-12-11,"Powerstation","Auckland","New Zealand","Semi Lemon Kola",800,"Excellent",-36.8662425,174.76118
"auckland-new-zealand-121293","<a href='https://www.dischord.com/fugazi_live_series/auckland-new-zealand-121293' target='_blank'>auckland-new-zealand-121293</a>",1993,"1993 Japan/Australia/New Zealand Tour",1993-12-12,"Powerstation","Auckland","New Zealand","Rainy Days",500,"Excellent",-36.8662425,174.76118
"auckland-new-zealand-121293","<a href='https://www.dischord.com/fugazi_live_series/auckland-new-zealand-121293' target='_blank'>auckland-new-zealand-121293</a>",1993,"1993 Japan/Australia/New Zealand Tour",1993-12-12,"Powerstation","Auckland","New Zealand","Thorazine Shuffle",500,"Excellent",-36.8662425,174.76118
"auckland-new-zealand-62797","<a href='https://www.dischord.com/fugazi_live_series/auckland-new-zealand-62797' target='_blank'>auckland-new-zealand-62797</a>",1997,"1997 Summer Australia/New Zealand Tour",1997-06-27,"Powerstation","Auckland","New Zealand",NA,968,"Good",-36.8662425,174.76118
"augsburg-germany-110588","<a href='https://www.dischord.com/fugazi_live_series/augsburg-germany-110588' target='_blank'>augsburg-germany-110588</a>",1988,"1988 Fall European Tour",1988-11-05,"Bootleg","Augsburg","Germany","Militant Mothers",199,"Good",48.3833287,10.878812
"austin-tx-usa-111695","<a href='https://www.dischord.com/fugazi_live_series/austin-tx-usa-111695' target='_blank'>austin-tx-usa-111695</a>",1995,"1995 Fall USA/Canada Tour",1995-11-16,"Liberty Lunch","Austin","USA","Blonde Redhead",1100,"Very Good",30.2655522,-97.749048
"austin-tx-usa-111695","<a href='https://www.dischord.com/fugazi_live_series/austin-tx-usa-111695' target='_blank'>austin-tx-usa-111695</a>",1995,"1995 Fall USA/Canada Tour",1995-11-16,"Liberty Lunch","Austin","USA","Branch Manager",1100,"Very Good",30.2655522,-97.749048
"austin-tx-usa-111795","<a href='https://www.dischord.com/fugazi_live_series/austin-tx-usa-111795' target='_blank'>austin-tx-usa-111795</a>",1995,"1995 Fall USA/Canada Tour",1995-11-17,"Liberty Lunch","Austin","USA","Blonde Redhead",1100,"Very Good",30.2655522,-97.749048
"austin-tx-usa-112298","<a href='https://www.dischord.com/fugazi_live_series/austin-tx-usa-112298' target='_blank'>austin-tx-usa-112298</a>",1998,"1998 Fall Mid-West USA Tour",1998-11-22,"Liberty Lunch","Austin","USA","Hovercraft",1100,"Very Good",30.2655522,-97.749048
"austin-tx-usa-112298","<a href='https://www.dischord.com/fugazi_live_series/austin-tx-usa-112298' target='_blank'>austin-tx-usa-112298</a>",1998,"1998 Fall Mid-West USA Tour",1998-11-22,"Liberty Lunch","Austin","USA","ICU",1100,"Very Good",30.2655522,-97.749048
"austin-tx-usa-33002","<a href='https://www.dischord.com/fugazi_live_series/austin-tx-usa-33002' target='_blank'>austin-tx-usa-33002</a>",2002,"2002 Spring Southern USA/Texas Tour",2002-03-30,"Emo's","Austin","USA","The White Papers",1200,"Very Good",30.2667251,-97.737053
"austin-tx-usa-33102","<a href='https://www.dischord.com/fugazi_live_series/austin-tx-usa-33102' target='_blank'>austin-tx-usa-33102</a>",2002,"2002 Spring Southern USA/Texas Tour",2002-03-31,"Emo's","Austin","USA","The Snobs",1300,"Very Good",30.2667251,-97.737053
"austin-tx-usa-33102","<a href='https://www.dischord.com/fugazi_live_series/austin-tx-usa-33102' target='_blank'>austin-tx-usa-33102</a>",2002,"2002 Spring Southern USA/Texas Tour",2002-03-31,"Emo's","Austin","USA","Total Noise Group",1300,"Very Good",30.2667251,-97.737053
"austin-tx-usa-41293","<a href='https://www.dischord.com/fugazi_live_series/austin-tx-usa-41293' target='_blank'>austin-tx-usa-41293</a>",1993,"1993 Spring USA Tour",1993-04-12,"Liberty Lunch","Austin","USA","Faucet",1000,"Good",30.2655522,-97.749048
"austin-tx-usa-41393","<a href='https://www.dischord.com/fugazi_live_series/austin-tx-usa-41393' target='_blank'>austin-tx-usa-41393</a>",1993,"1993 Spring USA Tour",1993-04-13,"Liberty Lunch","Austin","USA","Come",1000,"Good",30.2655522,-97.749048
"austin-tx-usa-50590","<a href='https://www.dischord.com/fugazi_live_series/austin-tx-usa-50590' target='_blank'>austin-tx-usa-50590</a>",1990,"1990 Spring/Summer USA Tour",1990-05-05,"Liberty Lunch","Austin","USA","Glass Eye",1100,"Very Good",30.2655522,-97.749048
"austin-tx-usa-50590","<a href='https://www.dischord.com/fugazi_live_series/austin-tx-usa-50590' target='_blank'>austin-tx-usa-50590</a>",1990,"1990 Spring/Summer USA Tour",1990-05-05,"Liberty Lunch","Austin","USA","Spot",1100,"Very Good",30.2655522,-97.749048
"austin-tx-usa-51389","<a href='https://www.dischord.com/fugazi_live_series/austin-tx-usa-51389' target='_blank'>austin-tx-usa-51389</a>",1989,"1989 Spring USA Tour",1989-05-13,"Liberty Lunch","Austin","USA","Bad Mutha Goose",1000,NA,30.2655522,-97.749048
"austin-tx-usa-51389","<a href='https://www.dischord.com/fugazi_live_series/austin-tx-usa-51389' target='_blank'>austin-tx-usa-51389</a>",1989,"1989 Spring USA Tour",1989-05-13,"Liberty Lunch","Austin","USA","Retarded Elf",1000,NA,30.2655522,-97.749048
"austin-tx-usa-52591","<a href='https://www.dischord.com/fugazi_live_series/austin-tx-usa-52591' target='_blank'>austin-tx-usa-52591</a>",1991,"1991 Spring USA Tour",1991-05-25,"Liberty Lunch","Austin","USA","Glass Eye",1100,"Very Good",30.2655522,-97.749048
"austin-tx-usa-52591","<a href='https://www.dischord.com/fugazi_live_series/austin-tx-usa-52591' target='_blank'>austin-tx-usa-52591</a>",1991,"1991 Spring USA Tour",1991-05-25,"Liberty Lunch","Austin","USA","Ufungusumungus",1100,"Very Good",30.2655522,-97.749048
"austin-tx-usa-52888","<a href='https://www.dischord.com/fugazi_live_series/austin-tx-usa-52888' target='_blank'>austin-tx-usa-52888</a>",1988,"1988 Spring USA Tour",1988-05-28,"Liberty Lunch","Austin","USA","Bad Mutha Goose",400,NA,30.2655522,-97.749048
"austin-tx-usa-52888","<a href='https://www.dischord.com/fugazi_live_series/austin-tx-usa-52888' target='_blank'>austin-tx-usa-52888</a>",1988,"1988 Spring USA Tour",1988-05-28,"Liberty Lunch","Austin","USA","Glass Eye",400,NA,30.2655522,-97.749048
"austin-tx-usa-52888","<a href='https://www.dischord.com/fugazi_live_series/austin-tx-usa-52888' target='_blank'>austin-tx-usa-52888</a>",1988,"1988 Spring USA Tour",1988-05-28,"Liberty Lunch","Austin","USA","Wildseeds",400,NA,30.2655522,-97.749048
"bakersfield-ca-usa-110795","<a href='https://www.dischord.com/fugazi_live_series/bakersfield-ca-usa-110795' target='_blank'>bakersfield-ca-usa-110795</a>",1995,"1995 Fall USA/Canada Tour",1995-11-07,"Tejon Theater","Bakersfield","USA","Dub Narcotic",900,"Very Good",35.3813283,-118.991703
"bakersfield-ca-usa-110795","<a href='https://www.dischord.com/fugazi_live_series/bakersfield-ca-usa-110795' target='_blank'>bakersfield-ca-usa-110795</a>",1995,"1995 Fall USA/Canada Tour",1995-11-07,"Tejon Theater","Bakersfield","USA","The Warmers",900,"Very Good",35.3813283,-118.991703
"bakersfield-ca-usa-30499","<a href='https://www.dischord.com/fugazi_live_series/bakersfield-ca-usa-30499' target='_blank'>bakersfield-ca-usa-30499</a>",1999,"1999 West Coast USA Tour",1999-03-04,"Juarez Hall","Bakersfield","USA","Fluf",400,"Very Good",35.3728847,-118.991851
"bakersfield-ca-usa-30499","<a href='https://www.dischord.com/fugazi_live_series/bakersfield-ca-usa-30499' target='_blank'>bakersfield-ca-usa-30499</a>",1999,"1999 West Coast USA Tour",1999-03-04,"Juarez Hall","Bakersfield","USA","Pop Rockets",400,"Very Good",35.3728847,-118.991851
"ballarat-australia-61997","<a href='https://www.dischord.com/fugazi_live_series/ballarat-australia-61997' target='_blank'>ballarat-australia-61997</a>",1997,"1997 Summer Australia/New Zealand Tour",1997-06-19,"Old YMCA","Ballarat","Australia",NA,968,"Very Good",-37.5640498,143.869038
"baltimore-md-usa-102592","<a href='https://www.dischord.com/fugazi_live_series/baltimore-md-usa-102592' target='_blank'>baltimore-md-usa-102592</a>",1992,"1992 Summer/Fall Regional Dates",1992-10-25,"Steelworkers Hall","Baltimore","USA","Lungfish",1100,"Good",39.2859858,-76.54232
"baltimore-md-usa-102592","<a href='https://www.dischord.com/fugazi_live_series/baltimore-md-usa-102592' target='_blank'>baltimore-md-usa-102592</a>",1992,"1992 Summer/Fall Regional Dates",1992-10-25,"Steelworkers Hall","Baltimore","USA","Womyn of Destruction",1100,"Good",39.2859858,-76.54232
"baltimore-md-usa-21190","<a href='https://www.dischord.com/fugazi_live_series/baltimore-md-usa-21190' target='_blank'>baltimore-md-usa-21190</a>",1990,"1990 Winter/Spring Regional Dates",1990-02-11,"Studio 10","Baltimore","USA","Bazooka Joe",900,"Good",39.3096783,-76.61691
"baltimore-md-usa-21190","<a href='https://www.dischord.com/fugazi_live_series/baltimore-md-usa-21190' target='_blank'>baltimore-md-usa-21190</a>",1990,"1990 Winter/Spring Regional Dates",1990-02-11,"Studio 10","Baltimore","USA","Jawbox",900,"Good",39.3096783,-76.61691
"baltimore-md-usa-21190","<a href='https://www.dischord.com/fugazi_live_series/baltimore-md-usa-21190' target='_blank'>baltimore-md-usa-21190</a>",1990,"1990 Winter/Spring Regional Dates",1990-02-11,"Studio 10","Baltimore","USA","Outcrowd",900,"Good",39.3096783,-76.61691
"baltimore-md-usa-30295","<a href='https://www.dischord.com/fugazi_live_series/baltimore-md-usa-30295' target='_blank'>baltimore-md-usa-30295</a>",1995,"1995 Spring Regional Dates",1995-03-02,"University of Maryland Baltimore","Baltimore","USA","Onespot Fringehead",1000,"Very Good",39.2497768,-76.711468
"baltimore-md-usa-30295","<a href='https://www.dischord.com/fugazi_live_series/baltimore-md-usa-30295' target='_blank'>baltimore-md-usa-30295</a>",1995,"1995 Spring Regional Dates",1995-03-02,"University of Maryland Baltimore","Baltimore","USA","Slant 6",1000,"Very Good",39.2497768,-76.711468
"baltimore-md-usa-42997","<a href='https://www.dischord.com/fugazi_live_series/baltimore-md-usa-42997' target='_blank'>baltimore-md-usa-42997</a>",1997,"1997 Spring Regional Dates",1997-04-29,"University of Maryland Baltimore","Baltimore","USA","Prisoner of Conscience",300,NA,39.2497768,-76.711468
"baltimore-md-usa-42997","<a href='https://www.dischord.com/fugazi_live_series/baltimore-md-usa-42997' target='_blank'>baltimore-md-usa-42997</a>",1997,"1997 Spring Regional Dates",1997-04-29,"University of Maryland Baltimore","Baltimore","USA","Top Notch",300,NA,39.2497768,-76.711468
"baltimore-md-usa-51298","<a href='https://www.dischord.com/fugazi_live_series/baltimore-md-usa-51298' target='_blank'>baltimore-md-usa-51298</a>",1998,"1998 Spring USA Tour",1998-05-12,"Teamsters Hall","Baltimore","USA","Lungfish",800,"Poor",39.3010775,-76.545376
"baltimore-md-usa-51298","<a href='https://www.dischord.com/fugazi_live_series/baltimore-md-usa-51298' target='_blank'>baltimore-md-usa-51298</a>",1998,"1998 Spring USA Tour",1998-05-12,"Teamsters Hall","Baltimore","USA","The Cranium",800,"Poor",39.3010775,-76.545376
"barcelona-spain-100899","<a href='https://www.dischord.com/fugazi_live_series/barcelona-spain-100899' target='_blank'>barcelona-spain-100899</a>",1999,"1999 Fall European Tour",1999-10-08,"Zeleste","Barcelona","Spain","No More Lies",1125,"Very Good",41.3977323,2.19111
"barcelona-spain-110190","<a href='https://www.dischord.com/fugazi_live_series/barcelona-spain-110190' target='_blank'>barcelona-spain-110190</a>",1990,"1990 Fall European Tour",1990-11-01,"KGB","Barcelona","Spain",NA,600,"Very Good",41.4076542,2.1624
"barcelona-spain-53192","<a href='https://www.dischord.com/fugazi_live_series/barcelona-spain-53192' target='_blank'>barcelona-spain-53192</a>",1992,"1992 Spring European Tour",1992-05-31,"Zeleste 2","Barcelona","Spain","Subterranean Kids",950,"Very Good",41.3977323,2.19111
"barcelona-spain-60395","<a href='https://www.dischord.com/fugazi_live_series/barcelona-spain-60395' target='_blank'>barcelona-spain-60395</a>",1995,"1995 Spring/Summer European Tour",1995-06-03,"Zeleste","Barcelona","Spain","Painbox",1280,"Very Good",41.3977323,2.19111
"belfast-northern-ireland-112489","<a href='https://www.dischord.com/fugazi_live_series/belfast-northern-ireland-112489' target='_blank'>belfast-northern-ireland-112489</a>",1989,"1989 Fall European Tour",1989-11-24,"Arts Centre","Belfast","Northern Ireland","Fual",300,"Poor",54.5877956,-5.935363
"belfast-northern-ireland-50995","<a href='https://www.dischord.com/fugazi_live_series/belfast-northern-ireland-50995' target='_blank'>belfast-northern-ireland-50995</a>",1995,"1995 Spring/Summer European Tour",1995-05-09,"Queen's Hall","Belfast","Northern Ireland",NA,600,"Good",54.5846991,-5.937413
"belfast-northern-ireland-51292","<a href='https://www.dischord.com/fugazi_live_series/belfast-northern-ireland-51292' target='_blank'>belfast-northern-ireland-51292</a>",1992,"1992 Spring European Tour",1992-05-12,"Queen's University Mandela Hall","Belfast","Northern Ireland","Tension",700,"Very Good",54.5848401,-5.939657
"belfast-northern-ireland-91690","<a href='https://www.dischord.com/fugazi_live_series/belfast-northern-ireland-91690' target='_blank'>belfast-northern-ireland-91690</a>",1990,"1990 Fall European Tour",1990-09-16,"Belfast Art College","Belfast","Northern Ireland","DFA",650,"Very Good",54.6045698,-5.928946
"belfast-northern-ireland-91690","<a href='https://www.dischord.com/fugazi_live_series/belfast-northern-ireland-91690' target='_blank'>belfast-northern-ireland-91690</a>",1990,"1990 Fall European Tour",1990-09-16,"Belfast Art College","Belfast","Northern Ireland","Unsound",650,"Very Good",54.6045698,-5.928946
"bellevue-wa-usa-50993","<a href='https://www.dischord.com/fugazi_live_series/bellevue-wa-usa-50993' target='_blank'>bellevue-wa-usa-50993</a>",1993,"1993 Spring USA Tour",1993-05-09,"YMCA","Bellevue","USA","Spinnanes",1000,"Very Good",47.6260752,-122.149889
"bellingham-wa-usa-53090","<a href='https://www.dischord.com/fugazi_live_series/bellingham-wa-usa-53090' target='_blank'>bellingham-wa-usa-53090</a>",1990,"1990 Spring/Summer USA Tour",1990-05-30,"Underground / 1414 Cornwell","Bellingham","USA","Beat Happening",300,"Very Good",48.7510309,-122.476603
"bellingham-wa-usa-53090","<a href='https://www.dischord.com/fugazi_live_series/bellingham-wa-usa-53090' target='_blank'>bellingham-wa-usa-53090</a>",1990,"1990 Spring/Summer USA Tour",1990-05-30,"Underground / 1414 Cornwell","Bellingham","USA","Seaweed",300,"Very Good",48.7510309,-122.476603
"belo-horizonte-brazil-81594","<a href='https://www.dischord.com/fugazi_live_series/belo-horizonte-brazil-81594' target='_blank'>belo-horizonte-brazil-81594</a>",1994,"1994 Fall Brazil Tour",1994-08-15,"Belo Horizonte Independent Music Festival","Belo Horizonte","Brazil","Daizy Down",3000,"Very Good",-19.917015,-43.9338
"belo-horizonte-brazil-81594","<a href='https://www.dischord.com/fugazi_live_series/belo-horizonte-brazil-81594' target='_blank'>belo-horizonte-brazil-81594</a>",1994,"1994 Fall Brazil Tour",1994-08-15,"Belo Horizonte Independent Music Festival","Belo Horizonte","Brazil","Intense Manner of Living",3000,"Very Good",-19.917015,-43.9338
"belo-horizonte-brazil-81594","<a href='https://www.dischord.com/fugazi_live_series/belo-horizonte-brazil-81594' target='_blank'>belo-horizonte-brazil-81594</a>",1994,"1994 Fall Brazil Tour",1994-08-15,"Belo Horizonte Independent Music Festival","Belo Horizonte","Brazil","Jorge Cabeleira",3000,"Very Good",-19.917015,-43.9338
"belo-horizonte-brazil-81594","<a href='https://www.dischord.com/fugazi_live_series/belo-horizonte-brazil-81594' target='_blank'>belo-horizonte-brazil-81594</a>",1994,"1994 Fall Brazil Tour",1994-08-15,"Belo Horizonte Independent Music Festival","Belo Horizonte","Brazil","Oz",3000,"Very Good",-19.917015,-43.9338
"belo-horizonte-brazil-81594","<a href='https://www.dischord.com/fugazi_live_series/belo-horizonte-brazil-81594' target='_blank'>belo-horizonte-brazil-81594</a>",1994,"1994 Fall Brazil Tour",1994-08-15,"Belo Horizonte Independent Music Festival","Belo Horizonte","Brazil","Stigmata",3000,"Very Good",-19.917015,-43.9338
"belo-horizonte-brazil-81594","<a href='https://www.dischord.com/fugazi_live_series/belo-horizonte-brazil-81594' target='_blank'>belo-horizonte-brazil-81594</a>",1994,"1994 Fall Brazil Tour",1994-08-15,"Belo Horizonte Independent Music Festival","Belo Horizonte","Brazil","Virna Lisi",3000,"Very Good",-19.917015,-43.9338
"belo-horizonte-brazil-81697","<a href='https://www.dischord.com/fugazi_live_series/belo-horizonte-brazil-81697' target='_blank'>belo-horizonte-brazil-81697</a>",1997,"1997 Summer Brazil/S. America Tour",1997-08-16,"Trash","Belo Horizonte","Brazil","Heffer",968,"Very Good",-19.915766,-43.926391
"bennington-vt-usa-41092","<a href='https://www.dischord.com/fugazi_live_series/bennington-vt-usa-41092' target='_blank'>bennington-vt-usa-41092</a>",1992,"1992 Spring East Coast Tour",1992-04-10,"Bennington College","Bennington","USA","Lunachicks",800,"Good",42.9203078,-73.235936
"bennington-vt-usa-91693","<a href='https://www.dischord.com/fugazi_live_series/bennington-vt-usa-91693' target='_blank'>bennington-vt-usa-91693</a>",1993,"1993 Fall USA/Canada Tour",1993-09-16,"Bennington College","Bennington","USA","Shudder to Think",400,"Very Good",42.9203078,-73.235936
"bergara-spainbasque-101099","<a href='https://www.dischord.com/fugazi_live_series/bergara-spainbasque-101099' target='_blank'>bergara-spainbasque-101099</a>",1999,"1999 Fall European Tour",1999-10-10,"Sala Jam","Bergara","Spain","Half Foot Outside",1300,NA,43.1236755,-2.42278
"bergara-spainbasque-101099","<a href='https://www.dischord.com/fugazi_live_series/bergara-spainbasque-101099' target='_blank'>bergara-spainbasque-101099</a>",1999,"1999 Fall European Tour",1999-10-10,"Sala Jam","Bergara","Spain","Lisabö",1300,NA,43.1236755,-2.42278
"bergen-norway-100400","<a href='https://www.dischord.com/fugazi_live_series/bergen-norway-100400' target='_blank'>bergen-norway-100400</a>",2000,"2000 Fall Northern European Tour",2000-10-04,"Kvarteret","Bergen","Norway",NA,300,"Excellent",60.3896713,5.321893
"berkeley-ca-usa-43093","<a href='https://www.dischord.com/fugazi_live_series/berkeley-ca-usa-43093' target='_blank'>berkeley-ca-usa-43093</a>",1993,"1993 Spring USA Tour",1993-04-30,"UC Berkeley Sproul Plaza","Berkeley","USA",NA,5000,"Good",37.8696099,-122.259005
"berkeley-ca-usa-52088","<a href='https://www.dischord.com/fugazi_live_series/berkeley-ca-usa-52088' target='_blank'>berkeley-ca-usa-52088</a>",1988,"1988 Spring USA Tour",1988-05-20,"Gilman Street","Berkeley","USA","Beatnigs",199,"Good",37.8794951,-122.299279
"berkeley-ca-usa-52088","<a href='https://www.dischord.com/fugazi_live_series/berkeley-ca-usa-52088' target='_blank'>berkeley-ca-usa-52088</a>",1988,"1988 Spring USA Tour",1988-05-20,"Gilman Street","Berkeley","USA","Crimpshrine",199,"Good",37.8794951,-122.299279
"berkeley-ca-usa-52088","<a href='https://www.dischord.com/fugazi_live_series/berkeley-ca-usa-52088' target='_blank'>berkeley-ca-usa-52088</a>",1988,"1988 Spring USA Tour",1988-05-20,"Gilman Street","Berkeley","USA","Yeastie Girlz",199,"Good",37.8794951,-122.299279
"berkeley-ca-usa-52089","<a href='https://www.dischord.com/fugazi_live_series/berkeley-ca-usa-52089' target='_blank'>berkeley-ca-usa-52089</a>",1989,"1989 Spring USA Tour",1989-05-20,"Gilman Street","Berkeley","USA","Crash Worship",600,"Poor",37.8794951,-122.299279
"berkeley-ca-usa-52089","<a href='https://www.dischord.com/fugazi_live_series/berkeley-ca-usa-52089' target='_blank'>berkeley-ca-usa-52089</a>",1989,"1989 Spring USA Tour",1989-05-20,"Gilman Street","Berkeley","USA","Pitchfork",600,"Poor",37.8794951,-122.299279
"berkeley-ca-usa-52089","<a href='https://www.dischord.com/fugazi_live_series/berkeley-ca-usa-52089' target='_blank'>berkeley-ca-usa-52089</a>",1989,"1989 Spring USA Tour",1989-05-20,"Gilman Street","Berkeley","USA","Skinflute",600,"Poor",37.8794951,-122.299279
"berkeley-ca-usa-52089","<a href='https://www.dischord.com/fugazi_live_series/berkeley-ca-usa-52089' target='_blank'>berkeley-ca-usa-52089</a>",1989,"1989 Spring USA Tour",1989-05-20,"Gilman Street","Berkeley","USA","Vagrants",600,"Poor",37.8794951,-122.299279
"berkeley-ca-usa-52090","<a href='https://www.dischord.com/fugazi_live_series/berkeley-ca-usa-52090' target='_blank'>berkeley-ca-usa-52090</a>",1990,"1990 Spring/Summer USA Tour",1990-05-20,"Gilman Street","Berkeley","USA","Beat Happening",650,"Good",37.8794951,-122.299279
"berkeley-ca-usa-52090","<a href='https://www.dischord.com/fugazi_live_series/berkeley-ca-usa-52090' target='_blank'>berkeley-ca-usa-52090</a>",1990,"1990 Spring/Summer USA Tour",1990-05-20,"Gilman Street","Berkeley","USA","Monsula",650,"Good",37.8794951,-122.299279
"berkeley-ca-usa-52090","<a href='https://www.dischord.com/fugazi_live_series/berkeley-ca-usa-52090' target='_blank'>berkeley-ca-usa-52090</a>",1990,"1990 Spring/Summer USA Tour",1990-05-20,"Gilman Street","Berkeley","USA","Pez",650,"Good",37.8794951,-122.299279
"berkeley-ca-usa-52090","<a href='https://www.dischord.com/fugazi_live_series/berkeley-ca-usa-52090' target='_blank'>berkeley-ca-usa-52090</a>",1990,"1990 Spring/Summer USA Tour",1990-05-20,"Gilman Street","Berkeley","USA","The Offspring",650,"Good",37.8794951,-122.299279
"berkeley-ca-usa-90191","<a href='https://www.dischord.com/fugazi_live_series/berkeley-ca-usa-90191' target='_blank'>berkeley-ca-usa-90191</a>",1991,"1991 Summer/Fall USA/Canada Tour",1991-09-01,"Gilman Street","Berkeley","USA","Bikini Kill",600,"Very Good",37.8794951,-122.299279
"berkeley-ca-usa-90191","<a href='https://www.dischord.com/fugazi_live_series/berkeley-ca-usa-90191' target='_blank'>berkeley-ca-usa-90191</a>",1991,"1991 Summer/Fall USA/Canada Tour",1991-09-01,"Gilman Street","Berkeley","USA","Nation of Ulysses",600,"Very Good",37.8794951,-122.299279
"berkeley-ca-usa-90191","<a href='https://www.dischord.com/fugazi_live_series/berkeley-ca-usa-90191' target='_blank'>berkeley-ca-usa-90191</a>",1991,"1991 Summer/Fall USA/Canada Tour",1991-09-01,"Gilman Street","Berkeley","USA","Tribate",600,"Very Good",37.8794951,-122.299279
"berkeley-ca-usa-90191","<a href='https://www.dischord.com/fugazi_live_series/berkeley-ca-usa-90191' target='_blank'>berkeley-ca-usa-90191</a>",1991,"1991 Summer/Fall USA/Canada Tour",1991-09-01,"Gilman Street","Berkeley","USA","Vagrants",600,"Very Good",37.8794951,-122.299279
"berlin-germany-100790","<a href='https://www.dischord.com/fugazi_live_series/berlin-germany-100790' target='_blank'>berlin-germany-100790</a>",1990,"1990 Fall European Tour",1990-10-07,"Neue Welt","Berlin","Germany","Urge",2000,"Good",52.4867934,13.421779
"berlin-germany-102888","<a href='https://www.dischord.com/fugazi_live_series/berlin-germany-102888' target='_blank'>berlin-germany-102888</a>",1988,"1988 Fall European Tour",1988-10-28,"Ex","Berlin","Germany","Naked Raygun",199,NA,52.4924633,13.38846
"berlin-germany-120389","<a href='https://www.dischord.com/fugazi_live_series/berlin-germany-120389' target='_blank'>berlin-germany-120389</a>",1989,"1989 Fall European Tour",1989-12-03,"TU Mensa","Berlin","Germany","Visions of Change",1400,NA,52.516557,13.323603
"berlin-germany-62892","<a href='https://www.dischord.com/fugazi_live_series/berlin-germany-62892' target='_blank'>berlin-germany-62892</a>",1992,"1992 Spring European Tour",1992-06-28,"Tempodrom","Berlin","Germany","Tech Ahead",2800,"Very Good",52.5188893,13.366555
"berlin-germany-62892","<a href='https://www.dischord.com/fugazi_live_series/berlin-germany-62892' target='_blank'>berlin-germany-62892</a>",1992,"1992 Spring European Tour",1992-06-28,"Tempodrom","Berlin","Germany","The Notwist",2800,"Very Good",52.5188893,13.366555
"berlin-germany-70295","<a href='https://www.dischord.com/fugazi_live_series/berlin-germany-70295' target='_blank'>berlin-germany-70295</a>",1995,"1995 Spring/Summer European Tour",1995-07-02,"TU Mensa","Berlin","Germany","Schwartzenegger",1500,"Very Good",52.516557,13.323603
"berlin-germany-92099","<a href='https://www.dischord.com/fugazi_live_series/berlin-germany-92099' target='_blank'>berlin-germany-92099</a>",1999,"1999 Fall European Tour",1999-09-20,"SO 36","Berlin","Germany","Real",949,"Very Good",52.5003761,13.422102
"bethesda-md-usa-120287","<a href='https://www.dischord.com/fugazi_live_series/bethesda-md-usa-120287' target='_blank'>bethesda-md-usa-120287</a>",1987,"1987 Fall/Winter Regional Dates",1987-12-02,"BCC High School","Bethesda","USA",NA,10,NA,38.9864928,-77.088504
"bielefeld-germany-100890","<a href='https://www.dischord.com/fugazi_live_series/bielefeld-germany-100890' target='_blank'>bielefeld-germany-100890</a>",1990,"1990 Fall European Tour",1990-10-08,"PC 69","Bielefeld","Germany","Flexx",1800,"Very Good",52.024928,8.55141
"bielefeld-germany-100890","<a href='https://www.dischord.com/fugazi_live_series/bielefeld-germany-100890' target='_blank'>bielefeld-germany-100890</a>",1990,"1990 Fall European Tour",1990-10-08,"PC 69","Bielefeld","Germany","Urge",1800,"Very Good",52.024928,8.55141
"bielefeld-germany-103188","<a href='https://www.dischord.com/fugazi_live_series/bielefeld-germany-103188' target='_blank'>bielefeld-germany-103188</a>",1988,"1988 Fall European Tour",1988-10-31,"AJZ","Bielefeld","Germany","Pygmies",400,"Poor",52.0220865,8.556263
"bielefeld-germany-120689","<a href='https://www.dischord.com/fugazi_live_series/bielefeld-germany-120689' target='_blank'>bielefeld-germany-120689</a>",1989,"1989 Fall European Tour",1989-12-06,"AJZ","Bielefeld","Germany","Visions of Change",900,NA,52.0220865,8.556263
"bielefeld-germany-70895","<a href='https://www.dischord.com/fugazi_live_series/bielefeld-germany-70895' target='_blank'>bielefeld-germany-70895</a>",1995,"1995 Spring/Summer European Tour",1995-07-08,"JZ Kamp","Bielefeld","Germany","Beaver",560,"Good",52.0188087,8.548979
"bielefeld-germany-70895","<a href='https://www.dischord.com/fugazi_live_series/bielefeld-germany-70895' target='_blank'>bielefeld-germany-70895</a>",1995,"1995 Spring/Summer European Tour",1995-07-08,"JZ Kamp","Bielefeld","Germany","Party Diktator",560,"Good",52.0188087,8.548979
"binghamton-ny-usa-92293","<a href='https://www.dischord.com/fugazi_live_series/binghamton-ny-usa-92293' target='_blank'>binghamton-ny-usa-92293</a>",1993,"1993 Fall USA/Canada Tour",1993-09-22,"S.U.N.Y. Binghamton","Binghamton","USA","Dripping Goss",700,"Very Good",42.0894288,-75.969488
"binghamton-ny-usa-92293","<a href='https://www.dischord.com/fugazi_live_series/binghamton-ny-usa-92293' target='_blank'>binghamton-ny-usa-92293</a>",1993,"1993 Fall USA/Canada Tour",1993-09-22,"S.U.N.Y. Binghamton","Binghamton","USA","Spinanes",700,"Very Good",42.0894288,-75.969488
"birmingham-al-usa-32502","<a href='https://www.dischord.com/fugazi_live_series/birmingham-al-usa-32502' target='_blank'>birmingham-al-usa-32502</a>",2002,"2002 Spring Southern USA/Texas Tour",2002-03-25,"Sloss Furnace","Birmingham","USA","Plate Six",1450,"Very Good",33.5192551,-86.792981
"birmingham-al-usa-52191","<a href='https://www.dischord.com/fugazi_live_series/birmingham-al-usa-52191' target='_blank'>birmingham-al-usa-52191</a>",1991,"1991 Spring USA Tour",1991-05-21,"Tuxedo Junction","Birmingham","USA","Hardy Har Har",365,"Good",33.5094707,-86.886132
"birmingham-england-102202","<a href='https://www.dischord.com/fugazi_live_series/birmingham-england-102202' target='_blank'>birmingham-england-102202</a>",2002,"2002 Fall UK/Ireland Tour",2002-10-22,"Sanctuary","Birmingham","England","Go Go Go Airheart",1619,"Very Good",52.4755583,-1.887445
"birmingham-england-102202","<a href='https://www.dischord.com/fugazi_live_series/birmingham-england-102202' target='_blank'>birmingham-england-102202</a>",2002,"2002 Fall UK/Ireland Tour",2002-10-22,"Sanctuary","Birmingham","England","Retisonic",1619,"Very Good",52.4755583,-1.887445
"birmingham-england-111989","<a href='https://www.dischord.com/fugazi_live_series/birmingham-england-111989' target='_blank'>birmingham-england-111989</a>",1989,"1989 Fall European Tour",1989-11-19,"Edward's #8","Birmingham","England","Anhrefn",400,"Good",52.4768065,-1.901431
"birmingham-england-111989","<a href='https://www.dischord.com/fugazi_live_series/birmingham-england-111989' target='_blank'>birmingham-england-111989</a>",1989,"1989 Fall European Tour",1989-11-19,"Edward's #8","Birmingham","England","Visions of Change",400,"Good",52.4768065,-1.901431
"birmingham-england-91890","<a href='https://www.dischord.com/fugazi_live_series/birmingham-england-91890' target='_blank'>birmingham-england-91890</a>",1990,"1990 Fall European Tour",1990-09-18,"Goldwyns","Birmingham","England","Fudgetunnel",800,"Very Good",52.4763641,-1.901367
"birmingham-england-91890","<a href='https://www.dischord.com/fugazi_live_series/birmingham-england-91890' target='_blank'>birmingham-england-91890</a>",1990,"1990 Fall European Tour",1990-09-18,"Goldwyns","Birmingham","England","Spermbirds",800,"Very Good",52.4763641,-1.901367
"boise-id-usa-102595","<a href='https://www.dischord.com/fugazi_live_series/boise-id-usa-102595' target='_blank'>boise-id-usa-102595</a>",1995,"1995 Fall USA/Canada Tour",1995-10-25,"Bogie's","Boise","USA","God Is My Co-Pilot",500,"Very Good",43.6165555,-116.209335
"boise-id-usa-51593","<a href='https://www.dischord.com/fugazi_live_series/boise-id-usa-51593' target='_blank'>boise-id-usa-51593</a>",1993,"1993 Spring USA Tour",1993-05-15,"Boise State University Jordan Ballroom","Boise","USA","Dirt Fisherman",950,"Good",43.6013473,-116.201583
"bologna-italy-102690","<a href='https://www.dischord.com/fugazi_live_series/bologna-italy-102690' target='_blank'>bologna-italy-102690</a>",1990,"1990 Fall European Tour",1990-10-26,"Fabrikka","Bologna","Italy",NA,1000,"Good",44.5079053,11.354223
"bologna-italy-61695","<a href='https://www.dischord.com/fugazi_live_series/bologna-italy-61695' target='_blank'>bologna-italy-61695</a>",1995,"1995 Spring/Summer European Tour",1995-06-16,"Kactus Radio Festival Castel Maggiore","Bologna","Italy","Assalti Frontali",2000,"Good",44.5730888,11.36144
"bordeaux-france-101199","<a href='https://www.dischord.com/fugazi_live_series/bordeaux-france-101199' target='_blank'>bordeaux-france-101199</a>",1999,"1999 Fall European Tour",1999-10-11,"Theatre Barbey","Bordeaux","France","Virago",800,"Very Good",44.8269281,-0.563521
"bordeaux-france-110290","<a href='https://www.dischord.com/fugazi_live_series/bordeaux-france-110290' target='_blank'>bordeaux-france-110290</a>",1990,"1990 Fall European Tour",1990-11-02,"Club Jimmy","Bordeaux","France",NA,300,"Good",44.8301295,-0.594092
"bordeaux-france-52695","<a href='https://www.dischord.com/fugazi_live_series/bordeaux-france-52695' target='_blank'>bordeaux-france-52695</a>",1995,"1995 Spring/Summer European Tour",1995-05-26,"Theatre Barbey","Bordeaux","France","Belly Button",1000,"Very Good",44.8269281,-0.563521
"bordeaux-france-52695","<a href='https://www.dischord.com/fugazi_live_series/bordeaux-france-52695' target='_blank'>bordeaux-france-52695</a>",1995,"1995 Spring/Summer European Tour",1995-05-26,"Theatre Barbey","Bordeaux","France","Prohibition",1000,"Very Good",44.8269281,-0.563521
"bordeaux-france-52992","<a href='https://www.dischord.com/fugazi_live_series/bordeaux-france-52992' target='_blank'>bordeaux-france-52992</a>",1992,"1992 Spring European Tour",1992-05-29,"Theatre Barbey","Bordeaux","France","Blind Folded",860,"Very Good",44.8269281,-0.563521
"bordeaux-france-52992","<a href='https://www.dischord.com/fugazi_live_series/bordeaux-france-52992' target='_blank'>bordeaux-france-52992</a>",1992,"1992 Spring European Tour",1992-05-29,"Theatre Barbey","Bordeaux","France","Dirty Hands",860,"Very Good",44.8269281,-0.563521
"boston-ma-usa-31791","<a href='https://www.dischord.com/fugazi_live_series/boston-ma-usa-31791' target='_blank'>boston-ma-usa-31791</a>",1991,"1991 Winter/Spring East Coast USA Tour",1991-03-17,"Channel","Boston","USA","Eye For An Eye",1750,"Good",42.349466,-71.05075
"boston-ma-usa-31791","<a href='https://www.dischord.com/fugazi_live_series/boston-ma-usa-31791' target='_blank'>boston-ma-usa-31791</a>",1991,"1991 Winter/Spring East Coast USA Tour",1991-03-17,"Channel","Boston","USA","Seven League Boots",1750,"Good",42.349466,-71.05075
"boston-ma-usa-41688","<a href='https://www.dischord.com/fugazi_live_series/boston-ma-usa-41688' target='_blank'>boston-ma-usa-41688</a>",1988,"1988 Spring USA Tour",1988-04-16,"Green Street Station","Boston","USA","Patience",100,"Good",42.310803,-71.107781
"boston-ma-usa-42002","<a href='https://www.dischord.com/fugazi_live_series/boston-ma-usa-42002' target='_blank'>boston-ma-usa-42002</a>",2002,"2002 Spring East Coast Tour",2002-04-20,"Mass Art Gymnasium","Boston","USA","Poster Children",1500,"Very Good",42.3398798,-71.104558
"boston-ma-usa-42090","<a href='https://www.dischord.com/fugazi_live_series/boston-ma-usa-42090' target='_blank'>boston-ma-usa-42090</a>",1990,"1990 Spring NE USA Tour",1990-04-20,"Mass Art Gymnasium","Boston","USA","Scram",1200,"Good",42.3398798,-71.104558
"boston-ma-usa-42090","<a href='https://www.dischord.com/fugazi_live_series/boston-ma-usa-42090' target='_blank'>boston-ma-usa-42090</a>",1990,"1990 Spring NE USA Tour",1990-04-20,"Mass Art Gymnasium","Boston","USA","Scudder",1200,"Good",42.3398798,-71.104558
"boston-ma-usa-51902","<a href='https://www.dischord.com/fugazi_live_series/boston-ma-usa-51902' target='_blank'>boston-ma-usa-51902</a>",2002,"2002 Spring East Coast Tour",2002-04-19,"Mass Art Gymnasium","Boston","USA","Eulcid",1500,"Very Good",42.3398798,-71.104558
"bozeman-mt-usa-51288","<a href='https://www.dischord.com/fugazi_live_series/bozeman-mt-usa-51288' target='_blank'>bozeman-mt-usa-51288</a>",1988,"1988 Spring USA Tour",1988-05-12,"Sundance Saloon","Bozeman","USA","Homes With Pelicans",20,"Poor",45.6847567,-111.028781
"bradford-england-51792","<a href='https://www.dischord.com/fugazi_live_series/bradford-england-51792' target='_blank'>bradford-england-51792</a>",1992,"1992 Spring European Tour",1992-05-17,"Queen's Hall","Bradford","England","Crane",1000,"Good",53.7910475,-1.758627
"bradford-england-51792","<a href='https://www.dischord.com/fugazi_live_series/bradford-england-51792' target='_blank'>bradford-england-51792</a>",1992,"1992 Spring European Tour",1992-05-17,"Queen's Hall","Bradford","England","Fudge Tunnel",1000,"Good",53.7910475,-1.758627
"brasilia-brazil-80997","<a href='https://www.dischord.com/fugazi_live_series/brasilia-brazil-80997' target='_blank'>brasilia-brazil-80997</a>",1997,"1997 Summer Brazil/S. America Tour",1997-08-09,"Teatro Garagem Do Sesc","Brasilia","Brazil","Ard",150,"Good",-15.8204472,-47.922213
"brasilia-brazil-80997","<a href='https://www.dischord.com/fugazi_live_series/brasilia-brazil-80997' target='_blank'>brasilia-brazil-80997</a>",1997,"1997 Summer Brazil/S. America Tour",1997-08-09,"Teatro Garagem Do Sesc","Brasilia","Brazil","Sem Destino",150,"Good",-15.8204472,-47.922213
"brasilia-brazil-81097","<a href='https://www.dischord.com/fugazi_live_series/brasilia-brazil-81097' target='_blank'>brasilia-brazil-81097</a>",1997,"1997 Summer Brazil/S. America Tour",1997-08-10,"Teatro Garagem Do Sesc","Brasilia","Brazil","Sem Destino",150,"Very Good",-15.8204472,-47.922213
"brasilia-brazil-81097","<a href='https://www.dischord.com/fugazi_live_series/brasilia-brazil-81097' target='_blank'>brasilia-brazil-81097</a>",1997,"1997 Summer Brazil/S. America Tour",1997-08-10,"Teatro Garagem Do Sesc","Brasilia","Brazil","Succulent Fly",150,"Very Good",-15.8204472,-47.922213
"bremen-germany-091799","<a href='https://www.dischord.com/fugazi_live_series/bremen-germany-091799' target='_blank'>bremen-germany-091799</a>",1999,"1999 Fall European Tour",1999-09-17,"Schlachthof","Bremen","Germany",NA,1136,"Good",53.0884866,8.809903
"bremen-germany-70392","<a href='https://www.dischord.com/fugazi_live_series/bremen-germany-70392' target='_blank'>bremen-germany-70392</a>",1992,"1992 Spring European Tour",1992-07-03,"Schlachthof","Bremen","Germany","Alloy",1000,"Very Good",53.0884866,8.809903
"bremen-germany-70392","<a href='https://www.dischord.com/fugazi_live_series/bremen-germany-70392' target='_blank'>bremen-germany-70392</a>",1992,"1992 Spring European Tour",1992-07-03,"Schlachthof","Bremen","Germany","Tech Ahead",1000,"Very Good",53.0884866,8.809903
"bremen-germany-70995","<a href='https://www.dischord.com/fugazi_live_series/bremen-germany-70995' target='_blank'>bremen-germany-70995</a>",1995,"1995 Spring/Summer European Tour",1995-07-09,"Schlachthof","Bremen","Germany","Messerkencht",1000,"Good",53.0884866,8.809903
"bremen-germany-92590","<a href='https://www.dischord.com/fugazi_live_series/bremen-germany-92590' target='_blank'>bremen-germany-92590</a>",1990,"1990 Fall European Tour",1990-09-25,"Schlachthof","Bremen","Germany","So Much Hate",1300,"Good",53.0884866,8.809903
"brighton-england-102002","<a href='https://www.dischord.com/fugazi_live_series/brighton-england-102002' target='_blank'>brighton-england-102002</a>",2002,"2002 Fall UK/Ireland Tour",2002-10-20,"Corn Exchange","Brighton","England","Cat on Form",1619,"Very Good",50.8237994,-0.138537
"brighton-england-111489","<a href='https://www.dischord.com/fugazi_live_series/brighton-england-111489' target='_blank'>brighton-england-111489</a>",1989,"1989 Fall European Tour",1989-11-14,"Zap Club","Brighton","England","Sex and The Sand",400,"Poor",50.8200494,-0.14277
"brighton-england-111489","<a href='https://www.dischord.com/fugazi_live_series/brighton-england-111489' target='_blank'>brighton-england-111489</a>",1989,"1989 Fall European Tour",1989-11-14,"Zap Club","Brighton","England","Silverfish",400,"Poor",50.8200494,-0.14277
"brighton-england-50695","<a href='https://www.dischord.com/fugazi_live_series/brighton-england-50695' target='_blank'>brighton-england-50695</a>",1995,"1995 Spring/Summer European Tour",1995-05-06,"Sussex University Nelson Mandela Hall","Brighton","England","Slant 6",600,"Poor",50.8643643,-0.088645
"brighton-england-50695","<a href='https://www.dischord.com/fugazi_live_series/brighton-england-50695' target='_blank'>brighton-england-50695</a>",1995,"1995 Spring/Summer European Tour",1995-05-06,"Sussex University Nelson Mandela Hall","Brighton","England","Useful Idiots",600,"Poor",50.8643643,-0.088645
"brighton-england-51499","<a href='https://www.dischord.com/fugazi_live_series/brighton-england-51499' target='_blank'>brighton-england-51499</a>",1999,"1999 Spring UK/Ireland Tour",1999-05-14,"Brighton Center","Brighton","England","Beachie Heads",950,"Very Good",50.8214187,-0.14612
"brighton-england-51499","<a href='https://www.dischord.com/fugazi_live_series/brighton-england-51499' target='_blank'>brighton-england-51499</a>",1999,"1999 Spring UK/Ireland Tour",1999-05-14,"Brighton Center","Brighton","England","Eater",950,"Very Good",50.8214187,-0.14612
"brisbane-australia-62197","<a href='https://www.dischord.com/fugazi_live_series/brisbane-australia-62197' target='_blank'>brisbane-australia-62197</a>",1997,"1997 Summer Australia/New Zealand Tour",1997-06-21,"Roxy","Brisbane","Australia",NA,968,"Very Good",-27.4562853,153.032533
"brisbane-qld-australia-110291","<a href='https://www.dischord.com/fugazi_live_series/brisbane-qld-australia-110291' target='_blank'>brisbane-qld-australia-110291</a>",1991,"1991 Australia/New Zealand/Japan Tour",1991-11-02,"Funkyard","Brisbane","Australia","Dream Killers",550,"Good",-27.4707153,153.024789
"brisbane-qld-australia-110291","<a href='https://www.dischord.com/fugazi_live_series/brisbane-qld-australia-110291' target='_blank'>brisbane-qld-australia-110291</a>",1991,"1991 Australia/New Zealand/Japan Tour",1991-11-02,"Funkyard","Brisbane","Australia","Fat",550,"Good",-27.4707153,153.024789
"brisbane-qld-australia-110291","<a href='https://www.dischord.com/fugazi_live_series/brisbane-qld-australia-110291' target='_blank'>brisbane-qld-australia-110291</a>",1991,"1991 Australia/New Zealand/Japan Tour",1991-11-02,"Funkyard","Brisbane","Australia","Nunbait",550,"Good",-27.4707153,153.024789
"brisbane-qld-australia-112793","<a href='https://www.dischord.com/fugazi_live_series/brisbane-qld-australia-112793' target='_blank'>brisbane-qld-australia-112793</a>",1993,"1993 Japan/Australia/New Zealand Tour",1993-11-27,"Boulder Gallery","Brisbane","Australia","Midget",1000,"Good",-27.4566899,153.034196
"brisbane-qld-australia-112793","<a href='https://www.dischord.com/fugazi_live_series/brisbane-qld-australia-112793' target='_blank'>brisbane-qld-australia-112793</a>",1993,"1993 Japan/Australia/New Zealand Tour",1993-11-27,"Boulder Gallery","Brisbane","Australia","Spiderbait",1000,"Good",-27.4566899,153.034196
"bristol-england-110102","<a href='https://www.dischord.com/fugazi_live_series/bristol-england-110102' target='_blank'>bristol-england-110102</a>",2002,"2002 Fall UK/Ireland Tour",2002-11-01,"Academy","Bristol","England","Dead Inside",1619,"Very Good",51.4543037,-2.600264
"bristol-england-112289","<a href='https://www.dischord.com/fugazi_live_series/bristol-england-112289' target='_blank'>bristol-england-112289</a>",1989,"1989 Fall European Tour",1989-11-22,"Bierkeller","Bristol","England","Anhrefn",400,"Good",51.4559925,-2.592514
"bristol-england-112289","<a href='https://www.dischord.com/fugazi_live_series/bristol-england-112289' target='_blank'>bristol-england-112289</a>",1989,"1989 Fall European Tour",1989-11-22,"Bierkeller","Bristol","England","Visions of Change",400,"Good",51.4559925,-2.592514
"bristol-england-91090","<a href='https://www.dischord.com/fugazi_live_series/bristol-england-91090' target='_blank'>bristol-england-91090</a>",1990,"1990 Fall European Tour",1990-09-10,"Bierkeller","Bristol","England","Can't Decide",650,"Good",51.4559925,-2.592514
"bristol-england-91090","<a href='https://www.dischord.com/fugazi_live_series/bristol-england-91090' target='_blank'>bristol-england-91090</a>",1990,"1990 Fall European Tour",1990-09-10,"Bierkeller","Bristol","England","Inside Out",650,"Good",51.4559925,-2.592514
"brussels-belgium-101599","<a href='https://www.dischord.com/fugazi_live_series/brussels-belgium-101599' target='_blank'>brussels-belgium-101599</a>",1999,"1999 Fall European Tour",1999-10-15,"Ancienne Belgique","Brussels","Belgium","Black Heart Procession",1900,"Very Good",50.8472558,4.348875
"brussels-belgium-101599","<a href='https://www.dischord.com/fugazi_live_series/brussels-belgium-101599' target='_blank'>brussels-belgium-101599</a>",1999,"1999 Fall European Tour",1999-10-15,"Ancienne Belgique","Brussels","Belgium","Vandal X",1900,"Very Good",50.8472558,4.348875
"bryan-tx-usa-41193","<a href='https://www.dischord.com/fugazi_live_series/bryan-tx-usa-41193' target='_blank'>bryan-tx-usa-41193</a>",1993,"1993 Spring USA Tour",1993-04-11,"Stafford Opera House","Bryan","USA","El Santos",500,"Very Good",30.6733768,-96.373759
"bryan-tx-usa-41193","<a href='https://www.dischord.com/fugazi_live_series/bryan-tx-usa-41193' target='_blank'>bryan-tx-usa-41193</a>",1993,"1993 Spring USA Tour",1993-04-11,"Stafford Opera House","Bryan","USA","Yuck",500,"Very Good",30.6733768,-96.373759
"budapest-hungary-61192","<a href='https://www.dischord.com/fugazi_live_series/budapest-hungary-61192' target='_blank'>budapest-hungary-61192</a>",1992,"1992 Spring European Tour",1992-06-11,"Black Hole/Fekete Lyuk","Budapest","Hungary","ADM",750,"Good",47.484867,19.09839
"buenos-aires-argentina-82297","<a href='https://www.dischord.com/fugazi_live_series/buenos-aires-argentina-82297' target='_blank'>buenos-aires-argentina-82297</a>",1997,"1997 Summer Brazil/S. America Tour",1997-08-22,"Superclub","Buenos Aires","Argentina","Cienfuegos",1100,NA,-34.6046453,-58.377627
"buenos-aires-argentina-82297","<a href='https://www.dischord.com/fugazi_live_series/buenos-aires-argentina-82297' target='_blank'>buenos-aires-argentina-82297</a>",1997,"1997 Summer Brazil/S. America Tour",1997-08-22,"Superclub","Buenos Aires","Argentina","Dixie Dynamite",1100,NA,-34.6046453,-58.377627
"buenos-aires-argentina-82297","<a href='https://www.dischord.com/fugazi_live_series/buenos-aires-argentina-82297' target='_blank'>buenos-aires-argentina-82297</a>",1997,"1997 Summer Brazil/S. America Tour",1997-08-22,"Superclub","Buenos Aires","Argentina","Hiram Walker",1100,NA,-34.6046453,-58.377627
"buenos-aires-argentina-82297","<a href='https://www.dischord.com/fugazi_live_series/buenos-aires-argentina-82297' target='_blank'>buenos-aires-argentina-82297</a>",1997,"1997 Summer Brazil/S. America Tour",1997-08-22,"Superclub","Buenos Aires","Argentina","Massacre",1100,NA,-34.6046453,-58.377627
"buenos-aires-argentina-82297","<a href='https://www.dischord.com/fugazi_live_series/buenos-aires-argentina-82297' target='_blank'>buenos-aires-argentina-82297</a>",1997,"1997 Summer Brazil/S. America Tour",1997-08-22,"Superclub","Buenos Aires","Argentina","Slam Up",1100,NA,-34.6046453,-58.377627
"buffalo-ny-usa-31191","<a href='https://www.dischord.com/fugazi_live_series/buffalo-ny-usa-31191' target='_blank'>buffalo-ny-usa-31191</a>",1991,"1991 Winter/Spring East Coast USA Tour",1991-03-11,"Buffalo State College","Buffalo","USA","Quicksand",750,"Good",42.931433,-78.877944
"buffalo-ny-usa-90693","<a href='https://www.dischord.com/fugazi_live_series/buffalo-ny-usa-90693' target='_blank'>buffalo-ny-usa-90693</a>",1993,"1993 Fall USA/Canada Tour",1993-09-06,"Blind Mellons","Buffalo","USA","Slant 6",1200,"Very Good",42.9489029,-78.72433
"buffalo-ny-usa-90693","<a href='https://www.dischord.com/fugazi_live_series/buffalo-ny-usa-90693' target='_blank'>buffalo-ny-usa-90693</a>",1993,"1993 Fall USA/Canada Tour",1993-09-06,"Blind Mellons","Buffalo","USA","Snapcase",1200,"Very Good",42.9489029,-78.72433
"burlington-vt-usa-100489","<a href='https://www.dischord.com/fugazi_live_series/burlington-vt-usa-100489' target='_blank'>burlington-vt-usa-100489</a>",1989,"1989 Fall Canada/NE Tour",1989-10-04,"242 Main","Burlington","USA","Worship",250,NA,44.4762475,-73.209772
"burlington-vt-usa-31491","<a href='https://www.dischord.com/fugazi_live_series/burlington-vt-usa-31491' target='_blank'>burlington-vt-usa-31491</a>",1991,"1991 Winter/Spring East Coast USA Tour",1991-03-14,"The Border","Burlington","USA","Black Hairy Tongue",450,"Good",44.4761844,-73.211691
"burlington-vt-usa-40995","<a href='https://www.dischord.com/fugazi_live_series/burlington-vt-usa-40995' target='_blank'>burlington-vt-usa-40995</a>",1995,"1995 USA East Coast Tour",1995-04-09,"Memorial Hall","Burlington","USA","Karate",1280,"Good",44.4763248,-73.209419
"burlington-vt-usa-40995","<a href='https://www.dischord.com/fugazi_live_series/burlington-vt-usa-40995' target='_blank'>burlington-vt-usa-40995</a>",1995,"1995 USA East Coast Tour",1995-04-09,"Memorial Hall","Burlington","USA","Unwound",1280,"Good",44.4763248,-73.209419
"burlington-vt-usa-91393","<a href='https://www.dischord.com/fugazi_live_series/burlington-vt-usa-91393' target='_blank'>burlington-vt-usa-91393</a>",1993,"1993 Fall USA/Canada Tour",1993-09-13,"Cook Commons","Burlington","USA","Shudder to Think",400,"Good",44.4792457,-73.19908
"burnaby-bc-canada-70701","<a href='https://www.dischord.com/fugazi_live_series/burnaby-bc-canada-70701' target='_blank'>burnaby-bc-canada-70701</a>",2001,"2001 Summer Mid-West/Canada Tour",2001-07-07,"Bill Copeland Arena","Burnaby","Canada","Def Poets Society",2518,"Excellent",49.2519651,-122.965418
"burnaby-bc-canada-70701","<a href='https://www.dischord.com/fugazi_live_series/burnaby-bc-canada-70701' target='_blank'>burnaby-bc-canada-70701</a>",2001,"2001 Summer Mid-West/Canada Tour",2001-07-07,"Bill Copeland Arena","Burnaby","Canada","Submission Hold",2518,"Excellent",49.2519651,-122.965418
"byron-bay-nsw-australia-110391","<a href='https://www.dischord.com/fugazi_live_series/byron-bay-nsw-australia-110391' target='_blank'>byron-bay-nsw-australia-110391</a>",1991,"1991 Australia/New Zealand/Japan Tour",1991-11-03,"Arts Factory","Byron Bay","Australia","Nunbait",200,"Good",-28.6451528,153.605233
"byron-bay-nsw-australia-110391","<a href='https://www.dischord.com/fugazi_live_series/byron-bay-nsw-australia-110391' target='_blank'>byron-bay-nsw-australia-110391</a>",1991,"1991 Australia/New Zealand/Japan Tour",1991-11-03,"Arts Factory","Byron Bay","Australia","Wrathbone",200,"Good",-28.6451528,153.605233
"calgary-ab-canada-70301","<a href='https://www.dischord.com/fugazi_live_series/calgary-ab-canada-70301' target='_blank'>calgary-ab-canada-70301</a>",2001,"2001 Summer Mid-West/Canada Tour",2001-07-03,"MacEwan Hall","Calgary","Canada","Honey Rockets",1000,"Very Good",51.0786731,-114.130005
"calgary-ab-canada-81791","<a href='https://www.dischord.com/fugazi_live_series/calgary-ab-canada-81791' target='_blank'>calgary-ab-canada-81791</a>",1991,"1991 Summer/Fall USA/Canada Tour",1991-08-17,"MacEwan Hall","Calgary","Canada","Skin Barn",700,"Very Good",51.0786731,-114.130005
"calgary-ab-canada-81791","<a href='https://www.dischord.com/fugazi_live_series/calgary-ab-canada-81791' target='_blank'>calgary-ab-canada-81791</a>",1991,"1991 Summer/Fall USA/Canada Tour",1991-08-17,"MacEwan Hall","Calgary","Canada","Skull Bunny",700,"Very Good",51.0786731,-114.130005
"cambridge-england-50692","<a href='https://www.dischord.com/fugazi_live_series/cambridge-england-50692' target='_blank'>cambridge-england-50692</a>",1992,"1992 Spring European Tour",1992-05-06,"Junction","Cambridge","England","Creed",380,"Very Good",52.1906821,0.135926
"cambridge-england-50692","<a href='https://www.dischord.com/fugazi_live_series/cambridge-england-50692' target='_blank'>cambridge-england-50692</a>",1992,"1992 Spring European Tour",1992-05-06,"Junction","Cambridge","England","Smile",380,"Very Good",52.1906821,0.135926
"cambridge-ma-usa-100689","<a href='https://www.dischord.com/fugazi_live_series/cambridge-ma-usa-100689' target='_blank'>cambridge-ma-usa-100689</a>",1989,"1989 Fall Canada/NE Tour",1989-10-06,"First Congregational Church","Cambridge","USA","Cabal",400,NA,42.3767114,-71.123035
"cambridge-ma-usa-100689","<a href='https://www.dischord.com/fugazi_live_series/cambridge-ma-usa-100689' target='_blank'>cambridge-ma-usa-100689</a>",1989,"1989 Fall Canada/NE Tour",1989-10-06,"First Congregational Church","Cambridge","USA","Trustfall",400,NA,42.3767114,-71.123035
"campinas-brazil-81997","<a href='https://www.dischord.com/fugazi_live_series/campinas-brazil-81997' target='_blank'>campinas-brazil-81997</a>",1997,"1997 Summer Brazil/S. America Tour",1997-08-19,"Assampi","Campinas","Brazil","Twelve Bands",800,"Poor",-22.905597,-47.06079
"canberra-australia-111793","<a href='https://www.dischord.com/fugazi_live_series/canberra-australia-111793' target='_blank'>canberra-australia-111793</a>",1993,"1993 Japan/Australia/New Zealand Tour",1993-11-17,"A.N.U. Bar","Canberra","Australia","Budd",600,"Very Good",-35.2761578,149.125378
"canberra-australia-111793","<a href='https://www.dischord.com/fugazi_live_series/canberra-australia-111793' target='_blank'>canberra-australia-111793</a>",1993,"1993 Japan/Australia/New Zealand Tour",1993-11-17,"A.N.U. Bar","Canberra","Australia","Shellac",600,"Very Good",-35.2761578,149.125378
"canberra-australia-61397","<a href='https://www.dischord.com/fugazi_live_series/canberra-australia-61397' target='_blank'>canberra-australia-61397</a>",1997,"1997 Summer Australia/New Zealand Tour",1997-06-13,"Anu Bar","Canberra","Australia",NA,968,"Very Good",-35.2761578,149.125378
"canberra-nsw-australia-102391","<a href='https://www.dischord.com/fugazi_live_series/canberra-nsw-australia-102391' target='_blank'>canberra-nsw-australia-102391</a>",1991,"1991 Australia/New Zealand/Japan Tour",1991-10-23,"Youth Cafe","Canberra","Australia","Adrenaline",300,"Very Good",-35.2758905,149.130182
"canberra-nsw-australia-102391","<a href='https://www.dischord.com/fugazi_live_series/canberra-nsw-australia-102391' target='_blank'>canberra-nsw-australia-102391</a>",1991,"1991 Australia/New Zealand/Japan Tour",1991-10-23,"Youth Cafe","Canberra","Australia","Gut Slug",300,"Very Good",-35.2758905,149.130182
"canterbury-england-111389","<a href='https://www.dischord.com/fugazi_live_series/canterbury-england-111389' target='_blank'>canterbury-england-111389</a>",1989,"1989 Fall European Tour",1989-11-13,"Arts College","Canterbury","England","Snuff",400,"Good",51.2755065,1.08973
"canterbury-england-120288","<a href='https://www.dischord.com/fugazi_live_series/canterbury-england-120288' target='_blank'>canterbury-england-120288</a>",1988,"1988 Fall European Tour",1988-12-02,"Technical College","Canterbury","England","Pest Control",199,"Good",51.2755065,1.08973
"canterbury-england-120288","<a href='https://www.dischord.com/fugazi_live_series/canterbury-england-120288' target='_blank'>canterbury-england-120288</a>",1988,"1988 Fall European Tour",1988-12-02,"Technical College","Canterbury","England","Playground",199,"Good",51.2755065,1.08973
"carbondale-il-usa-82493","<a href='https://www.dischord.com/fugazi_live_series/carbondale-il-usa-82493' target='_blank'>carbondale-il-usa-82493</a>",1993,"1993 Fall USA/Canada Tour",1993-08-24,"Southern Illinois University","Carbondale","USA","Brainiac",950,"Very Good",37.7129487,-89.218502
"carlisle-pa-usa-21388","<a href='https://www.dischord.com/fugazi_live_series/carlisle-pa-usa-21388' target='_blank'>carlisle-pa-usa-21388</a>",1988,"1988 Winter/Spring Regional Dates",1988-02-13,"Dickinson College","Carlisle","USA","Kingface",199,NA,40.2027462,-77.200833
"carlisle-pa-usa-21388","<a href='https://www.dischord.com/fugazi_live_series/carlisle-pa-usa-21388' target='_blank'>carlisle-pa-usa-21388</a>",1988,"1988 Winter/Spring Regional Dates",1988-02-13,"Dickinson College","Carlisle","USA","Scram",199,NA,40.2027462,-77.200833
"carlisle-pa-usa-21388","<a href='https://www.dischord.com/fugazi_live_series/carlisle-pa-usa-21388' target='_blank'>carlisle-pa-usa-21388</a>",1988,"1988 Winter/Spring Regional Dates",1988-02-13,"Dickinson College","Carlisle","USA","Slush Puppies",199,NA,40.2027462,-77.200833
"catania-sicily-italy-100399","<a href='https://www.dischord.com/fugazi_live_series/catania-sicily-italy-100399' target='_blank'>catania-sicily-italy-100399</a>",1999,"1999 Fall European Tour",1999-10-03,"Porto Catania Outdoor Show","Catania","Italy",NA,2000,NA,37.4989269,15.094944
"catania-sicily-italy-61895","<a href='https://www.dischord.com/fugazi_live_series/catania-sicily-italy-61895' target='_blank'>catania-sicily-italy-61895</a>",1995,"1995 Spring/Summer European Tour",1995-06-18,"Porto Catania Outdoor Show","Catania","Italy","Uzeda",5000,"Very Good",37.4989269,15.094944
"champaign-il-usa-60691","<a href='https://www.dischord.com/fugazi_live_series/champaign-il-usa-60691' target='_blank'>champaign-il-usa-60691</a>",1991,"1991 Spring USA Tour",1991-06-06,"Latzer Hall YMCA","Champaign","USA","Billingsgate",450,"Good",40.1066485,-88.231271
"champaign-il-usa-60691","<a href='https://www.dischord.com/fugazi_live_series/champaign-il-usa-60691' target='_blank'>champaign-il-usa-60691</a>",1991,"1991 Spring USA Tour",1991-06-06,"Latzer Hall YMCA","Champaign","USA","Poster Children",450,"Good",40.1066485,-88.231271
"champaign-il-usa-60789","<a href='https://www.dischord.com/fugazi_live_series/champaign-il-usa-60789' target='_blank'>champaign-il-usa-60789</a>",1989,"1989 Spring USA Tour",1989-06-07,"Latzer Hall YMCA","Champaign","USA","Didjits",250,NA,40.1066485,-88.231271
"champaign-il-usa-60789","<a href='https://www.dischord.com/fugazi_live_series/champaign-il-usa-60789' target='_blank'>champaign-il-usa-60789</a>",1989,"1989 Spring USA Tour",1989-06-07,"Latzer Hall YMCA","Champaign","USA","Sixteen Tons",250,NA,40.1066485,-88.231271
"chapel-hill-nc-usa-20593","<a href='https://www.dischord.com/fugazi_live_series/chapel-hill-nc-usa-20593' target='_blank'>chapel-hill-nc-usa-20593</a>",1993,"1993 Winter Southern USA Tour",1993-02-05,"Cat's Cradle","Chapel Hill","USA","Shudder to Think",760,"Very Good",35.9098478,-79.0689
"chapel-hill-nc-usa-20593","<a href='https://www.dischord.com/fugazi_live_series/chapel-hill-nc-usa-20593' target='_blank'>chapel-hill-nc-usa-20593</a>",1993,"1993 Winter Southern USA Tour",1993-02-05,"Cat's Cradle","Chapel Hill","USA","Slant 6",760,"Very Good",35.9098478,-79.0689
"chapel-hill-nc-usa-32590","<a href='https://www.dischord.com/fugazi_live_series/chapel-hill-nc-usa-32590' target='_blank'>chapel-hill-nc-usa-32590</a>",1990,"1990 Spring Southern USA Tour",1990-03-25,"Cat's Cradle","Chapel Hill","USA","Bricks",650,"Very Good",35.9098478,-79.0689
"chapel-hill-nc-usa-50189","<a href='https://www.dischord.com/fugazi_live_series/chapel-hill-nc-usa-50189' target='_blank'>chapel-hill-nc-usa-50189</a>",1989,"1989 Spring USA Tour",1989-05-01,"Cat's Cradle","Chapel Hill","USA","Mallethead",350,"Poor",35.9098478,-79.0689
"chapel-hill-nc-usa-50189","<a href='https://www.dischord.com/fugazi_live_series/chapel-hill-nc-usa-50189' target='_blank'>chapel-hill-nc-usa-50189</a>",1989,"1989 Spring USA Tour",1989-05-01,"Cat's Cradle","Chapel Hill","USA","Sex Police",350,"Poor",35.9098478,-79.0689
"chapel-hill-nc-usa-50391","<a href='https://www.dischord.com/fugazi_live_series/chapel-hill-nc-usa-50391' target='_blank'>chapel-hill-nc-usa-50391</a>",1991,"1991 Spring USA Tour",1991-05-03,"Cat's Cradle","Chapel Hill","USA","Sebadoh",600,"Good",35.9098478,-79.0689
"chapel-hill-nc-usa-50391","<a href='https://www.dischord.com/fugazi_live_series/chapel-hill-nc-usa-50391' target='_blank'>chapel-hill-nc-usa-50391</a>",1991,"1991 Spring USA Tour",1991-05-03,"Cat's Cradle","Chapel Hill","USA","Superchunk",600,"Good",35.9098478,-79.0689
"chapel-hill-nc-usa-60588","<a href='https://www.dischord.com/fugazi_live_series/chapel-hill-nc-usa-60588' target='_blank'>chapel-hill-nc-usa-60588</a>",1988,"1988 Spring USA Tour",1988-06-05,"Cat's Cradle","Chapel Hill","USA","Wwax",20,NA,35.9098478,-79.0689
"chapel-hill-nc-usa-92787","<a href='https://www.dischord.com/fugazi_live_series/chapel-hill-nc-usa-92787' target='_blank'>chapel-hill-nc-usa-92787</a>",1987,"1987 Fall/Winter Regional Dates",1987-09-27,"Cat's Cradle","Chapel Hill","USA","Days Of",50,NA,35.9098478,-79.0689
"chapel-hill-nc-usa-92787","<a href='https://www.dischord.com/fugazi_live_series/chapel-hill-nc-usa-92787' target='_blank'>chapel-hill-nc-usa-92787</a>",1987,"1987 Fall/Winter Regional Dates",1987-09-27,"Cat's Cradle","Chapel Hill","USA","Slush Puppies",50,NA,35.9098478,-79.0689
"charleston-wv-usa-112898","<a href='https://www.dischord.com/fugazi_live_series/charleston-wv-usa-112898' target='_blank'>charleston-wv-usa-112898</a>",1998,"1998 Fall Mid-West USA Tour",1998-11-28,"Common Grounds","Charleston","USA","All For Nothing",500,"Very Good",38.3513477,-81.634437
"charleston-wv-usa-112898","<a href='https://www.dischord.com/fugazi_live_series/charleston-wv-usa-112898' target='_blank'>charleston-wv-usa-112898</a>",1998,"1998 Fall Mid-West USA Tour",1998-11-28,"Common Grounds","Charleston","USA","Shindig",500,"Very Good",38.3513477,-81.634437
"charlotte-nc-usa-11300","<a href='https://www.dischord.com/fugazi_live_series/charlotte-nc-usa-11300' target='_blank'>charlotte-nc-usa-11300</a>",2000,"2000 Winter Southern USA Tour",2000-01-13,"Tremont Music Hall","Charlotte","USA","Faraquet",900,"Very Good",35.2115543,-80.867269
"charlotte-nc-usa-20893","<a href='https://www.dischord.com/fugazi_live_series/charlotte-nc-usa-20893' target='_blank'>charlotte-nc-usa-20893</a>",1993,"1993 Winter Southern USA Tour",1993-02-08,"Thirteen Thirteen","Charlotte","USA","Shudder to Think",650,"Poor",35.2171281,-80.852505
"charlotte-nc-usa-20893","<a href='https://www.dischord.com/fugazi_live_series/charlotte-nc-usa-20893' target='_blank'>charlotte-nc-usa-20893</a>",1993,"1993 Winter Southern USA Tour",1993-02-08,"Thirteen Thirteen","Charlotte","USA","Slant 6",650,"Poor",35.2171281,-80.852505
"charlotte-nc-usa-32396","<a href='https://www.dischord.com/fugazi_live_series/charlotte-nc-usa-32396' target='_blank'>charlotte-nc-usa-32396</a>",1996,"1996 Southern USA Tour",1996-03-23,"Tremont Music Hall","Charlotte","USA","Make Up",900,"Very Good",35.2115543,-80.867269
"charlotte-nc-usa-32396","<a href='https://www.dischord.com/fugazi_live_series/charlotte-nc-usa-32396' target='_blank'>charlotte-nc-usa-32396</a>",1996,"1996 Southern USA Tour",1996-03-23,"Tremont Music Hall","Charlotte","USA","Monorchid",900,"Very Good",35.2115543,-80.867269
"charlotte-nc-usa-50491","<a href='https://www.dischord.com/fugazi_live_series/charlotte-nc-usa-50491' target='_blank'>charlotte-nc-usa-50491</a>",1991,"1991 Spring USA Tour",1991-05-04,"Milestone","Charlotte","USA","Sebadoh",400,"Good",35.2446704,-80.883447
"charlottesville-va-usa-120899","<a href='https://www.dischord.com/fugazi_live_series/charlottesville-va-usa-120899' target='_blank'>charlottesville-va-usa-120899</a>",1999,"1999 Fall/Winter Southern USA Tour",1999-12-07,"Trax","Charlottesville","USA","The Ex",900,"Excellent",38.0318554,-78.49601
"charlottesville-va-usa-40493","<a href='https://www.dischord.com/fugazi_live_series/charlottesville-va-usa-40493' target='_blank'>charlottesville-va-usa-40493</a>",1993,"1993 Spring USA Tour",1993-04-04,"Trax","Charlottesville","USA","Jawbox",950,"Good",38.0318554,-78.49601
"chicago-il-usa-101095","<a href='https://www.dischord.com/fugazi_live_series/chicago-il-usa-101095' target='_blank'>chicago-il-usa-101095</a>",1995,"1995 Fall USA/Canada Tour",1995-10-10,"Rainbo Roller Rink","Chicago","USA","Make Up",3200,"Very Good",41.9694975,-87.667967
"chicago-il-usa-101095","<a href='https://www.dischord.com/fugazi_live_series/chicago-il-usa-101095' target='_blank'>chicago-il-usa-101095</a>",1995,"1995 Fall USA/Canada Tour",1995-10-10,"Rainbo Roller Rink","Chicago","USA","Shellac",3200,"Very Good",41.9694975,-87.667967
"chicago-il-usa-50798","<a href='https://www.dischord.com/fugazi_live_series/chicago-il-usa-50798' target='_blank'>chicago-il-usa-50798</a>",1998,"1998 Spring USA Tour",1998-05-07,"Congress Theater","Chicago","USA","Blonde Redhead",2500,"Good",41.9201213,-87.692839
"chicago-il-usa-50798","<a href='https://www.dischord.com/fugazi_live_series/chicago-il-usa-50798' target='_blank'>chicago-il-usa-50798</a>",1998,"1998 Spring USA Tour",1998-05-07,"Congress Theater","Chicago","USA","Shellac",2500,"Good",41.9201213,-87.692839
"chicago-il-usa-50888","<a href='https://www.dischord.com/fugazi_live_series/chicago-il-usa-50888' target='_blank'>chicago-il-usa-50888</a>",1988,"1988 Spring USA Tour",1988-05-08,"Club Dreamerz","Chicago","USA","Jack Scratch",100,NA,41.9089026,-87.675818
"chicago-il-usa-50888","<a href='https://www.dischord.com/fugazi_live_series/chicago-il-usa-50888' target='_blank'>chicago-il-usa-50888</a>",1988,"1988 Spring USA Tour",1988-05-08,"Club Dreamerz","Chicago","USA","No Empathy",100,NA,41.9089026,-87.675818
"chicago-il-usa-50898","<a href='https://www.dischord.com/fugazi_live_series/chicago-il-usa-50898' target='_blank'>chicago-il-usa-50898</a>",1998,"1998 Spring USA Tour",1998-05-08,"Congress Theater","Chicago","USA","Blonde Redhead",3100,"Poor",41.9201213,-87.692839
"chicago-il-usa-50898","<a href='https://www.dischord.com/fugazi_live_series/chicago-il-usa-50898' target='_blank'>chicago-il-usa-50898</a>",1998,"1998 Spring USA Tour",1998-05-08,"Congress Theater","Chicago","USA","Shellac",3100,"Poor",41.9201213,-87.692839
"chicago-il-usa-52893","<a href='https://www.dischord.com/fugazi_live_series/chicago-il-usa-52893' target='_blank'>chicago-il-usa-52893</a>",1993,"1993 Spring USA Tour",1993-05-28,"Oak Theatre","Chicago","USA","Arc Welder",1300,"Very Good",41.9177542,-87.687963
"chicago-il-usa-52993","<a href='https://www.dischord.com/fugazi_live_series/chicago-il-usa-52993' target='_blank'>chicago-il-usa-52993</a>",1993,"1993 Spring USA Tour",1993-05-29,"Oak Theatre","Chicago","USA","Grifters",1300,"Very Good",41.9177542,-87.687963
"chicago-il-usa-61089","<a href='https://www.dischord.com/fugazi_live_series/chicago-il-usa-61089' target='_blank'>chicago-il-usa-61089</a>",1989,"1989 Spring USA Tour",1989-06-10,"Club Dreamerz","Chicago","USA","Defoilants",350,NA,41.9089026,-87.675818
"chicago-il-usa-61089","<a href='https://www.dischord.com/fugazi_live_series/chicago-il-usa-61089' target='_blank'>chicago-il-usa-61089</a>",1989,"1989 Spring USA Tour",1989-06-10,"Club Dreamerz","Chicago","USA","Groove Diggers",350,NA,41.9089026,-87.675818
"chicago-il-usa-61490","<a href='https://www.dischord.com/fugazi_live_series/chicago-il-usa-61490' target='_blank'>chicago-il-usa-61490</a>",1990,"1990 Spring/Summer USA Tour",1990-06-14,"Medusa","Chicago","USA","Trenchmouth",1000,"Good",41.9416056,-87.6543
"chicago-il-usa-62301","<a href='https://www.dischord.com/fugazi_live_series/chicago-il-usa-62301' target='_blank'>chicago-il-usa-62301</a>",2001,"2001 Summer Mid-West/Canada Tour",2001-06-23,"Congress Theater","Chicago","USA","Shellac",3500,"Very Good",41.9201213,-87.692839
"chicago-il-usa-62301","<a href='https://www.dischord.com/fugazi_live_series/chicago-il-usa-62301' target='_blank'>chicago-il-usa-62301</a>",2001,"2001 Summer Mid-West/Canada Tour",2001-06-23,"Congress Theater","Chicago","USA","The Ex",3500,"Very Good",41.9201213,-87.692839
"chicago-il-usa-62401","<a href='https://www.dischord.com/fugazi_live_series/chicago-il-usa-62401' target='_blank'>chicago-il-usa-62401</a>",2001,"2001 Summer Mid-West/Canada Tour",2001-06-24,"Congress Theater","Chicago","USA","Shellac",3500,"Very Good",41.9201213,-87.692839
"chicago-il-usa-62401","<a href='https://www.dischord.com/fugazi_live_series/chicago-il-usa-62401' target='_blank'>chicago-il-usa-62401</a>",2001,"2001 Summer Mid-West/Canada Tour",2001-06-24,"Congress Theater","Chicago","USA","The Ex",3500,"Very Good",41.9201213,-87.692839
"chicago-il-usa-80891","<a href='https://www.dischord.com/fugazi_live_series/chicago-il-usa-80891' target='_blank'>chicago-il-usa-80891</a>",1991,"1991 Summer/Fall USA/Canada Tour",1991-08-08,"Vic Theater","Chicago","USA","Nation of Ulysses",1550,"Good",41.9395225,-87.65394
"chicago-il-usa-80891","<a href='https://www.dischord.com/fugazi_live_series/chicago-il-usa-80891' target='_blank'>chicago-il-usa-80891</a>",1991,"1991 Summer/Fall USA/Canada Tour",1991-08-08,"Vic Theater","Chicago","USA","Pegboy",1550,"Good",41.9395225,-87.65394
"chicago-il-usa-90393","<a href='https://www.dischord.com/fugazi_live_series/chicago-il-usa-90393' target='_blank'>chicago-il-usa-90393</a>",1993,"1993 Fall USA/Canada Tour",1993-09-03,"Aragon Ballroom","Chicago","USA","Slant 6",3650,"Good",41.9693677,-87.658143
"chicago-il-usa-90393","<a href='https://www.dischord.com/fugazi_live_series/chicago-il-usa-90393' target='_blank'>chicago-il-usa-90393</a>",1993,"1993 Fall USA/Canada Tour",1993-09-03,"Aragon Ballroom","Chicago","USA","Tar",3650,"Good",41.9693677,-87.658143
"chico-ca-usa-30399","<a href='https://www.dischord.com/fugazi_live_series/chico-ca-usa-30399' target='_blank'>chico-ca-usa-30399</a>",1999,"1999 West Coast USA Tour",1999-03-03,"Cal State University Shurmer Gym","Chico","USA","The Champs",1000,"Very Good",39.7290748,-121.849174
"chico-ca-usa-30399","<a href='https://www.dischord.com/fugazi_live_series/chico-ca-usa-30399' target='_blank'>chico-ca-usa-30399</a>",1999,"1999 West Coast USA Tour",1999-03-03,"Cal State University Shurmer Gym","Chico","USA","The Lies",1000,"Very Good",39.7290748,-121.849174
"chico-ca-usa-52490","<a href='https://www.dischord.com/fugazi_live_series/chico-ca-usa-52490' target='_blank'>chico-ca-usa-52490</a>",1990,"1990 Spring/Summer USA Tour",1990-05-24,"Burro Room","Chico","USA","Beat Happening",400,"Good",39.7301805,-121.841021
"christchurch-new-zealand-120893","<a href='https://www.dischord.com/fugazi_live_series/christchurch-new-zealand-120893' target='_blank'>christchurch-new-zealand-120893</a>",1993,"1993 Japan/Australia/New Zealand Tour",1993-12-08,"Caledonian Hall","Christchurch","New Zealand","Pumpkinhead",600,"Very Good",-43.5264607,172.637373
"christchurch-new-zealand-120893","<a href='https://www.dischord.com/fugazi_live_series/christchurch-new-zealand-120893' target='_blank'>christchurch-new-zealand-120893</a>",1993,"1993 Japan/Australia/New Zealand Tour",1993-12-08,"Caledonian Hall","Christchurch","New Zealand","Wadd",600,"Very Good",-43.5264607,172.637373
"christchurch-new-zealand-70297","<a href='https://www.dischord.com/fugazi_live_series/christchurch-new-zealand-70297' target='_blank'>christchurch-new-zealand-70297</a>",1997,"1997 Summer Australia/New Zealand Tour",1997-07-02,"Caledonian Hall","Christchurch","New Zealand",NA,968,"Poor",-43.5264607,172.637373
"cincinnati-oh-usa-100595","<a href='https://www.dischord.com/fugazi_live_series/cincinnati-oh-usa-100595' target='_blank'>cincinnati-oh-usa-100595</a>",1995,"1995 Fall USA/Canada Tour",1995-10-05,"Bogart's","Cincinnati","USA","Branch Manager",1300,"Very Good",39.1299734,-84.510042
"cincinnati-oh-usa-100595","<a href='https://www.dischord.com/fugazi_live_series/cincinnati-oh-usa-100595' target='_blank'>cincinnati-oh-usa-100595</a>",1995,"1995 Fall USA/Canada Tour",1995-10-05,"Bogart's","Cincinnati","USA","Make Up",1300,"Very Good",39.1299734,-84.510042
"cincinnati-oh-usa-50698","<a href='https://www.dischord.com/fugazi_live_series/cincinnati-oh-usa-50698' target='_blank'>cincinnati-oh-usa-50698</a>",1998,"1998 Spring USA Tour",1998-05-06,"Bogart's","Cincinnati","USA","Blonde Redhead",1300,"Good",39.1299734,-84.510042
"cincinnati-oh-usa-50698","<a href='https://www.dischord.com/fugazi_live_series/cincinnati-oh-usa-50698' target='_blank'>cincinnati-oh-usa-50698</a>",1998,"1998 Spring USA Tour",1998-05-06,"Bogart's","Cincinnati","USA","Koan",1300,"Good",39.1299734,-84.510042
"cincinnati-oh-usa-61091","<a href='https://www.dischord.com/fugazi_live_series/cincinnati-oh-usa-61091' target='_blank'>cincinnati-oh-usa-61091</a>",1991,"1991 Spring USA Tour",1991-06-10,"Bogart's","Cincinnati","USA","Plastic Jesus",1000,"Good",39.1299734,-84.510042
"cincinnati-oh-usa-82293","<a href='https://www.dischord.com/fugazi_live_series/cincinnati-oh-usa-82293' target='_blank'>cincinnati-oh-usa-82293</a>",1993,"1993 Fall USA/Canada Tour",1993-08-22,"Bogart's","Cincinnati","USA","Scrawl",1300,"Very Good",39.1299734,-84.510042
"clarksville-in-usa-50788","<a href='https://www.dischord.com/fugazi_live_series/clarksville-in-usa-50788' target='_blank'>clarksville-in-usa-50788</a>",1988,"1988 Spring USA Tour",1988-05-07,"Thunderdrone Sports Complex","Clarksville","USA","King Horse",100,"Good",38.2813271,-85.756677
"clarksville-in-usa-50788","<a href='https://www.dischord.com/fugazi_live_series/clarksville-in-usa-50788' target='_blank'>clarksville-in-usa-50788</a>",1988,"1988 Spring USA Tour",1988-05-07,"Thunderdrone Sports Complex","Clarksville","USA","Lead Pennies",100,"Good",38.2813271,-85.756677
"cleveland-oh-usa-100295","<a href='https://www.dischord.com/fugazi_live_series/cleveland-oh-usa-100295' target='_blank'>cleveland-oh-usa-100295</a>",1995,"1995 Fall USA/Canada Tour",1995-10-02,"Agora Theater","Cleveland","USA","Branch Manager",1666,"Very Good",41.5037118,-81.653957
"cleveland-oh-usa-100295","<a href='https://www.dischord.com/fugazi_live_series/cleveland-oh-usa-100295' target='_blank'>cleveland-oh-usa-100295</a>",1995,"1995 Fall USA/Canada Tour",1995-10-02,"Agora Theater","Cleveland","USA","Make Up",1666,"Very Good",41.5037118,-81.653957
"cleveland-oh-usa-50598","<a href='https://www.dischord.com/fugazi_live_series/cleveland-oh-usa-50598' target='_blank'>cleveland-oh-usa-50598</a>",1998,"1998 Spring USA Tour",1998-05-05,"Agora Theater","Cleveland","USA","Blonde Redhead",1000,"Very Good",41.5037118,-81.653957
"cleveland-oh-usa-50598","<a href='https://www.dischord.com/fugazi_live_series/cleveland-oh-usa-50598' target='_blank'>cleveland-oh-usa-50598</a>",1998,"1998 Spring USA Tour",1998-05-05,"Agora Theater","Cleveland","USA","Quixotic",1000,"Very Good",41.5037118,-81.653957
"cleveland-oh-usa-61391","<a href='https://www.dischord.com/fugazi_live_series/cleveland-oh-usa-61391' target='_blank'>cleveland-oh-usa-61391</a>",1991,"1991 Spring USA Tour",1991-06-13,"Flash's","Cleveland","USA","Sleazy Jesus and the Splatter Pigs",1300,"Very Good",41.4500552,-81.815653
"cleveland-oh-usa-61589","<a href='https://www.dischord.com/fugazi_live_series/cleveland-oh-usa-61589' target='_blank'>cleveland-oh-usa-61589</a>",1989,"1989 Spring USA Tour",1989-06-15,"Phantasy Nightclub","Cleveland","USA","Knifedance",400,NA,41.4838837,-81.770598
"cleveland-oh-usa-61589","<a href='https://www.dischord.com/fugazi_live_series/cleveland-oh-usa-61589' target='_blank'>cleveland-oh-usa-61589</a>",1989,"1989 Spring USA Tour",1989-06-15,"Phantasy Nightclub","Cleveland","USA","Sacred Hate",400,NA,41.4838837,-81.770598
"cleveland-oh-usa-90593","<a href='https://www.dischord.com/fugazi_live_series/cleveland-oh-usa-90593' target='_blank'>cleveland-oh-usa-90593</a>",1993,"1993 Fall USA/Canada Tour",1993-09-05,"Nautica Stage","Cleveland","USA","Mule",3200,"Good",41.4963298,-81.70292
"cleveland-oh-usa-90593","<a href='https://www.dischord.com/fugazi_live_series/cleveland-oh-usa-90593' target='_blank'>cleveland-oh-usa-90593</a>",1993,"1993 Fall USA/Canada Tour",1993-09-05,"Nautica Stage","Cleveland","USA","Slant 6",3200,"Good",41.4963298,-81.70292
"clinton-ma-usa-50597","<a href='https://www.dischord.com/fugazi_live_series/clinton-ma-usa-50597' target='_blank'>clinton-ma-usa-50597</a>",1997,"1997 East Coast USA Tour",1997-05-05,"St. John's Gym","Clinton","USA","Branch Manager",850,"Good",42.4149726,-71.680188
"clinton-ma-usa-50597","<a href='https://www.dischord.com/fugazi_live_series/clinton-ma-usa-50597' target='_blank'>clinton-ma-usa-50597</a>",1997,"1997 East Coast USA Tour",1997-05-05,"St. John's Gym","Clinton","USA","Cast Iron Hike",850,"Good",42.4149726,-71.680188
"college-park-md-usa-40293","<a href='https://www.dischord.com/fugazi_live_series/college-park-md-usa-40293' target='_blank'>college-park-md-usa-40293</a>",1993,"1993 Spring USA Tour",1993-04-02,"University of Maryland Ritchie Coliseum","College Park","USA","Hoover",2000,"Very Good",38.985037,-76.93643
"college-park-md-usa-40293","<a href='https://www.dischord.com/fugazi_live_series/college-park-md-usa-40293' target='_blank'>college-park-md-usa-40293</a>",1993,"1993 Spring USA Tour",1993-04-02,"University of Maryland Ritchie Coliseum","College Park","USA","Slant 6",2000,"Very Good",38.985037,-76.93643
"college-station-tx-usa-52688","<a href='https://www.dischord.com/fugazi_live_series/college-station-tx-usa-52688' target='_blank'>college-station-tx-usa-52688</a>",1988,"1988 Spring USA Tour",1988-05-26,"Eastgate Live","College Station","USA","Bad Mutha Goose",199,"Poor",30.6246076,-96.330157
"college-station-tx-usa-52688","<a href='https://www.dischord.com/fugazi_live_series/college-station-tx-usa-52688' target='_blank'>college-station-tx-usa-52688</a>",1988,"1988 Spring USA Tour",1988-05-26,"Eastgate Live","College Station","USA","Hostile Union",199,"Poor",30.6246076,-96.330157
"colorado-springs-co-usa-40701","<a href='https://www.dischord.com/fugazi_live_series/colorado-springs-co-usa-40701' target='_blank'>colorado-springs-co-usa-40701</a>",2001,"2001 Spring Western USA Tour",2001-04-07,"Colorado Music Hall","Colorado Springs","USA","Go Go Go Airheart",900,"Excellent",38.8317571,-104.785385
"columbia-md-usa-42790","<a href='https://www.dischord.com/fugazi_live_series/columbia-md-usa-42790' target='_blank'>columbia-md-usa-42790</a>",1990,"1990 Spring Regional Dates",1990-04-27,"Atholton High School Gym","Columbia","USA","Bonehead",350,"Good",39.1882852,-76.88057
"columbia-md-usa-42790","<a href='https://www.dischord.com/fugazi_live_series/columbia-md-usa-42790' target='_blank'>columbia-md-usa-42790</a>",1990,"1990 Spring Regional Dates",1990-04-27,"Atholton High School Gym","Columbia","USA","Holy Rollers",350,"Good",39.1882852,-76.88057
"columbia-mo-usa-41901","<a href='https://www.dischord.com/fugazi_live_series/columbia-mo-usa-41901' target='_blank'>columbia-mo-usa-41901</a>",2001,"2001 Spring Western USA Tour",2001-04-19,"Blue Note","Columbia","USA","Star Death",1000,"Very Good",38.952167,-92.327779
"columbia-mo-usa-60391","<a href='https://www.dischord.com/fugazi_live_series/columbia-mo-usa-60391' target='_blank'>columbia-mo-usa-60391</a>",1991,"1991 Spring USA Tour",1991-06-03,"Blue Note","Columbia","USA","Church of Bowling",400,"Good",38.952167,-92.327779
"columbia-mo-usa-82793","<a href='https://www.dischord.com/fugazi_live_series/columbia-mo-usa-82793' target='_blank'>columbia-mo-usa-82793</a>",1993,"1993 Fall USA/Canada Tour",1993-08-27,"Blue Note","Columbia","USA","Poster Children",1000,"Very Good",38.952167,-92.327779
"columbia-mo-usa-82793","<a href='https://www.dischord.com/fugazi_live_series/columbia-mo-usa-82793' target='_blank'>columbia-mo-usa-82793</a>",1993,"1993 Fall USA/Canada Tour",1993-08-27,"Blue Note","Columbia","USA","Prozac Memory",1000,"Very Good",38.952167,-92.327779
"columbia-sc-usa-20793","<a href='https://www.dischord.com/fugazi_live_series/columbia-sc-usa-20793' target='_blank'>columbia-sc-usa-20793</a>",1993,"1993 Winter Southern USA Tour",1993-02-07,"National Guard Armory","Columbia","USA","134",700,"Good",33.968987,-81.016588
"columbia-sc-usa-20793","<a href='https://www.dischord.com/fugazi_live_series/columbia-sc-usa-20793' target='_blank'>columbia-sc-usa-20793</a>",1993,"1993 Winter Southern USA Tour",1993-02-07,"National Guard Armory","Columbia","USA","Lay Quiet Awhile",700,"Good",33.968987,-81.016588
"columbia-sc-usa-20793","<a href='https://www.dischord.com/fugazi_live_series/columbia-sc-usa-20793' target='_blank'>columbia-sc-usa-20793</a>",1993,"1993 Winter Southern USA Tour",1993-02-07,"National Guard Armory","Columbia","USA","Slant 6",700,"Good",33.968987,-81.016588
"columbia-sc-usa-32496","<a href='https://www.dischord.com/fugazi_live_series/columbia-sc-usa-32496' target='_blank'>columbia-sc-usa-32496</a>",1996,"1996 Southern USA Tour",1996-03-24,"Clyde's","Columbia","USA","Ghetto Blaster",400,"Very Good",34.002328,-81.01724
"columbia-sc-usa-50289","<a href='https://www.dischord.com/fugazi_live_series/columbia-sc-usa-50289' target='_blank'>columbia-sc-usa-50289</a>",1989,"1989 Spring USA Tour",1989-05-02,"Dance Graphics","Columbia","USA","Bedlam Hour",60,NA,34.0032201,-81.017513
"columbia-sc-usa-51091","<a href='https://www.dischord.com/fugazi_live_series/columbia-sc-usa-51091' target='_blank'>columbia-sc-usa-51091</a>",1991,"1991 Spring USA Tour",1991-05-10,"Rockefella's","Columbia","USA","Bedlam Hour",500,"Good",33.9987188,-81.01501
"columbus-oh-usa-100395","<a href='https://www.dischord.com/fugazi_live_series/columbus-oh-usa-100395' target='_blank'>columbus-oh-usa-100395</a>",1995,"1995 Fall USA/Canada Tour",1995-10-03,"Newport","Columbus","USA","Branch Manager",1621,"Good",39.9974613,-83.007404
"columbus-oh-usa-100395","<a href='https://www.dischord.com/fugazi_live_series/columbus-oh-usa-100395' target='_blank'>columbus-oh-usa-100395</a>",1995,"1995 Fall USA/Canada Tour",1995-10-03,"Newport","Columbus","USA","Make Up",1621,"Good",39.9974613,-83.007404
"columbus-oh-usa-50398","<a href='https://www.dischord.com/fugazi_live_series/columbus-oh-usa-50398' target='_blank'>columbus-oh-usa-50398</a>",1998,"1998 Spring USA Tour",1998-05-03,"Newport","Columbus","USA","Quixotic",1200,"Very Good",39.9974613,-83.007404
"columbus-oh-usa-50398","<a href='https://www.dischord.com/fugazi_live_series/columbus-oh-usa-50398' target='_blank'>columbus-oh-usa-50398</a>",1998,"1998 Spring USA Tour",1998-05-03,"Newport","Columbus","USA","Scrawl",1200,"Very Good",39.9974613,-83.007404
"columbus-oh-usa-53193","<a href='https://www.dischord.com/fugazi_live_series/columbus-oh-usa-53193' target='_blank'>columbus-oh-usa-53193</a>",1993,"1993 Spring USA Tour",1993-05-31,"Newport","Columbus","USA","Skinwhig",1400,"Very Good",39.9974613,-83.007404
"columbus-oh-usa-61291","<a href='https://www.dischord.com/fugazi_live_series/columbus-oh-usa-61291' target='_blank'>columbus-oh-usa-61291</a>",1991,"1991 Spring USA Tour",1991-06-12,"Newport","Columbus","USA","Carbuncle",700,"Good",39.9974613,-83.007404
"conway-ar-usa-112498","<a href='https://www.dischord.com/fugazi_live_series/conway-ar-usa-112498' target='_blank'>conway-ar-usa-112498</a>",1998,"1998 Fall Mid-West USA Tour",1998-11-24,"Hendrix University, Hulen Ballroom","Conway","USA","Shake Ray Turbine",1300,"Very Good",35.0995323,-92.440677
"copenhagen-denmark-100700","<a href='https://www.dischord.com/fugazi_live_series/copenhagen-denmark-100700' target='_blank'>copenhagen-denmark-100700</a>",2000,"2000 Fall Northern European Tour",2000-10-07,"Loppen","Copenhagen","Denmark","Barrahead",450,"Excellent",55.673854,12.597078
"copenhagen-denmark-102288","<a href='https://www.dischord.com/fugazi_live_series/copenhagen-denmark-102288' target='_blank'>copenhagen-denmark-102288</a>",1988,"1988 Fall European Tour",1988-10-22,"Ungdomshuset","Copenhagen","Denmark","Empty Wallets",199,NA,55.6938539,12.5481
"copenhagen-denmark-70492","<a href='https://www.dischord.com/fugazi_live_series/copenhagen-denmark-70492' target='_blank'>copenhagen-denmark-70492</a>",1992,"1992 Spring European Tour",1992-07-04,"Ungdomshuset","Copenhagen","Denmark","Chippendales",500,"Good",55.6938539,12.5481
"copenhagen-denmark-71095","<a href='https://www.dischord.com/fugazi_live_series/copenhagen-denmark-71095' target='_blank'>copenhagen-denmark-71095</a>",1995,"1995 Spring/Summer European Tour",1995-07-10,"Rockmaskinen","Copenhagen","Denmark",NA,400,"Excellent",55.6737142,12.599485
"copenhagen-denmark-92790","<a href='https://www.dischord.com/fugazi_live_series/copenhagen-denmark-92790' target='_blank'>copenhagen-denmark-92790</a>",1990,"1990 Fall European Tour",1990-09-27,"Ungdomshuset","Copenhagen","Denmark","2000 DS",500,"Good",55.6938539,12.5481
"copenhagen-denmark-92790","<a href='https://www.dischord.com/fugazi_live_series/copenhagen-denmark-92790' target='_blank'>copenhagen-denmark-92790</a>",1990,"1990 Fall European Tour",1990-09-27,"Ungdomshuset","Copenhagen","Denmark","False Prophets",500,"Good",55.6938539,12.5481
"copenhagen-denmark-92790","<a href='https://www.dischord.com/fugazi_live_series/copenhagen-denmark-92790' target='_blank'>copenhagen-denmark-92790</a>",1990,"1990 Fall European Tour",1990-09-27,"Ungdomshuset","Copenhagen","Denmark","MDC",500,"Good",55.6938539,12.5481
"copenhagen-denmark-92790","<a href='https://www.dischord.com/fugazi_live_series/copenhagen-denmark-92790' target='_blank'>copenhagen-denmark-92790</a>",1990,"1990 Fall European Tour",1990-09-27,"Ungdomshuset","Copenhagen","Denmark","Ravings",500,"Good",55.6938539,12.5481
"cork-ireland-50899","<a href='https://www.dischord.com/fugazi_live_series/cork-ireland-50899' target='_blank'>cork-ireland-50899</a>",1999,"1999 Spring UK/Ireland Tour",1999-05-08,"Nancy Spains","Cork","Ireland","Calixicon",400,"Very Good",51.8933989,-8.478298
"croydon-vic-australia-101991","<a href='https://www.dischord.com/fugazi_live_series/croydon-vic-australia-101991' target='_blank'>croydon-vic-australia-101991</a>",1991,"1991 Australia/New Zealand/Japan Tour",1991-10-19,"The Hull","Croydon","Australia","Dweebs",500,"Very Good",-37.7958944,145.29037
"croydon-vic-australia-101991","<a href='https://www.dischord.com/fugazi_live_series/croydon-vic-australia-101991' target='_blank'>croydon-vic-australia-101991</a>",1991,"1991 Australia/New Zealand/Japan Tour",1991-10-19,"The Hull","Croydon","Australia","Nursery Crimes",500,"Very Good",-37.7958944,145.29037
"croydon-vic-australia-111293","<a href='https://www.dischord.com/fugazi_live_series/croydon-vic-australia-111293' target='_blank'>croydon-vic-australia-111293</a>",1993,"1993 Japan/Australia/New Zealand Tour",1993-11-12,"EV's","Croydon","Australia","Aquanuggets",750,"Good",-37.7994161,145.281955
"croydon-vic-australia-111293","<a href='https://www.dischord.com/fugazi_live_series/croydon-vic-australia-111293' target='_blank'>croydon-vic-australia-111293</a>",1993,"1993 Japan/Australia/New Zealand Tour",1993-11-12,"EV's","Croydon","Australia","Noise Addicts",750,"Good",-37.7994161,145.281955
"croydon-vic-australia-111293","<a href='https://www.dischord.com/fugazi_live_series/croydon-vic-australia-111293' target='_blank'>croydon-vic-australia-111293</a>",1993,"1993 Japan/Australia/New Zealand Tour",1993-11-12,"EV's","Croydon","Australia","Spiderbait",750,"Good",-37.7994161,145.281955
"curitiba-brazil-81497","<a href='https://www.dischord.com/fugazi_live_series/curitiba-brazil-81497' target='_blank'>curitiba-brazil-81497</a>",1997,"1997 Summer Brazil/S. America Tour",1997-08-14,"92 Graus","Curitiba","Brazil","Magneticos",600,"Good",-25.4248241,-49.28373
"curitiba-brazil-82594","<a href='https://www.dischord.com/fugazi_live_series/curitiba-brazil-82594' target='_blank'>curitiba-brazil-82594</a>",1994,"1994 Fall Brazil Tour",1994-08-25,"92 Graus","Curitiba","Brazil","Andes De Jardem",200,"Very Good",-25.4248241,-49.28373
"curitiba-brazil-82594","<a href='https://www.dischord.com/fugazi_live_series/curitiba-brazil-82594' target='_blank'>curitiba-brazil-82594</a>",1994,"1994 Fall Brazil Tour",1994-08-25,"92 Graus","Curitiba","Brazil","Intruders",200,"Very Good",-25.4248241,-49.28373
"curitiba-brazil-82594","<a href='https://www.dischord.com/fugazi_live_series/curitiba-brazil-82594' target='_blank'>curitiba-brazil-82594</a>",1994,"1994 Fall Brazil Tour",1994-08-25,"92 Graus","Curitiba","Brazil","Missionarios",200,"Very Good",-25.4248241,-49.28373
"curitiba-brazil-82694","<a href='https://www.dischord.com/fugazi_live_series/curitiba-brazil-82694' target='_blank'>curitiba-brazil-82694</a>",1994,"1994 Fall Brazil Tour",1994-08-26,"92 Graus","Curitiba","Brazil","Anões de Jardim",300,"Very Good",-25.4248241,-49.28373
"curitiba-brazil-82694","<a href='https://www.dischord.com/fugazi_live_series/curitiba-brazil-82694' target='_blank'>curitiba-brazil-82694</a>",1994,"1994 Fall Brazil Tour",1994-08-26,"92 Graus","Curitiba","Brazil","Intruders",300,"Very Good",-25.4248241,-49.28373
"curitiba-brazil-82694","<a href='https://www.dischord.com/fugazi_live_series/curitiba-brazil-82694' target='_blank'>curitiba-brazil-82694</a>",1994,"1994 Fall Brazil Tour",1994-08-26,"92 Graus","Curitiba","Brazil","Missionarios",300,"Very Good",-25.4248241,-49.28373
"curitiba-brazil-82794","<a href='https://www.dischord.com/fugazi_live_series/curitiba-brazil-82794' target='_blank'>curitiba-brazil-82794</a>",1994,"1994 Fall Brazil Tour",1994-08-27,"92 Graus","Curitiba","Brazil","Magog",75,"Good",-25.4248241,-49.28373
"curitiba-brazil-82794","<a href='https://www.dischord.com/fugazi_live_series/curitiba-brazil-82794' target='_blank'>curitiba-brazil-82794</a>",1994,"1994 Fall Brazil Tour",1994-08-27,"92 Graus","Curitiba","Brazil","Publico Opinion",75,"Good",-25.4248241,-49.28373
"dallas-tx-usa-111995","<a href='https://www.dischord.com/fugazi_live_series/dallas-tx-usa-111995' target='_blank'>dallas-tx-usa-111995</a>",1995,"1995 Fall USA/Canada Tour",1995-11-19,"Bomb Factory","Dallas","USA","Baboon",1400,"Good",32.782355,-96.783802
"dallas-tx-usa-111995","<a href='https://www.dischord.com/fugazi_live_series/dallas-tx-usa-111995' target='_blank'>dallas-tx-usa-111995</a>",1995,"1995 Fall USA/Canada Tour",1995-11-19,"Bomb Factory","Dallas","USA","Blonde Redhead",1400,"Good",32.782355,-96.783802
"dallas-tx-usa-112398","<a href='https://www.dischord.com/fugazi_live_series/dallas-tx-usa-112398' target='_blank'>dallas-tx-usa-112398</a>",1998,"1998 Fall Mid-West USA Tour",1998-11-23,"Galaxy","Dallas","USA","Swivel",700,"Very Good",32.7829848,-96.782657
"dallas-tx-usa-41693","<a href='https://www.dischord.com/fugazi_live_series/dallas-tx-usa-41693' target='_blank'>dallas-tx-usa-41693</a>",1993,"1993 Spring USA Tour",1993-04-16,"Bomb Factory","Dallas","USA","Bedhead",2000,"Good",32.782355,-96.783802
"dallas-tx-usa-41693","<a href='https://www.dischord.com/fugazi_live_series/dallas-tx-usa-41693' target='_blank'>dallas-tx-usa-41693</a>",1993,"1993 Spring USA Tour",1993-04-16,"Bomb Factory","Dallas","USA","Wayward Girl",2000,"Good",32.782355,-96.783802
"dallas-tx-usa-50490","<a href='https://www.dischord.com/fugazi_live_series/dallas-tx-usa-50490' target='_blank'>dallas-tx-usa-50490</a>",1990,"1990 Spring/Summer USA Tour",1990-05-04,"2301 Canton Warehouse","Dallas","USA","Last Rites",700,"Very Good",32.7812264,-96.78843
"dallas-tx-usa-52491","<a href='https://www.dischord.com/fugazi_live_series/dallas-tx-usa-52491' target='_blank'>dallas-tx-usa-52491</a>",1991,"1991 Spring USA Tour",1991-05-24,"Deep Ellum Live","Dallas","USA","Agitators",1200,"Good",32.782476,-96.783249
"dallas-tx-usa-52988","<a href='https://www.dischord.com/fugazi_live_series/dallas-tx-usa-52988' target='_blank'>dallas-tx-usa-52988</a>",1988,"1988 Spring USA Tour",1988-05-29,"Honest Place","Dallas","USA","Last Rites",200,NA,32.784705,-96.7747
"darwin-australia-62597","<a href='https://www.dischord.com/fugazi_live_series/darwin-australia-62597' target='_blank'>darwin-australia-62597</a>",1997,"1997 Summer Australia/New Zealand Tour",1997-06-25,"Time Tavern","Darwin","Australia",NA,968,"Very Good",-12.461839,130.8411
"dayton-oh-usa-100495","<a href='https://www.dischord.com/fugazi_live_series/dayton-oh-usa-100495' target='_blank'>dayton-oh-usa-100495</a>",1995,"1995 Fall USA/Canada Tour",1995-10-04,"1470 West","Dayton","USA","Make Up",826,"Good",39.7080824,-84.200409
"dayton-oh-usa-100495","<a href='https://www.dischord.com/fugazi_live_series/dayton-oh-usa-100495' target='_blank'>dayton-oh-usa-100495</a>",1995,"1995 Fall USA/Canada Tour",1995-10-04,"1470 West","Dayton","USA","Trusty",826,"Good",39.7080824,-84.200409
"dayton-oh-usa-61191","<a href='https://www.dischord.com/fugazi_live_series/dayton-oh-usa-61191' target='_blank'>dayton-oh-usa-61191</a>",1991,"1991 Spring USA Tour",1991-06-11,"Electrician's Hall","Dayton","USA","Dryrot",400,"Good",39.7687738,-84.138792
"dayton-oh-usa-61191","<a href='https://www.dischord.com/fugazi_live_series/dayton-oh-usa-61191' target='_blank'>dayton-oh-usa-61191</a>",1991,"1991 Spring USA Tour",1991-06-11,"Electrician's Hall","Dayton","USA","Method",400,"Good",39.7687738,-84.138792
"dayton-oh-usa-61191","<a href='https://www.dischord.com/fugazi_live_series/dayton-oh-usa-61191' target='_blank'>dayton-oh-usa-61191</a>",1991,"1991 Spring USA Tour",1991-06-11,"Electrician's Hall","Dayton","USA","Stronghold",400,"Good",39.7687738,-84.138792
"dayton-oh-usa-62790","<a href='https://www.dischord.com/fugazi_live_series/dayton-oh-usa-62790' target='_blank'>dayton-oh-usa-62790</a>",1990,"1990 Spring/Summer USA Tour",1990-06-27,"Electrician's Hall","Dayton","USA","Dryrot",600,"Poor",39.7687738,-84.138792
"dayton-oh-usa-62790","<a href='https://www.dischord.com/fugazi_live_series/dayton-oh-usa-62790' target='_blank'>dayton-oh-usa-62790</a>",1990,"1990 Spring/Summer USA Tour",1990-06-27,"Electrician's Hall","Dayton","USA","Fifteen",600,"Poor",39.7687738,-84.138792
"dayton-oh-usa-82193","<a href='https://www.dischord.com/fugazi_live_series/dayton-oh-usa-82193' target='_blank'>dayton-oh-usa-82193</a>",1993,"1993 Fall USA/Canada Tour",1993-08-21,"Dayton Fest / Brookwood Island","Dayton","USA","Cage",850,"Very Good",39.8237884,-84.171412
"dayton-oh-usa-82193","<a href='https://www.dischord.com/fugazi_live_series/dayton-oh-usa-82193' target='_blank'>dayton-oh-usa-82193</a>",1993,"1993 Fall USA/Canada Tour",1993-08-21,"Dayton Fest / Brookwood Island","Dayton","USA","Fifteen",850,"Very Good",39.8237884,-84.171412
"dayton-oh-usa-82193","<a href='https://www.dischord.com/fugazi_live_series/dayton-oh-usa-82193' target='_blank'>dayton-oh-usa-82193</a>",1993,"1993 Fall USA/Canada Tour",1993-08-21,"Dayton Fest / Brookwood Island","Dayton","USA","and others",850,"Very Good",39.8237884,-84.171412
"den-bosch-netherlands-52192","<a href='https://www.dischord.com/fugazi_live_series/den-bosch-netherlands-52192' target='_blank'>den-bosch-netherlands-52192</a>",1992,"1992 Spring European Tour",1992-05-21,"William II","Den Bosch","Netherlands","Girls Vs. Boys",350,"Very Good",51.6954536,5.296965
"den-haag-netherlands-52492","<a href='https://www.dischord.com/fugazi_live_series/den-haag-netherlands-52492' target='_blank'>den-haag-netherlands-52492</a>",1992,"1992 Spring European Tour",1992-05-24,"Paard","Den Haag","Netherlands","Girls Vs. Boys",350,"Good",52.0747375,4.307658
"denver-co-usa-102295","<a href='https://www.dischord.com/fugazi_live_series/denver-co-usa-102295' target='_blank'>denver-co-usa-102295</a>",1995,"1995 Fall USA/Canada Tour",1995-10-22,"Mammoth Events Center","Denver","USA","Air Miami",2000,"Good",39.7405866,-104.977011
"denver-co-usa-102295","<a href='https://www.dischord.com/fugazi_live_series/denver-co-usa-102295' target='_blank'>denver-co-usa-102295</a>",1995,"1995 Fall USA/Canada Tour",1995-10-22,"Mammoth Events Center","Denver","USA","God Is My Co-Pilot",2000,"Good",39.7405866,-104.977011
"denver-co-usa-40501","<a href='https://www.dischord.com/fugazi_live_series/denver-co-usa-40501' target='_blank'>denver-co-usa-40501</a>",2001,"2001 Spring Western USA Tour",2001-04-05,"Ogden Theater","Denver","USA","Family of Discordia",1200,"Very Good",39.7402948,-104.975302
"denver-co-usa-40601","<a href='https://www.dischord.com/fugazi_live_series/denver-co-usa-40601' target='_blank'>denver-co-usa-40601</a>",2001,"2001 Spring Western USA Tour",2001-04-06,"Ogden Theater","Denver","USA","Sin Desires Marie",1200,"Excellent",39.7402948,-104.975302
"denver-co-usa-40601","<a href='https://www.dischord.com/fugazi_live_series/denver-co-usa-40601' target='_blank'>denver-co-usa-40601</a>",2001,"2001 Spring Western USA Tour",2001-04-06,"Ogden Theater","Denver","USA","Still left Standing",1200,"Excellent",39.7402948,-104.975302
"denver-co-usa-51893","<a href='https://www.dischord.com/fugazi_live_series/denver-co-usa-51893' target='_blank'>denver-co-usa-51893</a>",1993,"1993 Spring USA Tour",1993-05-18,"Mammoth Events Center","Denver","USA","Belljar",2400,"Very Good",39.7405866,-104.977011
"denver-co-usa-60890","<a href='https://www.dischord.com/fugazi_live_series/denver-co-usa-60890' target='_blank'>denver-co-usa-60890</a>",1990,"1990 Spring/Summer USA Tour",1990-06-08,"Atzlan Theater","Denver","USA","Hobbledyhoy",600,"Good",39.7319029,-104.99839
"denver-co-usa-60890","<a href='https://www.dischord.com/fugazi_live_series/denver-co-usa-60890' target='_blank'>denver-co-usa-60890</a>",1990,"1990 Spring/Summer USA Tour",1990-06-08,"Atzlan Theater","Denver","USA","Keep In Mind",600,"Good",39.7319029,-104.99839
"denver-co-usa-91391","<a href='https://www.dischord.com/fugazi_live_series/denver-co-usa-91391' target='_blank'>denver-co-usa-91391</a>",1991,"1991 Summer/Fall USA/Canada Tour",1991-09-13,"Gothic Theater","Denver","USA","Lilawatt",900,"Very Good",39.6576507,-104.98806
"denver-co-usa-91391","<a href='https://www.dischord.com/fugazi_live_series/denver-co-usa-91391' target='_blank'>denver-co-usa-91391</a>",1991,"1991 Summer/Fall USA/Canada Tour",1991-09-13,"Gothic Theater","Denver","USA","Savalas",900,"Very Good",39.6576507,-104.98806
"derry-northern-ireland-102702","<a href='https://www.dischord.com/fugazi_live_series/derry-northern-ireland-102702' target='_blank'>derry-northern-ireland-102702</a>",2002,"2002 Fall UK/Ireland Tour",2002-10-27,"Nerve Centre","Derry","Northern Ireland","Tracer AMC",1619,"Very Good",54.9964781,-7.32452
"des-moines-ia-usa-111698","<a href='https://www.dischord.com/fugazi_live_series/des-moines-ia-usa-111698' target='_blank'>des-moines-ia-usa-111698</a>",1998,"1998 Fall Mid-West USA Tour",1998-11-16,"Safari Club","Des Moines","USA","At The Drive In",500,"Very Good",41.6006406,-93.6487
"des-moines-ia-usa-111698","<a href='https://www.dischord.com/fugazi_live_series/des-moines-ia-usa-111698' target='_blank'>des-moines-ia-usa-111698</a>",1998,"1998 Fall Mid-West USA Tour",1998-11-16,"Safari Club","Des Moines","USA","Squid Boy",500,"Very Good",41.6006406,-93.6487
"des-moines-ia-usa-52293","<a href='https://www.dischord.com/fugazi_live_series/des-moines-ia-usa-52293' target='_blank'>des-moines-ia-usa-52293</a>",1993,"1993 Spring USA Tour",1993-05-22,"Hairy Mary's","Des Moines","USA","Unrest",700,"Good",41.6006406,-93.6487
"detroit-mi-usa-100195","<a href='https://www.dischord.com/fugazi_live_series/detroit-mi-usa-100195' target='_blank'>detroit-mi-usa-100195</a>",1995,"1995 Fall USA/Canada Tour",1995-10-01,"State Theater","Detroit","USA","Branch Manager",3000,"Good",42.3378093,-83.051726
"detroit-mi-usa-100195","<a href='https://www.dischord.com/fugazi_live_series/detroit-mi-usa-100195' target='_blank'>detroit-mi-usa-100195</a>",1995,"1995 Fall USA/Canada Tour",1995-10-01,"State Theater","Detroit","USA","Make Up",3000,"Good",42.3378093,-83.051726
"detroit-mi-usa-50998","<a href='https://www.dischord.com/fugazi_live_series/detroit-mi-usa-50998' target='_blank'>detroit-mi-usa-50998</a>",1998,"1998 Spring USA Tour",1998-05-09,"State Theater","Detroit","USA","Blonde Redhead",2400,"Very Good",42.3378093,-83.051726
"detroit-mi-usa-50998","<a href='https://www.dischord.com/fugazi_live_series/detroit-mi-usa-50998' target='_blank'>detroit-mi-usa-50998</a>",1998,"1998 Spring USA Tour",1998-05-09,"State Theater","Detroit","USA","Shellac",2400,"Very Good",42.3378093,-83.051726
"detroit-mi-usa-62290","<a href='https://www.dischord.com/fugazi_live_series/detroit-mi-usa-62290' target='_blank'>detroit-mi-usa-62290</a>",1990,"1990 Spring/Summer USA Tour",1990-06-22,"St. Dominick's Church","Detroit","USA","Hay",700,"Poor",42.3522837,-83.077619
"detroit-mi-usa-62290","<a href='https://www.dischord.com/fugazi_live_series/detroit-mi-usa-62290' target='_blank'>detroit-mi-usa-62290</a>",1990,"1990 Spring/Summer USA Tour",1990-06-22,"St. Dominick's Church","Detroit","USA","Jawbox",700,"Poor",42.3522837,-83.077619
"detroit-mi-usa-80591","<a href='https://www.dischord.com/fugazi_live_series/detroit-mi-usa-80591' target='_blank'>detroit-mi-usa-80591</a>",1991,"1991 Summer/Fall USA/Canada Tour",1991-08-05,"Majestic Theater","Detroit","USA","Gangster Fun",1200,"Very Good",42.351443,-83.060108
"detroit-mi-usa-80591","<a href='https://www.dischord.com/fugazi_live_series/detroit-mi-usa-80591' target='_blank'>detroit-mi-usa-80591</a>",1991,"1991 Summer/Fall USA/Canada Tour",1991-08-05,"Majestic Theater","Detroit","USA","Nation of Ulysses",1200,"Very Good",42.351443,-83.060108
"diksmuide-belgium-52692","<a href='https://www.dischord.com/fugazi_live_series/diksmuide-belgium-52692' target='_blank'>diksmuide-belgium-52692</a>",1992,"1992 Spring European Tour",1992-05-26,"Boterhalle","Diksmuide","Belgium","Girls Vs. Boys",445,"Good",51.0329364,2.8643
"dornbirn-austria-101890","<a href='https://www.dischord.com/fugazi_live_series/dornbirn-austria-101890' target='_blank'>dornbirn-austria-101890</a>",1990,"1990 Fall European Tour",1990-10-18,"Stadt Halle","Dornbirn","Austria","Seven Sioux",450,"Very Good",47.4141302,9.745013
"dornbirn-austria-101890","<a href='https://www.dischord.com/fugazi_live_series/dornbirn-austria-101890' target='_blank'>dornbirn-austria-101890</a>",1990,"1990 Fall European Tour",1990-10-18,"Stadt Halle","Dornbirn","Austria","Urge",450,"Very Good",47.4141302,9.745013
"dortmund-germany-63092","<a href='https://www.dischord.com/fugazi_live_series/dortmund-germany-63092' target='_blank'>dortmund-germany-63092</a>",1992,"1992 Spring European Tour",1992-06-30,"Music Circus","Dortmund","Germany","No Twist",1300,"Very Good",51.5203443,7.488318
"dortmund-germany-63092","<a href='https://www.dischord.com/fugazi_live_series/dortmund-germany-63092' target='_blank'>dortmund-germany-63092</a>",1992,"1992 Spring European Tour",1992-06-30,"Music Circus","Dortmund","Germany","Tech Ahead",1300,"Very Good",51.5203443,7.488318
"dortmund-germany-70395","<a href='https://www.dischord.com/fugazi_live_series/dortmund-germany-70395' target='_blank'>dortmund-germany-70395</a>",1995,"1995 Spring/Summer European Tour",1995-07-03,"Soundgarden","Dortmund","Germany","Schwartzenegger",900,"Poor",51.5149691,7.480399
"dublin-ireland-102502","<a href='https://www.dischord.com/fugazi_live_series/dublin-ireland-102502' target='_blank'>dublin-ireland-102502</a>",2002,"2002 Fall UK/Ireland Tour",2002-10-25,"Red Box","Dublin","Ireland","Connect 4 Orchestra",1619,"Good",53.3334175,-6.262407
"dublin-ireland-112389","<a href='https://www.dischord.com/fugazi_live_series/dublin-ireland-112389' target='_blank'>dublin-ireland-112389</a>",1989,"1989 Fall European Tour",1989-11-23,"McGonagles","Dublin","Ireland","Not Our World",500,"Good",53.3409553,-6.258767
"dublin-ireland-112389","<a href='https://www.dischord.com/fugazi_live_series/dublin-ireland-112389' target='_blank'>dublin-ireland-112389</a>",1989,"1989 Fall European Tour",1989-11-23,"McGonagles","Dublin","Ireland","The Slowest Clock",500,"Good",53.3409553,-6.258767
"dublin-ireland-112988","<a href='https://www.dischord.com/fugazi_live_series/dublin-ireland-112988' target='_blank'>dublin-ireland-112988</a>",1988,"1988 Fall European Tour",1988-11-29,"McGonagles","Dublin","Ireland",NA,199,"Poor",53.3409553,-6.258767
"dublin-ireland-50999","<a href='https://www.dischord.com/fugazi_live_series/dublin-ireland-50999' target='_blank'>dublin-ireland-50999</a>",1999,"1999 Spring UK/Ireland Tour",1999-05-09,"Temple Bar Music Center","Dublin","Ireland","Redneck Manifesto",650,"Very Good",53.3450708,-6.264367
"dublin-ireland-51095","<a href='https://www.dischord.com/fugazi_live_series/dublin-ireland-51095' target='_blank'>dublin-ireland-51095</a>",1995,"1995 Spring/Summer European Tour",1995-05-10,"Ormond Center","Dublin","Ireland",NA,1000,"Good",53.3463585,-6.265855
"dublin-ireland-51192","<a href='https://www.dischord.com/fugazi_live_series/dublin-ireland-51192' target='_blank'>dublin-ireland-51192</a>",1992,"1992 Spring European Tour",1992-05-11,"SFX","Dublin","Ireland","Chumbawamba",1300,"Very Good",53.3605618,-6.25762
"dublin-ireland-51192","<a href='https://www.dischord.com/fugazi_live_series/dublin-ireland-51192' target='_blank'>dublin-ireland-51192</a>",1992,"1992 Spring European Tour",1992-05-11,"SFX","Dublin","Ireland","In Motion",1300,"Very Good",53.3605618,-6.25762
"dublin-ireland-91790","<a href='https://www.dischord.com/fugazi_live_series/dublin-ireland-91790' target='_blank'>dublin-ireland-91790</a>",1990,"1990 Fall European Tour",1990-09-17,"McGonagles","Dublin","Ireland","Rhythmites",800,"Good",53.3409553,-6.258767
"dublin-ireland-91790","<a href='https://www.dischord.com/fugazi_live_series/dublin-ireland-91790' target='_blank'>dublin-ireland-91790</a>",1990,"1990 Fall European Tour",1990-09-17,"McGonagles","Dublin","Ireland","Therapy?",800,"Good",53.3409553,-6.258767
"dunedin-new-zealand-120993","<a href='https://www.dischord.com/fugazi_live_series/dunedin-new-zealand-120993' target='_blank'>dunedin-new-zealand-120993</a>",1993,"1993 Japan/Australia/New Zealand Tour",1993-12-09,"Sammy's","Dunedin","New Zealand","Kid Eternity",550,"Very Good",-45.8802642,170.50244
"dunedin-new-zealand-120993","<a href='https://www.dischord.com/fugazi_live_series/dunedin-new-zealand-120993' target='_blank'>dunedin-new-zealand-120993</a>",1993,"1993 Japan/Australia/New Zealand Tour",1993-12-09,"Sammy's","Dunedin","New Zealand","Swarm",550,"Very Good",-45.8802642,170.50244
"dunedin-new-zealand-70197","<a href='https://www.dischord.com/fugazi_live_series/dunedin-new-zealand-70197' target='_blank'>dunedin-new-zealand-70197</a>",1997,"1997 Summer Australia/New Zealand Tour",1997-07-01,"Room","Dunedin","New Zealand",NA,968,"Very Good",-45.8756827,170.503651
"durham-nh-usa-50497","<a href='https://www.dischord.com/fugazi_live_series/durham-nh-usa-50497' target='_blank'>durham-nh-usa-50497</a>",1997,"1997 East Coast USA Tour",1997-05-04,"University of New Hampshire M.U.B.","Durham","USA","Branch Manager",900,"Very Good",43.1340422,-70.930152
"dusseldorf-germany-110188","<a href='https://www.dischord.com/fugazi_live_series/dusseldorf-germany-110188' target='_blank'>dusseldorf-germany-110188</a>",1988,"1988 Fall European Tour",1988-11-01,"AK47","Dusseldorf","Germany","Billy & the Willies",199,NA,51.219203,6.809509
"east-lansing-mi-12088","<a href='https://www.dischord.com/fugazi_live_series/east-lansing-mi-12088' target='_blank'>east-lansing-mi-12088</a>",1988,"1988 Winter Michigan Dates",1988-01-20,"Matt Kelly's Basement","Lansing","USA","Lowly Cows",199,NA,42.7106863,-84.570765
"eau-claire-wi-usa-111498","<a href='https://www.dischord.com/fugazi_live_series/eau-claire-wi-usa-111498' target='_blank'>eau-claire-wi-usa-111498</a>",1998,"1998 Fall Mid-West USA Tour",1998-11-14,"University of Wisconsin, Fire Room","Eau Claire","USA","Planet Vinyl",900,"Good",44.7985941,-91.500235
"eau-claire-wi-usa-111498","<a href='https://www.dischord.com/fugazi_live_series/eau-claire-wi-usa-111498' target='_blank'>eau-claire-wi-usa-111498</a>",1998,"1998 Fall Mid-West USA Tour",1998-11-14,"University of Wisconsin, Fire Room","Eau Claire","USA","Poster Children",900,"Good",44.7985941,-91.500235
"edinburgh-scotland-50399","<a href='https://www.dischord.com/fugazi_live_series/edinburgh-scotland-50399' target='_blank'>edinburgh-scotland-50399</a>",1999,"1999 Spring UK/Ireland Tour",1999-05-03,"Liquid Room","Edinburgh","Scotland","Macrocosmica",500,"Good",55.9484736,-3.193651
"edinburgh-scotland-50399","<a href='https://www.dischord.com/fugazi_live_series/edinburgh-scotland-50399' target='_blank'>edinburgh-scotland-50399</a>",1999,"1999 Spring UK/Ireland Tour",1999-05-03,"Liquid Room","Edinburgh","Scotland","Pilotcan",500,"Good",55.9484736,-3.193651
"edinburgh-scotland-91590","<a href='https://www.dischord.com/fugazi_live_series/edinburgh-scotland-91590' target='_blank'>edinburgh-scotland-91590</a>",1990,"1990 Fall European Tour",1990-09-15,"Calton Studios","Edinburgh","Scotland","Dr. Phibes and the House of Wax Equations",700,"Very Good",55.9526116,-3.179312
"edmond-ok-usa-53091","<a href='https://www.dischord.com/fugazi_live_series/edmond-ok-usa-53091' target='_blank'>edmond-ok-usa-53091</a>",1991,"1991 Spring USA Tour",1991-05-30,"Edmond Historical Society Preservation Hall","Edmond","USA","Angry Son",600,"Very Good",35.6500656,-97.478659
"edmond-ok-usa-53091","<a href='https://www.dischord.com/fugazi_live_series/edmond-ok-usa-53091' target='_blank'>edmond-ok-usa-53091</a>",1991,"1991 Spring USA Tour",1991-05-30,"Edmond Historical Society Preservation Hall","Edmond","USA","For Love Not Lisa",600,"Very Good",35.6500656,-97.478659
"edmonton-ab-canada-70201","<a href='https://www.dischord.com/fugazi_live_series/edmonton-ab-canada-70201' target='_blank'>edmonton-ab-canada-70201</a>",2001,"2001 Summer Mid-West/Canada Tour",2001-07-02,"Polish Hall","Edmonton","Canada","Parkade",1000,"Very Good",53.5563424,-113.500007
"eindhoven-netherlands-101988","<a href='https://www.dischord.com/fugazi_live_series/eindhoven-netherlands-101988' target='_blank'>eindhoven-netherlands-101988</a>",1988,"1988 Fall European Tour",1988-10-19,"Bunker","Eindhoven","Netherlands","Vernon Walters",199,NA,51.4469876,5.479789
"eindhoven-netherlands-120889","<a href='https://www.dischord.com/fugazi_live_series/eindhoven-netherlands-120889' target='_blank'>eindhoven-netherlands-120889</a>",1989,"1989 Fall European Tour",1989-12-08,"Effenaar","Eindhoven","Netherlands","All",452,"Good",51.4416551,5.483291
"eindhoven-netherlands-120889","<a href='https://www.dischord.com/fugazi_live_series/eindhoven-netherlands-120889' target='_blank'>eindhoven-netherlands-120889</a>",1989,"1989 Fall European Tour",1989-12-08,"Effenaar","Eindhoven","Netherlands","Visions of Change",452,"Good",51.4416551,5.483291
"eindhoven-netherlands-121688","<a href='https://www.dischord.com/fugazi_live_series/eindhoven-netherlands-121688' target='_blank'>eindhoven-netherlands-121688</a>",1988,"1988 Fall European Tour",1988-12-16,"Effenaar","Eindhoven","Netherlands","Beatnigs",199,NA,51.4416551,5.483291
"eindhoven-netherlands-50495","<a href='https://www.dischord.com/fugazi_live_series/eindhoven-netherlands-50495' target='_blank'>eindhoven-netherlands-50495</a>",1995,"1995 Spring/Summer European Tour",1995-05-04,"Effenaar","Eindhoven","Netherlands","Zool",1000,"Excellent",51.4416551,5.483291
"eindhoven-netherlands-90590","<a href='https://www.dischord.com/fugazi_live_series/eindhoven-netherlands-90590' target='_blank'>eindhoven-netherlands-90590</a>",1990,"1990 Fall European Tour",1990-09-05,"Effenaar","Eindhoven","Netherlands","Thatcher on Acid",700,"Good",51.4416551,5.483291
"el-paso-tx-usa-111495","<a href='https://www.dischord.com/fugazi_live_series/el-paso-tx-usa-111495' target='_blank'>el-paso-tx-usa-111495</a>",1995,"1995 Fall USA/Canada Tour",1995-11-14,"Metropolis","El Paso","USA","Blonde Redhead",861,"Good",31.7469212,-106.32012
"el-paso-tx-usa-111495","<a href='https://www.dischord.com/fugazi_live_series/el-paso-tx-usa-111495' target='_blank'>el-paso-tx-usa-111495</a>",1995,"1995 Fall USA/Canada Tour",1995-11-14,"Metropolis","El Paso","USA","Unwound",861,"Good",31.7469212,-106.32012
"el-paso-tx-usa-40901","<a href='https://www.dischord.com/fugazi_live_series/el-paso-tx-usa-40901' target='_blank'>el-paso-tx-usa-40901</a>",2001,"2001 Spring Western USA Tour",2001-04-09,"E9","El Paso","USA","Defacto",990,"Good",31.7569872,-106.494105
"el-paso-tx-usa-41993","<a href='https://www.dischord.com/fugazi_live_series/el-paso-tx-usa-41993' target='_blank'>el-paso-tx-usa-41993</a>",1993,"1993 Spring USA Tour",1993-04-19,"Club 101","El Paso","USA","Spin Drifters",700,"Good",31.7595351,-106.486737
"el-paso-tx-usa-41993","<a href='https://www.dischord.com/fugazi_live_series/el-paso-tx-usa-41993' target='_blank'>el-paso-tx-usa-41993</a>",1993,"1993 Spring USA Tour",1993-04-19,"Club 101","El Paso","USA","Spoke Poker",700,"Good",31.7595351,-106.486737
"encinitas-ca-usa-51590","<a href='https://www.dischord.com/fugazi_live_series/encinitas-ca-usa-51590' target='_blank'>encinitas-ca-usa-51590</a>",1990,"1990 Spring/Summer USA Tour",1990-05-15,"La Paloma Theater","Encinitas","USA","Fishwife",500,"Poor",33.046375,-117.293625
"encinitas-ca-usa-51590","<a href='https://www.dischord.com/fugazi_live_series/encinitas-ca-usa-51590' target='_blank'>encinitas-ca-usa-51590</a>",1990,"1990 Spring/Summer USA Tour",1990-05-15,"La Paloma Theater","Encinitas","USA","Pitchfork",500,"Poor",33.046375,-117.293625
"enschede-netherlands-90690","<a href='https://www.dischord.com/fugazi_live_series/enschede-netherlands-90690' target='_blank'>enschede-netherlands-90690</a>",1990,"1990 Fall European Tour",1990-09-06,"Agoara University","Enschede","Netherlands","Thatcher on Acid",400,"Good",52.2433694,6.853513
"eugene-or-usa-50493","<a href='https://www.dischord.com/fugazi_live_series/eugene-or-usa-50493' target='_blank'>eugene-or-usa-50493</a>",1993,"1993 Spring USA Tour",1993-05-04,"W.O.W. Hall","Eugene","USA","Oswald 5-0",400,"Poor",44.0511031,-123.097074
"eugene-or-usa-52690","<a href='https://www.dischord.com/fugazi_live_series/eugene-or-usa-52690' target='_blank'>eugene-or-usa-52690</a>",1990,"1990 Spring/Summer USA Tour",1990-05-26,"W.O.W. Hall","Eugene","USA","Beat Happening",550,"Good",44.0511031,-123.097074
"eugene-or-usa-52690","<a href='https://www.dischord.com/fugazi_live_series/eugene-or-usa-52690' target='_blank'>eugene-or-usa-52690</a>",1990,"1990 Spring/Summer USA Tour",1990-05-26,"W.O.W. Hall","Eugene","USA","Calamity Jane",550,"Good",44.0511031,-123.097074
"eureka-ca-usa-52590","<a href='https://www.dischord.com/fugazi_live_series/eureka-ca-usa-52590' target='_blank'>eureka-ca-usa-52590</a>",1990,"1990 Spring/Summer USA Tour",1990-05-25,"National Guard Armory","Eureka","USA","Beat Happening",250,"Poor",40.7764295,-124.143904
"exeter-england-102102","<a href='https://www.dischord.com/fugazi_live_series/exeter-england-102102' target='_blank'>exeter-england-102102</a>",2002,"2002 Fall UK/Ireland Tour",2002-10-21,"University Lemon Grove","Exeter","England","Once Over Twice",1619,"Very Good",50.7348571,-3.529731
"exeter-england-111689","<a href='https://www.dischord.com/fugazi_live_series/exeter-england-111689' target='_blank'>exeter-england-111689</a>",1989,"1989 Fall European Tour",1989-11-16,"Exeter University","Exeter","England","Mad at the Sun",250,"Poor",50.7348571,-3.529731
"exeter-england-111689","<a href='https://www.dischord.com/fugazi_live_series/exeter-england-111689' target='_blank'>exeter-england-111689</a>",1989,"1989 Fall European Tour",1989-11-16,"Exeter University","Exeter","England","Perfect Daze",250,"Poor",50.7348571,-3.529731
"fairfax-va-usa-120498","<a href='https://www.dischord.com/fugazi_live_series/fairfax-va-usa-120498' target='_blank'>fairfax-va-usa-120498</a>",1998,"1998 Fall/Winter Regional Dates",1998-12-04,"George Mason University Johnson Center","Fairfax","USA","Most Secret Method",1000,"Very Good",38.8300726,-77.307762
"fairfax-va-usa-120498","<a href='https://www.dischord.com/fugazi_live_series/fairfax-va-usa-120498' target='_blank'>fairfax-va-usa-120498</a>",1998,"1998 Fall/Winter Regional Dates",1998-12-04,"George Mason University Johnson Center","Fairfax","USA","Princessed",1000,"Very Good",38.8300726,-77.307762
"fargo-nd-usa-62801","<a href='https://www.dischord.com/fugazi_live_series/fargo-nd-usa-62801' target='_blank'>fargo-nd-usa-62801</a>",2001,"2001 Summer Mid-West/Canada Tour",2001-06-28,"Playmaker's Pavillion","Fargo","USA","Refined",975,"Very Good",46.8661266,-96.821655
"fargo-nd-usa-81391","<a href='https://www.dischord.com/fugazi_live_series/fargo-nd-usa-81391' target='_blank'>fargo-nd-usa-81391</a>",1991,"1991 Summer/Fall USA/Canada Tour",1991-08-13,"Elks Lodge","Fargo","USA","Nation of Ulysses",550,"Good",46.9220089,-96.785816
"fargo-nd-usa-81391","<a href='https://www.dischord.com/fugazi_live_series/fargo-nd-usa-81391' target='_blank'>fargo-nd-usa-81391</a>",1991,"1991 Summer/Fall USA/Canada Tour",1991-08-13,"Elks Lodge","Fargo","USA","Watermelon Sandwich",550,"Good",46.9220089,-96.785816
"fayetteville-ar-usa-60191","<a href='https://www.dischord.com/fugazi_live_series/fayetteville-ar-usa-60191' target='_blank'>fayetteville-ar-usa-60191</a>",1991,"1991 Spring USA Tour",1991-06-01,"Studio 225","Fayetteville","USA","Trustee",300,"Poor",36.0657152,-94.166704
"fayetteville-ar-usa-61290","<a href='https://www.dischord.com/fugazi_live_series/fayetteville-ar-usa-61290' target='_blank'>fayetteville-ar-usa-61290</a>",1990,"1990 Spring/Summer USA Tour",1990-06-12,"Studio 225","Fayetteville","USA","Faith Dealers",250,"Good",36.0657152,-94.166704
"fitchburg-ma-usa-91793","<a href='https://www.dischord.com/fugazi_live_series/fitchburg-ma-usa-91793' target='_blank'>fitchburg-ma-usa-91793</a>",1993,"1993 Fall USA/Canada Tour",1993-09-17,"Wallace Civic Center","Fitchburg","USA","Sam Black Church",3200,"Good",42.5948996,-71.784469
"fitchburg-ma-usa-91793","<a href='https://www.dischord.com/fugazi_live_series/fitchburg-ma-usa-91793' target='_blank'>fitchburg-ma-usa-91793</a>",1993,"1993 Fall USA/Canada Tour",1993-09-17,"Wallace Civic Center","Fitchburg","USA","Shudder to Think",3200,"Good",42.5948996,-71.784469
"flint-mi-usa-12188","<a href='https://www.dischord.com/fugazi_live_series/flint-mi-usa-12188' target='_blank'>flint-mi-usa-12188</a>",1988,"1988 Winter Michigan Dates",1988-01-21,"Fallout Shelter, Capitol Theatre","Flint","USA","Political Silence",199,"Poor",43.0154317,-83.688955
"flint-mi-usa-12188","<a href='https://www.dischord.com/fugazi_live_series/flint-mi-usa-12188' target='_blank'>flint-mi-usa-12188</a>",1988,"1988 Winter Michigan Dates",1988-01-21,"Fallout Shelter, Capitol Theatre","Flint","USA","Smashed",199,"Poor",43.0154317,-83.688955
"flint-mi-usa-62190","<a href='https://www.dischord.com/fugazi_live_series/flint-mi-usa-62190' target='_blank'>flint-mi-usa-62190</a>",1990,"1990 Spring/Summer USA Tour",1990-06-21,"Capitol Theater","Flint","USA","Jawbox",400,"Good",43.0154317,-83.688955
"flint-mi-usa-62190","<a href='https://www.dischord.com/fugazi_live_series/flint-mi-usa-62190' target='_blank'>flint-mi-usa-62190</a>",1990,"1990 Spring/Summer USA Tour",1990-06-21,"Capitol Theater","Flint","USA","Mondocane",400,"Good",43.0154317,-83.688955
"florence-italy-100199","<a href='https://www.dischord.com/fugazi_live_series/florence-italy-100199' target='_blank'>florence-italy-100199</a>",1999,"1999 Fall European Tour",1999-10-01,"CPA","Florence","Italy",NA,3000,"Excellent",43.7637303,11.288922
"florence-italy-61495","<a href='https://www.dischord.com/fugazi_live_series/florence-italy-61495' target='_blank'>florence-italy-61495</a>",1995,"1995 Spring/Summer European Tour",1995-06-14,"CPA","Florence","Italy",NA,2000,"Very Good",43.7637303,11.288922
"florence-sc-usa-31390","<a href='https://www.dischord.com/fugazi_live_series/florence-sc-usa-31390' target='_blank'>florence-sc-usa-31390</a>",1990,"1990 Spring Southern USA Tour",1990-03-13,"Forefounders Hall","Florence","USA","Allen Johnson the Soundman",100,"Good",34.1925208,-79.654177
"fort-lauderdale-fl-usa-11800","<a href='https://www.dischord.com/fugazi_live_series/fort-lauderdale-fl-usa-11800' target='_blank'>fort-lauderdale-fl-usa-11800</a>",2000,"2000 Winter Southern USA Tour",2000-01-18,"Chili Pepper","Fort Lauderdale","USA","Faraquet",1200,"Very Good",26.121094,-80.14616
"fort-lauderdale-fl-usa-21493","<a href='https://www.dischord.com/fugazi_live_series/fort-lauderdale-fl-usa-21493' target='_blank'>fort-lauderdale-fl-usa-21493</a>",1993,"1993 Winter Southern USA Tour",1993-02-14,"Edge","Fort Lauderdale","USA","Pontius Pilate",1650,"Very Good",26.121358,-80.146197
"fort-lauderdale-fl-usa-21493","<a href='https://www.dischord.com/fugazi_live_series/fort-lauderdale-fl-usa-21493' target='_blank'>fort-lauderdale-fl-usa-21493</a>",1993,"1993 Winter Southern USA Tour",1993-02-14,"Edge","Fort Lauderdale","USA","Shudder to Think",1650,"Very Good",26.121358,-80.146197
"fort-lauderdale-fl-usa-40296","<a href='https://www.dischord.com/fugazi_live_series/fort-lauderdale-fl-usa-40296' target='_blank'>fort-lauderdale-fl-usa-40296</a>",1996,"1996 Southern USA Tour",1996-04-02,"Edge","Fort Lauderdale","USA","Branch Manager",1700,"Very Good",26.121358,-80.146197
"fort-lauderdale-fl-usa-40296","<a href='https://www.dischord.com/fugazi_live_series/fort-lauderdale-fl-usa-40296' target='_blank'>fort-lauderdale-fl-usa-40296</a>",1996,"1996 Southern USA Tour",1996-04-02,"Edge","Fort Lauderdale","USA","Glorium",1700,"Very Good",26.121358,-80.146197
"fort-worth-tx-usa-40102","<a href='https://www.dischord.com/fugazi_live_series/fort-worth-tx-usa-40102' target='_blank'>fort-worth-tx-usa-40102</a>",2002,"2002 Spring Southern USA/Texas Tour",2002-04-01,"Ridglea Theater","Fort Worth","USA","Sub Oslo",1350,"Very Good",32.7287826,-97.414576
"fortworth-tx-usa-51189","<a href='https://www.dischord.com/fugazi_live_series/fortworth-tx-usa-51189' target='_blank'>fortworth-tx-usa-51189</a>",1989,"1989 Spring USA Tour",1989-05-11,"Axis","Fort Worth","USA","Burning Temple",250,"Good",32.7307225,-97.325687
"fortworth-tx-usa-51189","<a href='https://www.dischord.com/fugazi_live_series/fortworth-tx-usa-51189' target='_blank'>fortworth-tx-usa-51189</a>",1989,"1989 Spring USA Tour",1989-05-11,"Axis","Fort Worth","USA","Toadies",250,"Good",32.7307225,-97.325687
"frankfurt-germany-61992","<a href='https://www.dischord.com/fugazi_live_series/frankfurt-germany-61992' target='_blank'>frankfurt-germany-61992</a>",1992,"1992 Spring European Tour",1992-06-19,"Hugenotten Halle","Frankfurt","Germany","No Twist",1500,"Good",50.0498328,8.696354
"frankfurt-germany-61992","<a href='https://www.dischord.com/fugazi_live_series/frankfurt-germany-61992' target='_blank'>frankfurt-germany-61992</a>",1992,"1992 Spring European Tour",1992-06-19,"Hugenotten Halle","Frankfurt","Germany","Tech Ahead",1500,"Good",50.0498328,8.696354
"frederick-md-usa-112587","<a href='https://www.dischord.com/fugazi_live_series/frederick-md-usa-112587' target='_blank'>frederick-md-usa-112587</a>",1987,"1987 Fall/Winter Regional Dates",1987-11-25,"Weinberg Center","Frederick","USA","Second Nature",134,"Good",39.413706,-77.41172
"frederick-md-usa-112587","<a href='https://www.dischord.com/fugazi_live_series/frederick-md-usa-112587' target='_blank'>frederick-md-usa-112587</a>",1987,"1987 Fall/Winter Regional Dates",1987-11-25,"Weinberg Center","Frederick","USA","Soulside",134,"Good",39.413706,-77.41172
"frederick-md-usa-112587","<a href='https://www.dischord.com/fugazi_live_series/frederick-md-usa-112587' target='_blank'>frederick-md-usa-112587</a>",1987,"1987 Fall/Winter Regional Dates",1987-11-25,"Weinberg Center","Frederick","USA","Three",134,"Good",39.413706,-77.41172
"frederick-md-usa-11389","<a href='https://www.dischord.com/fugazi_live_series/frederick-md-usa-11389' target='_blank'>frederick-md-usa-11389</a>",1989,"1989 Winter/Spring Regional Dates",1989-01-13,"Weinberg Center","Frederick","USA","Fire Party",452,NA,39.413706,-77.41172
"frederick-md-usa-11389","<a href='https://www.dischord.com/fugazi_live_series/frederick-md-usa-11389' target='_blank'>frederick-md-usa-11389</a>",1989,"1989 Winter/Spring Regional Dates",1989-01-13,"Weinberg Center","Frederick","USA","Ignition",452,NA,39.413706,-77.41172
"frederick-md-usa-11389","<a href='https://www.dischord.com/fugazi_live_series/frederick-md-usa-11389' target='_blank'>frederick-md-usa-11389</a>",1989,"1989 Winter/Spring Regional Dates",1989-01-13,"Weinberg Center","Frederick","USA","Why?",452,NA,39.413706,-77.41172
"frederick-md-usa-21690","<a href='https://www.dischord.com/fugazi_live_series/frederick-md-usa-21690' target='_blank'>frederick-md-usa-21690</a>",1990,"1990 Winter/Spring Regional Dates",1990-02-16,"Weinberg Center","Frederick","USA","Scram",800,"Good",39.413706,-77.41172
"frederick-md-usa-21690","<a href='https://www.dischord.com/fugazi_live_series/frederick-md-usa-21690' target='_blank'>frederick-md-usa-21690</a>",1990,"1990 Winter/Spring Regional Dates",1990-02-16,"Weinberg Center","Frederick","USA","Why?",800,"Good",39.413706,-77.41172
"fredericton-nb-canada-72498","<a href='https://www.dischord.com/fugazi_live_series/fredericton-nb-canada-72498' target='_blank'>fredericton-nb-canada-72498</a>",1998,"1998 Summer Canada/USA Tour",1998-07-24,"New Maryland Recreation Center","Fredericton","Canada","8 Months",275,"Very Good",45.8757938,-66.69653
"fredericton-nb-canada-72498","<a href='https://www.dischord.com/fugazi_live_series/fredericton-nb-canada-72498' target='_blank'>fredericton-nb-canada-72498</a>",1998,"1998 Summer Canada/USA Tour",1998-07-24,"New Maryland Recreation Center","Fredericton","Canada","Conniption Fit",275,"Very Good",45.8757938,-66.69653
"fredericton-nb-canada-72498","<a href='https://www.dischord.com/fugazi_live_series/fredericton-nb-canada-72498' target='_blank'>fredericton-nb-canada-72498</a>",1998,"1998 Summer Canada/USA Tour",1998-07-24,"New Maryland Recreation Center","Fredericton","Canada","Room 101",275,"Very Good",45.8757938,-66.69653
"fresno-ca-usa-90491","<a href='https://www.dischord.com/fugazi_live_series/fresno-ca-usa-90491' target='_blank'>fresno-ca-usa-90491</a>",1991,"1991 Summer/Fall USA/Canada Tour",1991-09-04,"Knights of Columbus Hall","Fresno","USA","Plaid Retina",350,NA,36.7615716,-119.781809
"fresno-ca-usa-90491","<a href='https://www.dischord.com/fugazi_live_series/fresno-ca-usa-90491' target='_blank'>fresno-ca-usa-90491</a>",1991,"1991 Summer/Fall USA/Canada Tour",1991-09-04,"Knights of Columbus Hall","Fresno","USA","Sharon Tate",350,NA,36.7615716,-119.781809
"fukuoka-japan-102196","<a href='https://www.dischord.com/fugazi_live_series/fukuoka-japan-102196' target='_blank'>fukuoka-japan-102196</a>",1996,"1996 US/Japan/Hong Kong/Australia Tour",1996-10-21,"Viure Hall","Fukuoka","Japan","Ramstead",170,"Very Good",33.590824,130.40007
"fukuoka-japan-102196","<a href='https://www.dischord.com/fugazi_live_series/fukuoka-japan-102196' target='_blank'>fukuoka-japan-102196</a>",1996,"1996 US/Japan/Hong Kong/Australia Tour",1996-10-21,"Viure Hall","Fukuoka","Japan","Screaming Hot Fudge",170,"Very Good",33.590824,130.40007
"gainesville-fl-usa-11500","<a href='https://www.dischord.com/fugazi_live_series/gainesville-fl-usa-11500' target='_blank'>gainesville-fl-usa-11500</a>",2000,"2000 Winter Southern USA Tour",2000-01-15,"Brick City","Gainesville","USA","Faraquet",1100,"Very Good",29.6523926,-82.327705
"gainesville-fl-usa-11500","<a href='https://www.dischord.com/fugazi_live_series/gainesville-fl-usa-11500' target='_blank'>gainesville-fl-usa-11500</a>",2000,"2000 Winter Southern USA Tour",2000-01-15,"Brick City","Gainesville","USA","True North",1100,"Very Good",29.6523926,-82.327705
"gainesville-fl-usa-21793","<a href='https://www.dischord.com/fugazi_live_series/gainesville-fl-usa-21793' target='_blank'>gainesville-fl-usa-21793</a>",1993,"1993 Winter Southern USA Tour",1993-02-17,"Florida Theater","Gainesville","USA","Bombshell",1450,"Very Good",29.6518136,-82.327345
"gainesville-fl-usa-21793","<a href='https://www.dischord.com/fugazi_live_series/gainesville-fl-usa-21793' target='_blank'>gainesville-fl-usa-21793</a>",1993,"1993 Winter Southern USA Tour",1993-02-17,"Florida Theater","Gainesville","USA","Shudder to Think",1450,"Very Good",29.6518136,-82.327345
"gainesville-fl-usa-31690","<a href='https://www.dischord.com/fugazi_live_series/gainesville-fl-usa-31690' target='_blank'>gainesville-fl-usa-31690</a>",1990,"1990 Spring Southern USA Tour",1990-03-16,"American Legion Hall","Gainesville","USA","Stabilizer",600,"Very Good",29.6987199,-82.336283
"gainesville-fl-usa-50689","<a href='https://www.dischord.com/fugazi_live_series/gainesville-fl-usa-50689' target='_blank'>gainesville-fl-usa-50689</a>",1989,"1989 Spring USA Tour",1989-05-06,"American Legion Hall","Gainesville","USA","Skaface",300,NA,29.6987199,-82.336283
"gainesville-fl-usa-50689","<a href='https://www.dischord.com/fugazi_live_series/gainesville-fl-usa-50689' target='_blank'>gainesville-fl-usa-50689</a>",1989,"1989 Spring USA Tour",1989-05-06,"American Legion Hall","Gainesville","USA","Stabilizer",300,NA,29.6987199,-82.336283
"gainesville-fl-usa-50689","<a href='https://www.dischord.com/fugazi_live_series/gainesville-fl-usa-50689' target='_blank'>gainesville-fl-usa-50689</a>",1989,"1989 Spring USA Tour",1989-05-06,"American Legion Hall","Gainesville","USA","Subject",300,NA,29.6987199,-82.336283
"gainesville-fl-usa-50689","<a href='https://www.dischord.com/fugazi_live_series/gainesville-fl-usa-50689' target='_blank'>gainesville-fl-usa-50689</a>",1989,"1989 Spring USA Tour",1989-05-06,"American Legion Hall","Gainesville","USA","Sweet Baby",300,NA,29.6987199,-82.336283
"gainesville-fl-usa-51891","<a href='https://www.dischord.com/fugazi_live_series/gainesville-fl-usa-51891' target='_blank'>gainesville-fl-usa-51891</a>",1991,"1991 Spring USA Tour",1991-05-18,"Club Demolition","Gainesville","USA","Strong Box",500,"Good",29.6509125,-82.334561
"gavle-sweden-100190","<a href='https://www.dischord.com/fugazi_live_series/gavle-sweden-100190' target='_blank'>gavle-sweden-100190</a>",1990,"1990 Fall European Tour",1990-10-01,"Cafe Q","Gavle","Sweden","Steve Pops",60,"Good",60.674066,17.151153
"gavle-sweden-70892","<a href='https://www.dischord.com/fugazi_live_series/gavle-sweden-70892' target='_blank'>gavle-sweden-70892</a>",1992,"1992 Spring European Tour",1992-07-08,"Cafe Q","Gavle","Sweden","Ashram",150,"Good",60.674066,17.151153
"gavoi-sardinia-italy-61795","<a href='https://www.dischord.com/fugazi_live_series/gavoi-sardinia-italy-61795' target='_blank'>gavoi-sardinia-italy-61795</a>",1995,"1995 Spring/Summer European Tour",1995-06-17,"Covo Dei Nottambuli","Gavoi","Italy","Canidarapina",1200,"Very Good",40.1618334,9.194217
"gde-spilimbergo-italy-62295","<a href='https://www.dischord.com/fugazi_live_series/gde-spilimbergo-italy-62295' target='_blank'>gde-spilimbergo-italy-62295</a>",1995,"1995 Spring/Summer European Tour",1995-06-22,"Rototom","Gaio di Spilimbergo","Italy","Meanies",800,"Good",46.112499,12.89689
"geel-belgium-92290","<a href='https://www.dischord.com/fugazi_live_series/geel-belgium-92290' target='_blank'>geel-belgium-92290</a>",1990,"1990 Fall European Tour",1990-09-22,"De Bogaerd","Geel","Belgium","Alice Donut",400,"Very Good",51.1555413,4.993573
"geelong-australia-62097","<a href='https://www.dischord.com/fugazi_live_series/geelong-australia-62097' target='_blank'>geelong-australia-62097</a>",1997,"1997 Summer Australia/New Zealand Tour",1997-06-20,"Courthouse","Geelong","Australia",NA,968,"Very Good",-38.1475938,144.357218
"geelong-vic-australia-101791","<a href='https://www.dischord.com/fugazi_live_series/geelong-vic-australia-101791' target='_blank'>geelong-vic-australia-101791</a>",1991,"1991 Australia/New Zealand/Japan Tour",1991-10-17,"Ukranian Town Hall","Geelong","Australia","Tumbleweed",300,"Very Good",-38.135291,144.349
"geelong-vic-australia-101791","<a href='https://www.dischord.com/fugazi_live_series/geelong-vic-australia-101791' target='_blank'>geelong-vic-australia-101791</a>",1991,"1991 Australia/New Zealand/Japan Tour",1991-10-17,"Ukranian Town Hall","Geelong","Australia","Warped",300,"Very Good",-38.135291,144.349
"geneva-switzerland-100699","<a href='https://www.dischord.com/fugazi_live_series/geneva-switzerland-100699' target='_blank'>geneva-switzerland-100699</a>",1999,"1999 Fall European Tour",1999-10-06,"L'Usine","Geneva","Switzerland",NA,650,"Very Good",46.203971,6.136017
"gent-belgium-101688","<a href='https://www.dischord.com/fugazi_live_series/gent-belgium-101688' target='_blank'>gent-belgium-101688</a>",1988,"1988 Fall European Tour",1988-10-16,"Democrazy","Gent","Belgium","Loveslug",199,"Poor",51.0336846,3.71706
"gent-belgium-101688","<a href='https://www.dischord.com/fugazi_live_series/gent-belgium-101688' target='_blank'>gent-belgium-101688</a>",1988,"1988 Fall European Tour",1988-10-16,"Democrazy","Gent","Belgium","Pat Bone",199,"Poor",51.0336846,3.71706
"gent-belgium-101688","<a href='https://www.dischord.com/fugazi_live_series/gent-belgium-101688' target='_blank'>gent-belgium-101688</a>",1988,"1988 Fall European Tour",1988-10-16,"Democrazy","Gent","Belgium","Silly Surfers",199,"Poor",51.0336846,3.71706
"gent-belgium-101688","<a href='https://www.dischord.com/fugazi_live_series/gent-belgium-101688' target='_blank'>gent-belgium-101688</a>",1988,"1988 Fall European Tour",1988-10-16,"Democrazy","Gent","Belgium","Yeastie Girlz",199,"Poor",51.0336846,3.71706
"gent-belgium-51995","<a href='https://www.dischord.com/fugazi_live_series/gent-belgium-51995' target='_blank'>gent-belgium-51995</a>",1995,"1995 Spring/Summer European Tour",1995-05-19,"Zaal Vooruit","Gent","Belgium","Kosjer D",1000,"Very Good",51.0476851,3.725274
"glasgow-scotland-102902","<a href='https://www.dischord.com/fugazi_live_series/glasgow-scotland-102902' target='_blank'>glasgow-scotland-102902</a>",2002,"2002 Fall UK/Ireland Tour",2002-10-29,"Barrowland Ballroom","Glasgow","Scotland","Eska",1619,"Very Good",55.8552688,-4.236675
"glasgow-scotland-102902","<a href='https://www.dischord.com/fugazi_live_series/glasgow-scotland-102902' target='_blank'>glasgow-scotland-102902</a>",2002,"2002 Fall UK/Ireland Tour",2002-10-29,"Barrowland Ballroom","Glasgow","Scotland","Senator",1619,"Very Good",55.8552688,-4.236675
"glasgow-scotland-112789","<a href='https://www.dischord.com/fugazi_live_series/glasgow-scotland-112789' target='_blank'>glasgow-scotland-112789</a>",1989,"1989 Fall European Tour",1989-11-27,"Mayfair","Glasgow","Scotland","Dawson",500,"Poor",55.8661649,-4.26893
"glasgow-scotland-112789","<a href='https://www.dischord.com/fugazi_live_series/glasgow-scotland-112789' target='_blank'>glasgow-scotland-112789</a>",1989,"1989 Fall European Tour",1989-11-27,"Mayfair","Glasgow","Scotland","Stretch Heads",500,"Poor",55.8661649,-4.26893
"glasgow-scotland-50599","<a href='https://www.dischord.com/fugazi_live_series/glasgow-scotland-50599' target='_blank'>glasgow-scotland-50599</a>",1999,"1999 Spring UK/Ireland Tour",1999-05-05,"Glasgow School of Art","Glasgow","Scotland","Hernandez",600,"Very Good",55.8660481,-4.263757
"glasgow-scotland-50599","<a href='https://www.dischord.com/fugazi_live_series/glasgow-scotland-50599' target='_blank'>glasgow-scotland-50599</a>",1999,"1999 Spring UK/Ireland Tour",1999-05-05,"Glasgow School of Art","Glasgow","Scotland","Lungleg",600,"Very Good",55.8660481,-4.263757
"glasgow-scotland-50895","<a href='https://www.dischord.com/fugazi_live_series/glasgow-scotland-50895' target='_blank'>glasgow-scotland-50895</a>",1995,"1995 Spring/Summer European Tour",1995-05-08,"Barrowland Ballroom","Glasgow","Scotland","Badgewearer",1500,"Poor",55.8552688,-4.236675
"glasgow-scotland-50895","<a href='https://www.dischord.com/fugazi_live_series/glasgow-scotland-50895' target='_blank'>glasgow-scotland-50895</a>",1995,"1995 Spring/Summer European Tour",1995-05-08,"Barrowland Ballroom","Glasgow","Scotland","Des Man DeAblo",1500,"Poor",55.8552688,-4.236675
"glasgow-scotland-50895","<a href='https://www.dischord.com/fugazi_live_series/glasgow-scotland-50895' target='_blank'>glasgow-scotland-50895</a>",1995,"1995 Spring/Summer European Tour",1995-05-08,"Barrowland Ballroom","Glasgow","Scotland","Slant 6",1500,"Poor",55.8552688,-4.236675
"glasgow-scotland-51692","<a href='https://www.dischord.com/fugazi_live_series/glasgow-scotland-51692' target='_blank'>glasgow-scotland-51692</a>",1992,"1992 Spring European Tour",1992-05-16,"Barrowland Ballroom","Glasgow","Scotland","Chumbawamba",2000,"Very Good",55.8552688,-4.236675
"glasgow-scotland-51692","<a href='https://www.dischord.com/fugazi_live_series/glasgow-scotland-51692' target='_blank'>glasgow-scotland-51692</a>",1992,"1992 Spring European Tour",1992-05-16,"Barrowland Ballroom","Glasgow","Scotland","Dawson",2000,"Very Good",55.8552688,-4.236675
"glasgow-scotland-51692","<a href='https://www.dischord.com/fugazi_live_series/glasgow-scotland-51692' target='_blank'>glasgow-scotland-51692</a>",1992,"1992 Spring European Tour",1992-05-16,"Barrowland Ballroom","Glasgow","Scotland","Silverfish",2000,"Very Good",55.8552688,-4.236675
"gold-coast-qld-australia-110191","<a href='https://www.dischord.com/fugazi_live_series/gold-coast-qld-australia-110191' target='_blank'>gold-coast-qld-australia-110191</a>",1991,"1991 Australia/New Zealand/Japan Tour",1991-11-01,"Playroom","Gold Coast","Australia","Self Inflicted",300,"Very Good",-28.1209476,153.472542
"gold-coast-qld-australia-110191","<a href='https://www.dischord.com/fugazi_live_series/gold-coast-qld-australia-110191' target='_blank'>gold-coast-qld-australia-110191</a>",1991,"1991 Australia/New Zealand/Japan Tour",1991-11-01,"Playroom","Gold Coast","Australia","Thrust",300,"Very Good",-28.1209476,153.472542
"green-bay-wi-usa-101295","<a href='https://www.dischord.com/fugazi_live_series/green-bay-wi-usa-101295' target='_blank'>green-bay-wi-usa-101295</a>",1995,"1995 Fall USA/Canada Tour",1995-10-12,"Riverside Ballroom","Green Bay","USA","Chisel",1000,"Very Good",44.5047192,-87.987239
"green-bay-wi-usa-101295","<a href='https://www.dischord.com/fugazi_live_series/green-bay-wi-usa-101295' target='_blank'>green-bay-wi-usa-101295</a>",1995,"1995 Fall USA/Canada Tour",1995-10-12,"Riverside Ballroom","Green Bay","USA","Lungfish",1000,"Very Good",44.5047192,-87.987239
"green-bay-wi-usa-52693","<a href='https://www.dischord.com/fugazi_live_series/green-bay-wi-usa-52693' target='_blank'>green-bay-wi-usa-52693</a>",1993,"1993 Spring USA Tour",1993-05-26,"Orpheum Theater","Green Bay","USA","Covent Garden",1000,"Very Good",44.5142754,-88.015096
"green-bay-wi-usa-52693","<a href='https://www.dischord.com/fugazi_live_series/green-bay-wi-usa-52693' target='_blank'>green-bay-wi-usa-52693</a>",1993,"1993 Spring USA Tour",1993-05-26,"Orpheum Theater","Green Bay","USA","Unrest",1000,"Very Good",44.5142754,-88.015096
"green-bay-wi-usa-61289","<a href='https://www.dischord.com/fugazi_live_series/green-bay-wi-usa-61289' target='_blank'>green-bay-wi-usa-61289</a>",1989,"1989 Spring USA Tour",1989-06-12,"Kutska Hall","Green Bay","USA","Rosary",280,NA,44.5657576,-88.08385
"green-bay-wi-usa-61289","<a href='https://www.dischord.com/fugazi_live_series/green-bay-wi-usa-61289' target='_blank'>green-bay-wi-usa-61289</a>",1989,"1989 Spring USA Tour",1989-06-12,"Kutska Hall","Green Bay","USA","Slow Children",280,NA,44.5657576,-88.08385
"green-bay-wi-usa-61890","<a href='https://www.dischord.com/fugazi_live_series/green-bay-wi-usa-61890' target='_blank'>green-bay-wi-usa-61890</a>",1990,"1990 Spring/Summer USA Tour",1990-06-18,"Howard Haus","Green Bay","USA","Jasmine Road Affair",400,"Poor",44.5786555,-88.077136
"green-bay-wi-usa-61890","<a href='https://www.dischord.com/fugazi_live_series/green-bay-wi-usa-61890' target='_blank'>green-bay-wi-usa-61890</a>",1990,"1990 Spring/Summer USA Tour",1990-06-18,"Howard Haus","Green Bay","USA","Nerve Circus",400,"Poor",44.5786555,-88.077136
"green-bay-wi-usa-62601","<a href='https://www.dischord.com/fugazi_live_series/green-bay-wi-usa-62601' target='_blank'>green-bay-wi-usa-62601</a>",2001,"2001 Summer Mid-West/Canada Tour",2001-06-26,"Riverside Ballroom","Green Bay","USA","The Eternals",1200,"Very Good",44.5047192,-87.987239
"green-bay-wi-usa-81191","<a href='https://www.dischord.com/fugazi_live_series/green-bay-wi-usa-81191' target='_blank'>green-bay-wi-usa-81191</a>",1991,"1991 Summer/Fall USA/Canada Tour",1991-08-11,"Wherehouse","Green Bay","USA","Nation of Ulysses",350,"Good",44.5157552,-88.015555
"greensboro-nc-usa-22093","<a href='https://www.dischord.com/fugazi_live_series/greensboro-nc-usa-22093' target='_blank'>greensboro-nc-usa-22093</a>",1993,"1993 Winter Southern USA Tour",1993-02-20,"Trim Shop","Greensboro","USA","Bad Dreamhouse",750,"Very Good",36.0720412,-79.78637
"greensboro-nc-usa-22093","<a href='https://www.dischord.com/fugazi_live_series/greensboro-nc-usa-22093' target='_blank'>greensboro-nc-usa-22093</a>",1993,"1993 Winter Southern USA Tour",1993-02-20,"Trim Shop","Greensboro","USA","Shudder to Think",750,"Very Good",36.0720412,-79.78637
"greensboro-nc-usa-31290","<a href='https://www.dischord.com/fugazi_live_series/greensboro-nc-usa-31290' target='_blank'>greensboro-nc-usa-31290</a>",1990,"1990 Spring Southern USA Tour",1990-03-12,"Sternberger Hall, Guilford College","Greensboro","USA","Sex Police",250,"Good",36.0941952,-79.887528
"greensboro-nc-usa-50291","<a href='https://www.dischord.com/fugazi_live_series/greensboro-nc-usa-50291' target='_blank'>greensboro-nc-usa-50291</a>",1991,"1991 Spring USA Tour",1991-05-02,"Miracle House","Greensboro","USA","Well Nigh Forgotten",250,"Good",36.0722404,-79.78533
"groningen-netherlands-120789","<a href='https://www.dischord.com/fugazi_live_series/groningen-netherlands-120789' target='_blank'>groningen-netherlands-120789</a>",1989,"1989 Fall European Tour",1989-12-07,"Vera","Groningen","Netherlands","Visions of Change",452,"Good",53.2170258,6.5701
"groningen-netherlands-52092","<a href='https://www.dischord.com/fugazi_live_series/groningen-netherlands-52092' target='_blank'>groningen-netherlands-52092</a>",1992,"1992 Spring European Tour",1992-05-20,"Vera","Groningen","Netherlands","Girls Vs. Boys",400,"Very Good",53.2170258,6.5701
"groningen-netherlands-70795","<a href='https://www.dischord.com/fugazi_live_series/groningen-netherlands-70795' target='_blank'>groningen-netherlands-70795</a>",1995,"1995 Spring/Summer European Tour",1995-07-07,"Vera","Groningen","Netherlands","Beaver",500,"Very Good",53.2170258,6.5701
"groningen-netherlands-90390","<a href='https://www.dischord.com/fugazi_live_series/groningen-netherlands-90390' target='_blank'>groningen-netherlands-90390</a>",1990,"1990 Fall European Tour",1990-09-03,"Vera","Groningen","Netherlands",NA,460,"Poor",53.2170258,6.5701
"guelph-on-canada-93089","<a href='https://www.dischord.com/fugazi_live_series/guelph-on-canada-93089' target='_blank'>guelph-on-canada-93089</a>",1989,"1989 Fall Canada/NE Tour",1989-09-30,"Loft","Guelph","Canada","Noise Floor",250,"Good",43.544539,-80.24819
"guelph-on-canada-93089","<a href='https://www.dischord.com/fugazi_live_series/guelph-on-canada-93089' target='_blank'>guelph-on-canada-93089</a>",1989,"1989 Fall Canada/NE Tour",1989-09-30,"Loft","Guelph","Canada","Shades Apart",250,"Good",43.544539,-80.24819
"guelph-ont-canada-90893","<a href='https://www.dischord.com/fugazi_live_series/guelph-ont-canada-90893' target='_blank'>guelph-ont-canada-90893</a>",1993,"1993 Fall USA/Canada Tour",1993-09-08,"Peter Clark Hall University of Guelph","Guelph","Canada","Burn 51",775,"Good",43.5305221,-80.22626
"guelph-ont-canada-90893","<a href='https://www.dischord.com/fugazi_live_series/guelph-ont-canada-90893' target='_blank'>guelph-ont-canada-90893</a>",1993,"1993 Fall USA/Canada Tour",1993-09-08,"Peter Clark Hall University of Guelph","Guelph","Canada","Shudder to Think",775,"Good",43.5305221,-80.22626
"hagerstown-md-usa-50198","<a href='https://www.dischord.com/fugazi_live_series/hagerstown-md-usa-50198' target='_blank'>hagerstown-md-usa-50198</a>",1998,"1998 Spring USA Tour",1998-05-01,"180 Club","Hagerstown","USA","Miss Lonelyheart",350,"Excellent",39.6411589,-77.722459
"hagerstown-md-usa-50198","<a href='https://www.dischord.com/fugazi_live_series/hagerstown-md-usa-50198' target='_blank'>hagerstown-md-usa-50198</a>",1998,"1998 Spring USA Tour",1998-05-01,"180 Club","Hagerstown","USA","Quixotic",350,"Excellent",39.6411589,-77.722459
"halifax-ns-canada-72598","<a href='https://www.dischord.com/fugazi_live_series/halifax-ns-canada-72598' target='_blank'>halifax-ns-canada-72598</a>",1998,"1998 Summer Canada/USA Tour",1998-07-25,"Olympic Bingo","Halifax","Canada","Equation of State",800,"Very Good",44.6504435,-63.594755
"halifax-ns-canada-72598","<a href='https://www.dischord.com/fugazi_live_series/halifax-ns-canada-72598' target='_blank'>halifax-ns-canada-72598</a>",1998,"1998 Summer Canada/USA Tour",1998-07-25,"Olympic Bingo","Halifax","Canada","North of America",800,"Very Good",44.6504435,-63.594755
"hamburg-germany-102788","<a href='https://www.dischord.com/fugazi_live_series/hamburg-germany-102788' target='_blank'>hamburg-germany-102788</a>",1988,"1988 Fall European Tour",1988-10-27,"Störtebeker","Hamburg","Germany","Gulag",199,NA,53.546389,9.95944
"hamburg-germany-120289","<a href='https://www.dischord.com/fugazi_live_series/hamburg-germany-120289' target='_blank'>hamburg-germany-120289</a>",1989,"1989 Fall European Tour",1989-12-02,"Markthalle","Hamburg","Germany","Visions of Change",1500,NA,53.549494,10.006869
"hamburg-germany-70292","<a href='https://www.dischord.com/fugazi_live_series/hamburg-germany-70292' target='_blank'>hamburg-germany-70292</a>",1992,"1992 Spring European Tour",1992-07-02,"Fabrik","Hamburg","Germany","Tech Ahead",1461,"Good",53.5565957,9.928987
"hamburg-germany-70495","<a href='https://www.dischord.com/fugazi_live_series/hamburg-germany-70495' target='_blank'>hamburg-germany-70495</a>",1995,"1995 Spring/Summer European Tour",1995-07-04,"Fabrik","Hamburg","Germany","Schwartzenegger",1300,"Very Good",53.5565957,9.928987
"hamburg-germany-91899","<a href='https://www.dischord.com/fugazi_live_series/hamburg-germany-91899' target='_blank'>hamburg-germany-91899</a>",1999,"1999 Fall European Tour",1999-09-18,"Fabrik","Hamburg","Germany",NA,1050,"Very Good",53.5565957,9.928987
"hamburg-germany-92690","<a href='https://www.dischord.com/fugazi_live_series/hamburg-germany-92690' target='_blank'>hamburg-germany-92690</a>",1990,"1990 Fall European Tour",1990-09-26,"Fabrik","Hamburg","Germany","So Much Hate",1000,"Good",53.5565957,9.928987
"hannover-germany-100990","<a href='https://www.dischord.com/fugazi_live_series/hannover-germany-100990' target='_blank'>hannover-germany-100990</a>",1990,"1990 Fall European Tour",1990-10-09,"Glocksee","Hannover","Germany","Urge",800,"Very Good",52.3717884,9.720746
"hannover-germany-102988","<a href='https://www.dischord.com/fugazi_live_series/hannover-germany-102988' target='_blank'>hannover-germany-102988</a>",1988,"1988 Fall European Tour",1988-10-29,"Korn","Hannover","Germany","Bionic",199,NA,52.3867895,9.725338
"hannover-germany-102988","<a href='https://www.dischord.com/fugazi_live_series/hannover-germany-102988' target='_blank'>hannover-germany-102988</a>",1988,"1988 Fall European Tour",1988-10-29,"Korn","Hannover","Germany","Militant Mothers",199,NA,52.3867895,9.725338
"hannover-germany-62592","<a href='https://www.dischord.com/fugazi_live_series/hannover-germany-62592' target='_blank'>hannover-germany-62592</a>",1992,"1992 Spring European Tour",1992-06-25,"Glocksee","Hannover","Germany","No Twist",700,"Good",52.3717884,9.720746
"hannover-germany-62592","<a href='https://www.dischord.com/fugazi_live_series/hannover-germany-62592' target='_blank'>hannover-germany-62592</a>",1992,"1992 Spring European Tour",1992-06-25,"Glocksee","Hannover","Germany","Tech Ahead",700,"Good",52.3717884,9.720746
"harrisonburg-va-usa-31190","<a href='https://www.dischord.com/fugazi_live_series/harrisonburg-va-usa-31190' target='_blank'>harrisonburg-va-usa-31190</a>",1990,"1990 Spring Southern USA Tour",1990-03-11,"James Madison University","Harrisonburg","USA","Sexual Milkshake",250,"Good",38.4351896,-78.871235
"harrisonburg-va-usa-40602","<a href='https://www.dischord.com/fugazi_live_series/harrisonburg-va-usa-40602' target='_blank'>harrisonburg-va-usa-40602</a>",2002,"2002 Spring Southern USA/Texas Tour",2002-04-06,"James Madison U. Godwin Gym/MacRock","Harrisonburg","USA","Engine Down",3000,"Very Good",38.4351896,-78.871235
"hartford-ct-usa-40795","<a href='https://www.dischord.com/fugazi_live_series/hartford-ct-usa-40795' target='_blank'>hartford-ct-usa-40795</a>",1995,"1995 USA East Coast Tour",1995-04-07,"West Indian Social Club","Hartford","USA","Lois",921,"Very Good",41.7970798,-72.662711
"hartford-ct-usa-40795","<a href='https://www.dischord.com/fugazi_live_series/hartford-ct-usa-40795' target='_blank'>hartford-ct-usa-40795</a>",1995,"1995 USA East Coast Tour",1995-04-07,"West Indian Social Club","Hartford","USA","Unwound",921,"Very Good",41.7970798,-72.662711
"hattiesburg-ms-usa-32090","<a href='https://www.dischord.com/fugazi_live_series/hattiesburg-ms-usa-32090' target='_blank'>hattiesburg-ms-usa-32090</a>",1990,"1990 Spring Southern USA Tour",1990-03-20,"Univ. of S. MS Bennett Auditorium","Hattiesburg","USA","Flinghammer",180,NA,31.3274365,-89.332667
"heidelberg-germany-120489","<a href='https://www.dischord.com/fugazi_live_series/heidelberg-germany-120489' target='_blank'>heidelberg-germany-120489</a>",1989,"1989 Fall European Tour",1989-12-04,"Mensa","Heidelberg","Germany","Visions of Change",800,"Good",49.4156002,8.670802
"helsinki-finland-101000","<a href='https://www.dischord.com/fugazi_live_series/helsinki-finland-101000' target='_blank'>helsinki-finland-101000</a>",2000,"2000 Fall Northern European Tour",2000-10-10,"Nosturi","Helsinki","Finland","Candy Cane",370,"Very Good",60.1591987,24.931394
"herne-bay-england-92090","<a href='https://www.dischord.com/fugazi_live_series/herne-bay-england-92090' target='_blank'>herne-bay-england-92090</a>",1990,"1990 Fall European Tour",1990-09-20,"King's Hall","Herne Bay","England","ATV",350,"Good",51.3726234,1.136733
"hobart-tas-australia-120393","<a href='https://www.dischord.com/fugazi_live_series/hobart-tas-australia-120393' target='_blank'>hobart-tas-australia-120393</a>",1993,"1993 Japan/Australia/New Zealand Tour",1993-12-03,"Hellenic Hall","Hobart","Australia","Lugs",400,"Very Good",-42.8706648,147.3156
"hobart-tas-australia-120393","<a href='https://www.dischord.com/fugazi_live_series/hobart-tas-australia-120393' target='_blank'>hobart-tas-australia-120393</a>",1993,"1993 Japan/Australia/New Zealand Tour",1993-12-03,"Hellenic Hall","Hobart","Australia","Mouth",400,"Very Good",-42.8706648,147.3156
"hobart-tz-australia-111396","<a href='https://www.dischord.com/fugazi_live_series/hobart-tz-australia-111396' target='_blank'>hobart-tz-australia-111396</a>",1996,"1996 US/Japan/Hong Kong/Australia Tour",1996-11-13,"Sapphire Ballroom","Hobart","Australia","50 Million Clowns",450,"Very Good",-42.8816549,147.325945
"hobart-tz-australia-111396","<a href='https://www.dischord.com/fugazi_live_series/hobart-tz-australia-111396' target='_blank'>hobart-tz-australia-111396</a>",1996,"1996 US/Japan/Hong Kong/Australia Tour",1996-11-13,"Sapphire Ballroom","Hobart","Australia","Honey Pet",450,"Very Good",-42.8816549,147.325945
"hoboken-nj-usa-100889","<a href='https://www.dischord.com/fugazi_live_series/hoboken-nj-usa-100889' target='_blank'>hoboken-nj-usa-100889</a>",1989,"1989 Fall Canada/NE Tour",1989-10-08,"Maxwell's","Hoboken","USA","Holy Rollers",300,"Good",40.7497021,-74.026932
"hoboken-nj-usa-30691","<a href='https://www.dischord.com/fugazi_live_series/hoboken-nj-usa-30691' target='_blank'>hoboken-nj-usa-30691</a>",1991,"1991 Winter/Spring East Coast USA Tour",1991-03-06,"Maxwell's","Hoboken","USA","Beat Happening",200,"Very Good",40.7497021,-74.026932
"hoboken-nj-usa-40792","<a href='https://www.dischord.com/fugazi_live_series/hoboken-nj-usa-40792' target='_blank'>hoboken-nj-usa-40792</a>",1992,"1992 Spring East Coast Tour",1992-04-07,"Maxwell's","Hoboken","USA","Haymaker",200,"Good",40.7497021,-74.026932
"hoboken-nj-usa-40989","<a href='https://www.dischord.com/fugazi_live_series/hoboken-nj-usa-40989' target='_blank'>hoboken-nj-usa-40989</a>",1989,"1989 Spring USA Tour",1989-04-09,"Maxwell's","Hoboken","USA","The Blisters",200,"Good",40.7497021,-74.026932
"hoboken-nj-usa-41395","<a href='https://www.dischord.com/fugazi_live_series/hoboken-nj-usa-41395' target='_blank'>hoboken-nj-usa-41395</a>",1995,"1995 USA East Coast Tour",1995-04-13,"Maxwell's","Hoboken","USA","Warmers",200,"Good",40.7497021,-74.026932
"hoboken-nj-usa-63088","<a href='https://www.dischord.com/fugazi_live_series/hoboken-nj-usa-63088' target='_blank'>hoboken-nj-usa-63088</a>",1988,"1988 Summer/Fall Regional Dates",1988-06-30,"Maxwell's","Hoboken","USA","American Standard",200,"Good",40.7497021,-74.026932
"hoboken-nj-usa-72798","<a href='https://www.dischord.com/fugazi_live_series/hoboken-nj-usa-72798' target='_blank'>hoboken-nj-usa-72798</a>",1998,"1998 Summer Canada/USA Tour",1998-07-28,"Maxwell's","Hoboken","USA",NA,200,"Good",40.7497021,-74.026932
"hoboken-nj-usa-81693","<a href='https://www.dischord.com/fugazi_live_series/hoboken-nj-usa-81693' target='_blank'>hoboken-nj-usa-81693</a>",1993,"1993 Fall USA/Canada Tour",1993-08-16,"Maxwell's","Hoboken","USA","Mosquito",200,"Very Good",40.7497021,-74.026932
"hohenems-austria-61792","<a href='https://www.dischord.com/fugazi_live_series/hohenems-austria-61792' target='_blank'>hohenems-austria-61792</a>",1992,"1992 Spring European Tour",1992-06-17,"Transmitter Festival","Hohenems","Austria","Alloy",750,"Good",47.3663115,9.652756
"hohenems-austria-61792","<a href='https://www.dischord.com/fugazi_live_series/hohenems-austria-61792' target='_blank'>hohenems-austria-61792</a>",1992,"1992 Spring European Tour",1992-06-17,"Transmitter Festival","Hohenems","Austria","Tech Ahead",750,"Good",47.3663115,9.652756
"holyoke-ma-usa-51802","<a href='https://www.dischord.com/fugazi_live_series/holyoke-ma-usa-51802' target='_blank'>holyoke-ma-usa-51802</a>",2002,"2002 Spring East Coast Tour",2002-04-18,"Holyoke War Memorial","Holyoke","USA","Tizzy",1200,"Excellent",42.2053663,-72.611002
"homburg-germany-110388","<a href='https://www.dischord.com/fugazi_live_series/homburg-germany-110388' target='_blank'>homburg-germany-110388</a>",1988,"1988 Fall European Tour",1988-11-03,"Juz Homburg","Homburg","Germany","Militant Mothers",199,NA,49.36966,7.325
"hong-kong-hong-kong-110296","<a href='https://www.dischord.com/fugazi_live_series/hong-kong-hong-kong-110296' target='_blank'>hong-kong-hong-kong-110296</a>",1996,"1996 US/Japan/Hong Kong/Australia Tour",1996-11-02,"South Island School Hall","Hong Kong","Hong Kong","Sisters of Sharon",400,"Very Good",22.2539692,114.182856
"hong-kong-hong-kong-110396","<a href='https://www.dischord.com/fugazi_live_series/hong-kong-hong-kong-110396' target='_blank'>hong-kong-hong-kong-110396</a>",1996,"1996 US/Japan/Hong Kong/Australia Tour",1996-11-03,"Kowloon Park","Hong Kong","Hong Kong","Maze",200,NA,22.3014653,114.169573
"hong-kong-hong-kong-110396","<a href='https://www.dischord.com/fugazi_live_series/hong-kong-hong-kong-110396' target='_blank'>hong-kong-hong-kong-110396</a>",1996,"1996 US/Japan/Hong Kong/Australia Tour",1996-11-03,"Kowloon Park","Hong Kong","Hong Kong","That Guy's Belly",200,NA,22.3014653,114.169573
"hong-kong-hong-kong-110396","<a href='https://www.dischord.com/fugazi_live_series/hong-kong-hong-kong-110396' target='_blank'>hong-kong-hong-kong-110396</a>",1996,"1996 US/Japan/Hong Kong/Australia Tour",1996-11-03,"Kowloon Park","Hong Kong","Hong Kong","Venue",200,NA,22.3014653,114.169573
"honolulu-hi-usa-101696","<a href='https://www.dischord.com/fugazi_live_series/honolulu-hi-usa-101696' target='_blank'>honolulu-hi-usa-101696</a>",1996,"1996 US/Japan/Hong Kong/Australia Tour",1996-10-16,"Groove","Honolulu","USA","O.N.S.",1650,"Very Good",21.318756,-157.87509
"honolulu-hi-usa-111891","<a href='https://www.dischord.com/fugazi_live_series/honolulu-hi-usa-111891' target='_blank'>honolulu-hi-usa-111891</a>",1991,"1991 Australia/New Zealand/Japan Tour",1991-11-18,"University of Hawaii","Honolulu","USA","Social Ignorance",850,"Very Good",21.3008682,-157.817343
"honolulu-hi-usa-121493","<a href='https://www.dischord.com/fugazi_live_series/honolulu-hi-usa-121493' target='_blank'>honolulu-hi-usa-121493</a>",1993,"1993 Japan/Australia/New Zealand Tour",1993-12-14,"After Dark","Honolulu","USA",NA,1300,"Good",21.318756,-157.87509
"hoorn-netherlands-101588","<a href='https://www.dischord.com/fugazi_live_series/hoorn-netherlands-101588' target='_blank'>hoorn-netherlands-101588</a>",1988,"1988 Fall European Tour",1988-10-15,"Troll","Hoorn","Netherlands","The Plot",199,"Good",52.652456,5.05498
"hoorn-netherlands-101588","<a href='https://www.dischord.com/fugazi_live_series/hoorn-netherlands-101588' target='_blank'>hoorn-netherlands-101588</a>",1988,"1988 Fall European Tour",1988-10-15,"Troll","Hoorn","Netherlands","Vernon Walters",199,"Good",52.652456,5.05498
"hoorn-netherlands-90190","<a href='https://www.dischord.com/fugazi_live_series/hoorn-netherlands-90190' target='_blank'>hoorn-netherlands-90190</a>",1990,"1990 Fall European Tour",1990-09-01,"Troll","Hoorn","Netherlands","Vernon Walters",450,"Good",52.652456,5.05498
"houston-tx-usa-112198","<a href='https://www.dischord.com/fugazi_live_series/houston-tx-usa-112198' target='_blank'>houston-tx-usa-112198</a>",1998,"1998 Fall Mid-West USA Tour",1998-11-21,"Fitzgerald's","Houston","USA","Lord High Fixers",750,"Very Good",29.7818262,-95.387999
"houston-tx-usa-32802","<a href='https://www.dischord.com/fugazi_live_series/houston-tx-usa-32802' target='_blank'>houston-tx-usa-32802</a>",2002,"2002 Spring Southern USA/Texas Tour",2002-03-28,"International Ballroom","Houston","USA","Engine Down",1900,"Very Good",29.6351461,-95.4939
"houston-tx-usa-32802","<a href='https://www.dischord.com/fugazi_live_series/houston-tx-usa-32802' target='_blank'>houston-tx-usa-32802</a>",2002,"2002 Spring Southern USA/Texas Tour",2002-03-28,"International Ballroom","Houston","USA","Explosions In The Sky",1900,"Very Good",29.6351461,-95.4939
"houston-tx-usa-40896","<a href='https://www.dischord.com/fugazi_live_series/houston-tx-usa-40896' target='_blank'>houston-tx-usa-40896</a>",1996,"1996 Southern USA Tour",1996-04-08,"D&I Colonial Hall","Houston","USA","Branch Manager",1250,"Very Good",29.7363192,-95.309808
"houston-tx-usa-40896","<a href='https://www.dischord.com/fugazi_live_series/houston-tx-usa-40896' target='_blank'>houston-tx-usa-40896</a>",1996,"1996 Southern USA Tour",1996-04-08,"D&I Colonial Hall","Houston","USA","Glorium",1250,"Very Good",29.7363192,-95.309808
"houston-tx-usa-41093","<a href='https://www.dischord.com/fugazi_live_series/houston-tx-usa-41093' target='_blank'>houston-tx-usa-41093</a>",1993,"1993 Spring USA Tour",1993-04-10,"Phoenix Ballroom","Houston","USA","Dive",2400,"Good",29.7014137,-95.654624
"houston-tx-usa-41093","<a href='https://www.dischord.com/fugazi_live_series/houston-tx-usa-41093' target='_blank'>houston-tx-usa-41093</a>",1993,"1993 Spring USA Tour",1993-04-10,"Phoenix Ballroom","Houston","USA","Manhole",2400,"Good",29.7014137,-95.654624
"houston-tx-usa-50690","<a href='https://www.dischord.com/fugazi_live_series/houston-tx-usa-50690' target='_blank'>houston-tx-usa-50690</a>",1990,"1990 Spring/Summer USA Tour",1990-05-06,"Axiom","Houston","USA","Refuse to Fall",350,"Good",29.7486073,-95.351494
"houston-tx-usa-50690","<a href='https://www.dischord.com/fugazi_live_series/houston-tx-usa-50690' target='_blank'>houston-tx-usa-50690</a>",1990,"1990 Spring/Summer USA Tour",1990-05-06,"Axiom","Houston","USA","Skatenigs",350,"Good",29.7486073,-95.351494
"houston-tx-usa-51289","<a href='https://www.dischord.com/fugazi_live_series/houston-tx-usa-51289' target='_blank'>houston-tx-usa-51289</a>",1989,"1989 Spring USA Tour",1989-05-12,"Axiom","Houston","USA","4 Front",350,NA,29.7486073,-95.351494
"houston-tx-usa-51289","<a href='https://www.dischord.com/fugazi_live_series/houston-tx-usa-51289' target='_blank'>houston-tx-usa-51289</a>",1989,"1989 Spring USA Tour",1989-05-12,"Axiom","Houston","USA","Sprawl",350,NA,29.7486073,-95.351494
"houston-tx-usa-52691","<a href='https://www.dischord.com/fugazi_live_series/houston-tx-usa-52691' target='_blank'>houston-tx-usa-52691</a>",1991,"1991 Spring USA Tour",1991-05-26,"Homage","Houston","USA","Shoulders",950,"Good",29.7494937,-95.37515
"houston-tx-usa-52788","<a href='https://www.dischord.com/fugazi_live_series/houston-tx-usa-52788' target='_blank'>houston-tx-usa-52788</a>",1988,"1988 Spring USA Tour",1988-05-27,"Powertools","Houston","USA","Bad Mutha Goose",199,NA,29.764455,-95.362164
"huntington-wv-usa-40502","<a href='https://www.dischord.com/fugazi_live_series/huntington-wv-usa-40502' target='_blank'>huntington-wv-usa-40502</a>",2002,"2002 Spring Southern USA/Texas Tour",2002-04-05,"Stone Monkey","Huntington","USA","Ruby Slippers",500,"Very Good",38.4260295,-82.419941
"huntsville-al-usa-32796","<a href='https://www.dischord.com/fugazi_live_series/huntsville-al-usa-32796' target='_blank'>huntsville-al-usa-32796</a>",1996,"1996 Southern USA Tour",1996-03-27,"University of Alabama Spragins Hall Gym","Huntsville","USA","Branch Manager",1295,"Very Good",34.7310753,-86.636678
"huntsville-al-usa-50891","<a href='https://www.dischord.com/fugazi_live_series/huntsville-al-usa-50891' target='_blank'>huntsville-al-usa-50891</a>",1991,"1991 Spring USA Tour",1991-05-08,"Carriage House Inn","Huntsville","USA","OCB",650,"Poor",34.7346356,-86.622775
"huntsville-al-usa-50891","<a href='https://www.dischord.com/fugazi_live_series/huntsville-al-usa-50891' target='_blank'>huntsville-al-usa-50891</a>",1991,"1991 Spring USA Tour",1991-05-08,"Carriage House Inn","Huntsville","USA","Random Conflict",650,"Poor",34.7346356,-86.622775
"indianapolis-in-usa-100695","<a href='https://www.dischord.com/fugazi_live_series/indianapolis-in-usa-100695' target='_blank'>indianapolis-in-usa-100695</a>",1995,"1995 Fall USA/Canada Tour",1995-10-06,"Eastwood Entertainment Center","Indianapolis","USA","Branch Manager",750,"Good",39.8291712,-86.05206
"indianapolis-in-usa-100695","<a href='https://www.dischord.com/fugazi_live_series/indianapolis-in-usa-100695' target='_blank'>indianapolis-in-usa-100695</a>",1995,"1995 Fall USA/Canada Tour",1995-10-06,"Eastwood Entertainment Center","Indianapolis","USA","Diamonds to Coal",750,"Good",39.8291712,-86.05206
"indianapolis-in-usa-100695","<a href='https://www.dischord.com/fugazi_live_series/indianapolis-in-usa-100695' target='_blank'>indianapolis-in-usa-100695</a>",1995,"1995 Fall USA/Canada Tour",1995-10-06,"Eastwood Entertainment Center","Indianapolis","USA","Jax",750,"Good",39.8291712,-86.05206
"indianapolis-in-usa-100695","<a href='https://www.dischord.com/fugazi_live_series/indianapolis-in-usa-100695' target='_blank'>indianapolis-in-usa-100695</a>",1995,"1995 Fall USA/Canada Tour",1995-10-06,"Eastwood Entertainment Center","Indianapolis","USA","Make Up",750,"Good",39.8291712,-86.05206
"indianapolis-in-usa-42001","<a href='https://www.dischord.com/fugazi_live_series/indianapolis-in-usa-42001' target='_blank'>indianapolis-in-usa-42001</a>",2001,"2001 Spring Western USA Tour",2001-04-20,"Knights of Columbus Hall","Indianapolis","USA","Monster Zero Orchestra",700,"Very Good",39.7846296,-86.153309
"indianapolis-in-usa-53093","<a href='https://www.dischord.com/fugazi_live_series/indianapolis-in-usa-53093' target='_blank'>indianapolis-in-usa-53093</a>",1993,"1993 Spring USA Tour",1993-05-30,"City Lights","Indianapolis","USA","Grifters",1600,"Poor",39.8264653,-86.053053
"indianapolis-in-usa-53093","<a href='https://www.dischord.com/fugazi_live_series/indianapolis-in-usa-53093' target='_blank'>indianapolis-in-usa-53093</a>",1993,"1993 Spring USA Tour",1993-05-30,"City Lights","Indianapolis","USA","Oxymorons",1600,"Poor",39.8264653,-86.053053
"indianapolis-in-usa-60791","<a href='https://www.dischord.com/fugazi_live_series/indianapolis-in-usa-60791' target='_blank'>indianapolis-in-usa-60791</a>",1991,"1991 Spring USA Tour",1991-06-07,"Ritz Music Hall","Indianapolis","USA","Birdman of Alcatraz",850,"Good",39.7823475,-86.063342
"indianapolis-in-usa-60791","<a href='https://www.dischord.com/fugazi_live_series/indianapolis-in-usa-60791' target='_blank'>indianapolis-in-usa-60791</a>",1991,"1991 Spring USA Tour",1991-06-07,"Ritz Music Hall","Indianapolis","USA","Modern Vending",850,"Good",39.7823475,-86.063342
"indianapolis-in-usa-60791","<a href='https://www.dischord.com/fugazi_live_series/indianapolis-in-usa-60791' target='_blank'>indianapolis-in-usa-60791</a>",1991,"1991 Spring USA Tour",1991-06-07,"Ritz Music Hall","Indianapolis","USA","Sloppy Seconds",850,"Good",39.7823475,-86.063342
"iowa-city-ia-usa-82993","<a href='https://www.dischord.com/fugazi_live_series/iowa-city-ia-usa-82993' target='_blank'>iowa-city-ia-usa-82993</a>",1993,"1993 Fall USA/Canada Tour",1993-08-29,"I.M.U. Lounge / University of Iowa","Iowa City","USA","Gumball",1450,"Good",41.6629359,-91.537896
"iowa-city-ia-usa-82993","<a href='https://www.dischord.com/fugazi_live_series/iowa-city-ia-usa-82993' target='_blank'>iowa-city-ia-usa-82993</a>",1993,"1993 Fall USA/Canada Tour",1993-08-29,"I.M.U. Lounge / University of Iowa","Iowa City","USA","Slant 6",1450,"Good",41.6629359,-91.537896
"isla-vista-ca-usa-51890","<a href='https://www.dischord.com/fugazi_live_series/isla-vista-ca-usa-51890' target='_blank'>isla-vista-ca-usa-51890</a>",1990,"1990 Spring/Summer USA Tour",1990-05-18,"UC Santa Barbara Pub","Isla Vista","USA","Beat Happening",500,"Very Good",34.4365831,-119.88267
"isla-vista-ca-usa-51890","<a href='https://www.dischord.com/fugazi_live_series/isla-vista-ca-usa-51890' target='_blank'>isla-vista-ca-usa-51890</a>",1990,"1990 Spring/Summer USA Tour",1990-05-18,"UC Santa Barbara Pub","Isla Vista","USA","Downcast",500,"Very Good",34.4365831,-119.88267
"isla-vista-ca-usa-90591","<a href='https://www.dischord.com/fugazi_live_series/isla-vista-ca-usa-90591' target='_blank'>isla-vista-ca-usa-90591</a>",1991,"1991 Summer/Fall USA/Canada Tour",1991-09-05,"Anaconda","Isla Vista","USA","End of The Line",750,"Very Good",34.4124367,-119.85553
"isla-vista-ca-usa-90591","<a href='https://www.dischord.com/fugazi_live_series/isla-vista-ca-usa-90591' target='_blank'>isla-vista-ca-usa-90591</a>",1991,"1991 Summer/Fall USA/Canada Tour",1991-09-05,"Anaconda","Isla Vista","USA","Jawbreaker",750,"Very Good",34.4124367,-119.85553
"itaborai-brazil-81994","<a href='https://www.dischord.com/fugazi_live_series/itaborai-brazil-81994' target='_blank'>itaborai-brazil-81994</a>",1994,"1994 Fall Brazil Tour",1994-08-19,"Col. Leao XIII Hall","Itaborai","Brazil","Gangrena Gasosa",300,"Very Good",-22.7458974,-42.859935
"itaborai-brazil-81994","<a href='https://www.dischord.com/fugazi_live_series/itaborai-brazil-81994' target='_blank'>itaborai-brazil-81994</a>",1994,"1994 Fall Brazil Tour",1994-08-19,"Col. Leao XIII Hall","Itaborai","Brazil","Tubaroes Voadores",300,"Very Good",-22.7458974,-42.859935
"jackson-ms-usa-40893","<a href='https://www.dischord.com/fugazi_live_series/jackson-ms-usa-40893' target='_blank'>jackson-ms-usa-40893</a>",1993,"1993 Spring USA Tour",1993-04-08,"Midnight Sun","Jackson","USA","Stretch Armstrong",750,"Good",32.3006407,-90.192223
"jackson-ms-usa-40893","<a href='https://www.dischord.com/fugazi_live_series/jackson-ms-usa-40893' target='_blank'>jackson-ms-usa-40893</a>",1993,"1993 Spring USA Tour",1993-04-08,"Midnight Sun","Jackson","USA","Tarentella",750,"Good",32.3006407,-90.192223
"jacksonville-fl-usa-21293","<a href='https://www.dischord.com/fugazi_live_series/jacksonville-fl-usa-21293' target='_blank'>jacksonville-fl-usa-21293</a>",1993,"1993 Winter Southern USA Tour",1993-02-12,"Club 5","Jacksonville","USA","Shudder to Think",1200,"Very Good",30.3147037,-81.680959
"jacksonville-fl-usa-33196","<a href='https://www.dischord.com/fugazi_live_series/jacksonville-fl-usa-33196' target='_blank'>jacksonville-fl-usa-33196</a>",1996,"1996 Southern USA Tour",1996-03-31,"Milk Bar","Jacksonville","USA","Branch Manager",1100,"Good",30.3283888,-81.65964
"jacksonville-fl-usa-33196","<a href='https://www.dischord.com/fugazi_live_series/jacksonville-fl-usa-33196' target='_blank'>jacksonville-fl-usa-33196</a>",1996,"1996 Southern USA Tour",1996-03-31,"Milk Bar","Jacksonville","USA","Gimp Disco",1100,"Good",30.3283888,-81.65964
"jacksonville-fl-usa-33196","<a href='https://www.dischord.com/fugazi_live_series/jacksonville-fl-usa-33196' target='_blank'>jacksonville-fl-usa-33196</a>",1996,"1996 Southern USA Tour",1996-03-31,"Milk Bar","Jacksonville","USA","Glorium",1100,"Good",30.3283888,-81.65964
"jacksonville-fl-usa-51491","<a href='https://www.dischord.com/fugazi_live_series/jacksonville-fl-usa-51491' target='_blank'>jacksonville-fl-usa-51491</a>",1991,"1991 Spring USA Tour",1991-05-14,"Milk Bar","Jacksonville","USA",NA,700,"Good",30.3283888,-81.65964
"jawbone-canyon-ca-usa-90691","<a href='https://www.dischord.com/fugazi_live_series/jawbone-canyon-ca-usa-90691' target='_blank'>jawbone-canyon-ca-usa-90691</a>",1991,"1991 Summer/Fall USA/Canada Tour",1991-09-06,"Jawbone Canyon Desert","Jawbone Canyon","USA","Pop Defect",300,"Good",35.3087583,-118.033479
"jawbone-canyon-ca-usa-90691","<a href='https://www.dischord.com/fugazi_live_series/jawbone-canyon-ca-usa-90691' target='_blank'>jawbone-canyon-ca-usa-90691</a>",1991,"1991 Summer/Fall USA/Canada Tour",1991-09-06,"Jawbone Canyon Desert","Jawbone Canyon","USA","Sandy Duncan’s Eye",300,"Good",35.3087583,-118.033479
"jawbone-canyon-ca-usa-90691","<a href='https://www.dischord.com/fugazi_live_series/jawbone-canyon-ca-usa-90691' target='_blank'>jawbone-canyon-ca-usa-90691</a>",1991,"1991 Summer/Fall USA/Canada Tour",1991-09-06,"Jawbone Canyon Desert","Jawbone Canyon","USA","TVTV$",300,"Good",35.3087583,-118.033479
"jawbone-canyon-ca-usa-90691","<a href='https://www.dischord.com/fugazi_live_series/jawbone-canyon-ca-usa-90691' target='_blank'>jawbone-canyon-ca-usa-90691</a>",1991,"1991 Summer/Fall USA/Canada Tour",1991-09-06,"Jawbone Canyon Desert","Jawbone Canyon","USA","The Fumes",300,"Good",35.3087583,-118.033479
"jawbone-canyon-ca-usa-90691","<a href='https://www.dischord.com/fugazi_live_series/jawbone-canyon-ca-usa-90691' target='_blank'>jawbone-canyon-ca-usa-90691</a>",1991,"1991 Summer/Fall USA/Canada Tour",1991-09-06,"Jawbone Canyon Desert","Jawbone Canyon","USA","The Offspring",300,"Good",35.3087583,-118.033479
"jawbone-canyon-ca-usa-90691","<a href='https://www.dischord.com/fugazi_live_series/jawbone-canyon-ca-usa-90691' target='_blank'>jawbone-canyon-ca-usa-90691</a>",1991,"1991 Summer/Fall USA/Canada Tour",1991-09-06,"Jawbone Canyon Desert","Jawbone Canyon","USA","The Paper Tulips",300,"Good",35.3087583,-118.033479
"jawbone-canyon-ca-usa-90691","<a href='https://www.dischord.com/fugazi_live_series/jawbone-canyon-ca-usa-90691' target='_blank'>jawbone-canyon-ca-usa-90691</a>",1991,"1991 Summer/Fall USA/Canada Tour",1991-09-06,"Jawbone Canyon Desert","Jawbone Canyon","USA","This Great Religion",300,"Good",35.3087583,-118.033479
"joinville-brazil-81597","<a href='https://www.dischord.com/fugazi_live_series/joinville-brazil-81597' target='_blank'>joinville-brazil-81597</a>",1997,"1997 Summer Brazil/S. America Tour",1997-08-15,"Liga da Sociedade Joinvilense","Joinville","Brazil","Butt Spencer",350,"Very Good",-26.304399,-48.84559
"joinville-brazil-81597","<a href='https://www.dischord.com/fugazi_live_series/joinville-brazil-81597' target='_blank'>joinville-brazil-81597</a>",1997,"1997 Summer Brazil/S. America Tour",1997-08-15,"Liga da Sociedade Joinvilense","Joinville","Brazil","Enzima Ruthless",350,"Very Good",-26.304399,-48.84559
"joinville-brazil-81597","<a href='https://www.dischord.com/fugazi_live_series/joinville-brazil-81597' target='_blank'>joinville-brazil-81597</a>",1997,"1997 Summer Brazil/S. America Tour",1997-08-15,"Liga da Sociedade Joinvilense","Joinville","Brazil","Magneticos",350,"Very Good",-26.304399,-48.84559
"jonkoping-sweden-100600","<a href='https://www.dischord.com/fugazi_live_series/jonkoping-sweden-100600' target='_blank'>jonkoping-sweden-100600</a>",2000,"2000 Fall Northern European Tour",2000-10-06,"Kulturhuset","Jonkoping","Sweden","Dialog Cet",600,"Good",57.7854308,14.156281
"kalamazoo-mi-usa-62490","<a href='https://www.dischord.com/fugazi_live_series/kalamazoo-mi-usa-62490' target='_blank'>kalamazoo-mi-usa-62490</a>",1990,"1990 Spring/Summer USA Tour",1990-06-24,"Club Soda","Kalamazoo","USA","Jawbox",380,"Good",42.2926564,-85.579417
"kalamazoo-mi-usa-62490","<a href='https://www.dischord.com/fugazi_live_series/kalamazoo-mi-usa-62490' target='_blank'>kalamazoo-mi-usa-62490</a>",1990,"1990 Spring/Summer USA Tour",1990-06-24,"Club Soda","Kalamazoo","USA","Mannequin Hand",380,"Good",42.2926564,-85.579417
"kalamazoo-mi-usa-62490","<a href='https://www.dischord.com/fugazi_live_series/kalamazoo-mi-usa-62490' target='_blank'>kalamazoo-mi-usa-62490</a>",1990,"1990 Spring/Summer USA Tour",1990-06-24,"Club Soda","Kalamazoo","USA","Slap of Reality",380,"Good",42.2926564,-85.579417
"kalamazoo-mi-usa-80691","<a href='https://www.dischord.com/fugazi_live_series/kalamazoo-mi-usa-80691' target='_blank'>kalamazoo-mi-usa-80691</a>",1991,"1991 Summer/Fall USA/Canada Tour",1991-08-06,"State Theater","Kalamazoo","USA","Nation of Ulysses",800,"Very Good",42.28837,-85.583398
"kalamazoo-mi-usa-80691","<a href='https://www.dischord.com/fugazi_live_series/kalamazoo-mi-usa-80691' target='_blank'>kalamazoo-mi-usa-80691</a>",1991,"1991 Summer/Fall USA/Canada Tour",1991-08-06,"State Theater","Kalamazoo","USA","Trenchmouth",800,"Very Good",42.28837,-85.583398
"kansas-city-ks-usa-82893","<a href='https://www.dischord.com/fugazi_live_series/kansas-city-ks-usa-82893' target='_blank'>kansas-city-ks-usa-82893</a>",1993,"1993 Fall USA/Canada Tour",1993-08-28,"Memorial Hall","Kansas City","USA","Poster Children",2700,"Very Good",39.1121852,-94.627641
"kansas-city-ks-usa-82893","<a href='https://www.dischord.com/fugazi_live_series/kansas-city-ks-usa-82893' target='_blank'>kansas-city-ks-usa-82893</a>",1993,"1993 Fall USA/Canada Tour",1993-08-28,"Memorial Hall","Kansas City","USA","Tenderloin",2700,"Very Good",39.1121852,-94.627641
"kansas-city-mo-usa-41801","<a href='https://www.dischord.com/fugazi_live_series/kansas-city-mo-usa-41801' target='_blank'>kansas-city-mo-usa-41801</a>",2001,"2001 Spring Western USA Tour",2001-04-18,"El Torreon","Kansas City","USA","Big Iron",900,"Excellent",39.0703282,-94.578667
"kelowna-bc-canada-70501","<a href='https://www.dischord.com/fugazi_live_series/kelowna-bc-canada-70501' target='_blank'>kelowna-bc-canada-70501</a>",2001,"2001 Summer Mid-West/Canada Tour",2001-07-05,"Performance Centre","Kelowna","Canada","The Metic",450,"Very Good",49.8896937,-119.493039
"kennewick-wa-usa-51493","<a href='https://www.dischord.com/fugazi_live_series/kennewick-wa-usa-51493' target='_blank'>kennewick-wa-usa-51493</a>",1993,"1993 Spring USA Tour",1993-05-14,"Fairgrounds","Kennewick","USA","Heatmiser",1500,"Good",46.1952133,-119.097679
"kennewick-wa-usa-51493","<a href='https://www.dischord.com/fugazi_live_series/kennewick-wa-usa-51493' target='_blank'>kennewick-wa-usa-51493</a>",1993,"1993 Spring USA Tour",1993-05-14,"Fairgrounds","Kennewick","USA","Maybe Days",1500,"Good",46.1952133,-119.097679
"kent-oh-usa-50498","<a href='https://www.dischord.com/fugazi_live_series/kent-oh-usa-50498' target='_blank'>kent-oh-usa-50498</a>",1998,"1998 Spring USA Tour",1998-05-04,"Kent State University","Kent","USA","Blonde Redhead",1400,"Good",41.1477177,-81.343095
"kent-oh-usa-50498","<a href='https://www.dischord.com/fugazi_live_series/kent-oh-usa-50498' target='_blank'>kent-oh-usa-50498</a>",1998,"1998 Spring USA Tour",1998-05-04,"Kent State University","Kent","USA","Quixotic",1400,"Good",41.1477177,-81.343095
"kiel-germany-103088","<a href='https://www.dischord.com/fugazi_live_series/kiel-germany-103088' target='_blank'>kiel-germany-103088</a>",1988,"1988 Fall European Tour",1988-10-30,"Alte Meierei","Kiel","Germany",NA,199,NA,54.302925,10.124747
"kilkenny-ireland-50799","<a href='https://www.dischord.com/fugazi_live_series/kilkenny-ireland-50799' target='_blank'>kilkenny-ireland-50799</a>",1999,"1999 Spring UK/Ireland Tour",1999-05-07,"Friary Hall","Kilkenny","Ireland","Gout",400,"Very Good",52.6505277,-7.2539
"kingersheim-france-61095","<a href='https://www.dischord.com/fugazi_live_series/kingersheim-france-61095' target='_blank'>kingersheim-france-61095</a>",1995,"1995 Spring/Summer European Tour",1995-06-10,"Salle Des Fetes","Kingersheim","France","Condense",800,"Good",47.7770636,7.354943
"kingersheim-france-61095","<a href='https://www.dischord.com/fugazi_live_series/kingersheim-france-61095' target='_blank'>kingersheim-france-61095</a>",1995,"1995 Spring/Summer European Tour",1995-06-10,"Salle Des Fetes","Kingersheim","France","Well Spotted",800,"Good",47.7770636,7.354943
"knoxville-tn-usa-121999","<a href='https://www.dischord.com/fugazi_live_series/knoxville-tn-usa-121999' target='_blank'>knoxville-tn-usa-121999</a>",1999,"1999 Fall/Winter Southern USA Tour",1999-12-19,"Electric Ballroom","Knoxville","USA","Faraquet",700,"Very Good",35.9648106,-83.929798
"knoxville-tn-usa-32490","<a href='https://www.dischord.com/fugazi_live_series/knoxville-tn-usa-32490' target='_blank'>knoxville-tn-usa-32490</a>",1990,"1990 Spring Southern USA Tour",1990-03-24,"Backstage at the Library","Knoxville","USA","Whitey",230,"Good",35.9553749,-83.934757
"knoxville-tn-usa-40593","<a href='https://www.dischord.com/fugazi_live_series/knoxville-tn-usa-40593' target='_blank'>knoxville-tn-usa-40593</a>",1993,"1993 Spring USA Tour",1993-04-05,"Electric Ballroom","Knoxville","USA","Hypertribe",1010,"Good",35.9648106,-83.929798
"knoxville-tn-usa-40593","<a href='https://www.dischord.com/fugazi_live_series/knoxville-tn-usa-40593' target='_blank'>knoxville-tn-usa-40593</a>",1993,"1993 Spring USA Tour",1993-04-05,"Electric Ballroom","Knoxville","USA","Lawn Darts",1010,"Good",35.9648106,-83.929798
"knoxville-tn-usa-41296","<a href='https://www.dischord.com/fugazi_live_series/knoxville-tn-usa-41296' target='_blank'>knoxville-tn-usa-41296</a>",1996,"1996 Southern USA Tour",1996-04-12,"Electric Ballroom","Knoxville","USA","Blast Off Country Style",1050,"Very Good",35.9648106,-83.929798
"knoxville-tn-usa-41296","<a href='https://www.dischord.com/fugazi_live_series/knoxville-tn-usa-41296' target='_blank'>knoxville-tn-usa-41296</a>",1996,"1996 Southern USA Tour",1996-04-12,"Electric Ballroom","Knoxville","USA","Branch Manager",1050,"Very Good",35.9648106,-83.929798
"knoxville-tn-usa-50591","<a href='https://www.dischord.com/fugazi_live_series/knoxville-tn-usa-50591' target='_blank'>knoxville-tn-usa-50591</a>",1991,"1991 Spring USA Tour",1991-05-05,"Flamingo","Knoxville","USA","Whitey",300,"Good",35.9555492,-83.935458
"koln-germany-70192","<a href='https://www.dischord.com/fugazi_live_series/koln-germany-70192' target='_blank'>koln-germany-70192</a>",1992,"1992 Spring European Tour",1992-07-01,"Rhenania","Koln","Germany","House of Suffering",800,"Good",50.9283382,6.963381
"koln-germany-70192","<a href='https://www.dischord.com/fugazi_live_series/koln-germany-70192' target='_blank'>koln-germany-70192</a>",1992,"1992 Spring European Tour",1992-07-01,"Rhenania","Koln","Germany","Tech Ahead",800,"Good",50.9283382,6.963381
"kuala-lumpur-malaysia-110696","<a href='https://www.dischord.com/fugazi_live_series/kuala-lumpur-malaysia-110696' target='_blank'>kuala-lumpur-malaysia-110696</a>",1996,"1996 US/Japan/Hong Kong/Australia Tour",1996-11-06,"Fire Club","Kuala Lumpur","Malaysia",NA,800,"Very Good",3.1478556,101.707629
"kyoto-japan-110193","<a href='https://www.dischord.com/fugazi_live_series/kyoto-japan-110193' target='_blank'>kyoto-japan-110193</a>",1993,"1993 Japan/Australia/New Zealand Tour",1993-11-01,"Muse Hall","Kyoto","Japan","Blow Ones Cool",100,"Very Good",35.0038831,135.7637
"kyoto-japan-110193","<a href='https://www.dischord.com/fugazi_live_series/kyoto-japan-110193' target='_blank'>kyoto-japan-110193</a>",1993,"1993 Japan/Australia/New Zealand Tour",1993-11-01,"Muse Hall","Kyoto","Japan","Satorie School",100,"Very Good",35.0038831,135.7637
"lafayette-la-usa-40796","<a href='https://www.dischord.com/fugazi_live_series/lafayette-la-usa-40796' target='_blank'>lafayette-la-usa-40796</a>",1996,"1996 Southern USA Tour",1996-04-07,"Heymann Performance Arts Center","Lafayette","USA","Branch Manager",1250,"Poor",30.2016045,-92.021027
"lafayette-la-usa-40796","<a href='https://www.dischord.com/fugazi_live_series/lafayette-la-usa-40796' target='_blank'>lafayette-la-usa-40796</a>",1996,"1996 Southern USA Tour",1996-04-07,"Heymann Performance Arts Center","Lafayette","USA","Glorium",1250,"Poor",30.2016045,-92.021027
"lafayette-la-usa-50989","<a href='https://www.dischord.com/fugazi_live_series/lafayette-la-usa-50989' target='_blank'>lafayette-la-usa-50989</a>",1989,"1989 Spring USA Tour",1989-05-09,"Haricots BBQ","Lafayette","USA","Otis",150,NA,30.2229752,-92.017545
"lakuntza-spainbasque-52795","<a href='https://www.dischord.com/fugazi_live_series/lakuntza-spainbasque-52795' target='_blank'>lakuntza-spainbasque-52795</a>",1995,"1995 Spring/Summer European Tour",1995-05-27,"Sala Matraka","Lakuntza","Spain",NA,1000,"Good",42.9206346,-2.0292
"lancaster-pa-usa-30391","<a href='https://www.dischord.com/fugazi_live_series/lancaster-pa-usa-30391' target='_blank'>lancaster-pa-usa-30391</a>",1991,"1991 Winter/Spring East Coast USA Tour",1991-03-03,"Chameleon","Lancaster","USA","Admiral",600,"Very Good",40.0415629,-76.308796
"lancaster-pa-usa-30391","<a href='https://www.dischord.com/fugazi_live_series/lancaster-pa-usa-30391' target='_blank'>lancaster-pa-usa-30391</a>",1991,"1991 Winter/Spring East Coast USA Tour",1991-03-03,"Chameleon","Lancaster","USA","Brom Bones",600,"Very Good",40.0415629,-76.308796
"lancaster-pa-usa-92489","<a href='https://www.dischord.com/fugazi_live_series/lancaster-pa-usa-92489' target='_blank'>lancaster-pa-usa-92489</a>",1989,"1989 Fall Canada/NE Tour",1989-09-24,"Chameleon","Lancaster","USA","Passed",500,NA,40.0415629,-76.308796
"lancaster-pa-usa-92489","<a href='https://www.dischord.com/fugazi_live_series/lancaster-pa-usa-92489' target='_blank'>lancaster-pa-usa-92489</a>",1989,"1989 Fall Canada/NE Tour",1989-09-24,"Chameleon","Lancaster","USA","Stand Up",500,NA,40.0415629,-76.308796
"laramie-wy-usa-41601","<a href='https://www.dischord.com/fugazi_live_series/laramie-wy-usa-41601' target='_blank'>laramie-wy-usa-41601</a>",2001,"2001 Spring Western USA Tour",2001-04-16,"Cowboy Bar","Laramie","USA","Heshplus",500,"Excellent",41.3107611,-105.593376
"laramie-wy-usa-51993","<a href='https://www.dischord.com/fugazi_live_series/laramie-wy-usa-51993' target='_blank'>laramie-wy-usa-51993</a>",1993,"1993 Spring USA Tour",1993-05-19,"University of Wyoming Ballroom","Laramie","USA","Social Joke",240,"Poor",41.3123587,-105.579442
"las-vegas-nv-usa-30599","<a href='https://www.dischord.com/fugazi_live_series/las-vegas-nv-usa-30599' target='_blank'>las-vegas-nv-usa-30599</a>",1999,"1999 West Coast USA Tour",1999-03-05,"Huntridge Theater","Las Vegas","USA","Fluf",1000,"Very Good",36.1581082,-115.136358
"las-vegas-nv-usa-30599","<a href='https://www.dischord.com/fugazi_live_series/las-vegas-nv-usa-30599' target='_blank'>las-vegas-nv-usa-30599</a>",1999,"1999 West Coast USA Tour",1999-03-05,"Huntridge Theater","Las Vegas","USA","Los Trios De Nada",1000,"Very Good",36.1581082,-115.136358
"las-vegas-nv-usa-42293","<a href='https://www.dischord.com/fugazi_live_series/las-vegas-nv-usa-42293' target='_blank'>las-vegas-nv-usa-42293</a>",1993,"1993 Spring USA Tour",1993-04-22,"Huntridge Theater","Las Vegas","USA","Dead Marilyn",850,"Good",36.1581082,-115.136358
"las-vegas-nv-usa-42293","<a href='https://www.dischord.com/fugazi_live_series/las-vegas-nv-usa-42293' target='_blank'>las-vegas-nv-usa-42293</a>",1993,"1993 Spring USA Tour",1993-04-22,"Huntridge Theater","Las Vegas","USA","Scrubs",850,"Good",36.1581082,-115.136358
"latham-ny-usa-31091","<a href='https://www.dischord.com/fugazi_live_series/latham-ny-usa-31091' target='_blank'>latham-ny-usa-31091</a>",1991,"1991 Winter/Spring East Coast USA Tour",1991-03-10,"Saratoga Winners","Latham","USA","Spit Pope",850,"Poor",42.818847,-73.72963
"latham-ny-usa-31091","<a href='https://www.dischord.com/fugazi_live_series/latham-ny-usa-31091' target='_blank'>latham-ny-usa-31091</a>",1991,"1991 Winter/Spring East Coast USA Tour",1991-03-10,"Saratoga Winners","Latham","USA","Sweet Lizard Illtet",850,"Poor",42.818847,-73.72963
"latham-ny-usa-40992","<a href='https://www.dischord.com/fugazi_live_series/latham-ny-usa-40992' target='_blank'>latham-ny-usa-40992</a>",1992,"1992 Spring East Coast Tour",1992-04-09,"Saratoga Winners","Latham","USA",NA,1100,"Good",42.818847,-73.72963
"launceston-tas-australia-120493","<a href='https://www.dischord.com/fugazi_live_series/launceston-tas-australia-120493' target='_blank'>launceston-tas-australia-120493</a>",1993,"1993 Japan/Australia/New Zealand Tour",1993-12-04,"Windmill Hill War Memorial","Launceston","Australia","Mouth",180,"Very Good",-41.4352504,147.145816
"lawrence-ks-usa-53191","<a href='https://www.dischord.com/fugazi_live_series/lawrence-ks-usa-53191' target='_blank'>lawrence-ks-usa-53191</a>",1991,"1991 Spring USA Tour",1991-05-31,"University of Kansas Ballroom","Lawrence","USA","Germbox",1000,"Good",38.959214,-95.24348
"lawrence-ks-usa-53191","<a href='https://www.dischord.com/fugazi_live_series/lawrence-ks-usa-53191' target='_blank'>lawrence-ks-usa-53191</a>",1991,"1991 Spring USA Tour",1991-05-31,"University of Kansas Ballroom","Lawrence","USA","Ultraman",1000,"Good",38.959214,-95.24348
"lawrence-ks-usa-60489","<a href='https://www.dischord.com/fugazi_live_series/lawrence-ks-usa-60489' target='_blank'>lawrence-ks-usa-60489</a>",1989,"1989 Spring USA Tour",1989-06-04,"Outhouse","Lawrence","USA","Sin City Disciples",350,NA,38.9562235,-95.163101
"lawrence-ks-usa-60489","<a href='https://www.dischord.com/fugazi_live_series/lawrence-ks-usa-60489' target='_blank'>lawrence-ks-usa-60489</a>",1989,"1989 Spring USA Tour",1989-06-04,"Outhouse","Lawrence","USA","Three Legged Dog",350,NA,38.9562235,-95.163101
"lawrence-ks-usa-60489","<a href='https://www.dischord.com/fugazi_live_series/lawrence-ks-usa-60489' target='_blank'>lawrence-ks-usa-60489</a>",1989,"1989 Spring USA Tour",1989-06-04,"Outhouse","Lawrence","USA","Ultraman",350,NA,38.9562235,-95.163101
"lawrence-ks-usa-61190","<a href='https://www.dischord.com/fugazi_live_series/lawrence-ks-usa-61190' target='_blank'>lawrence-ks-usa-61190</a>",1990,"1990 Spring/Summer USA Tour",1990-06-11,"Outhouse","Lawrence","USA","Joe Worker",700,"Good",38.9562235,-95.163101
"lawrence-ks-usa-61190","<a href='https://www.dischord.com/fugazi_live_series/lawrence-ks-usa-61190' target='_blank'>lawrence-ks-usa-61190</a>",1990,"1990 Spring/Summer USA Tour",1990-06-11,"Outhouse","Lawrence","USA","Sin City Disciples",700,"Good",38.9562235,-95.163101
"leeds-england-103102","<a href='https://www.dischord.com/fugazi_live_series/leeds-england-103102' target='_blank'>leeds-england-103102</a>",2002,"2002 Fall UK/Ireland Tour",2002-10-31,"Metropolitan University","Leeds","England","The Unit Ama",1619,"Excellent",53.8039545,-1.54796
"leeds-england-112089","<a href='https://www.dischord.com/fugazi_live_series/leeds-england-112089' target='_blank'>leeds-england-112089</a>",1989,"1989 Fall European Tour",1989-11-20,"Leeds Polytechnic","Leeds","England","Chumbawamba",1000,"Good",53.8039545,-1.54796
"leeds-england-112089","<a href='https://www.dischord.com/fugazi_live_series/leeds-england-112089' target='_blank'>leeds-england-112089</a>",1989,"1989 Fall European Tour",1989-11-20,"Leeds Polytechnic","Leeds","England","Thatcher on Acid",1000,"Good",53.8039545,-1.54796
"leeds-england-113088","<a href='https://www.dischord.com/fugazi_live_series/leeds-england-113088' target='_blank'>leeds-england-113088</a>",1988,"1988 Fall European Tour",1988-11-30,"Duchess of York","Leeds","England","Joyce McKinney Experience",199,"Very Good",53.7985279,-1.540123
"leeds-england-113088","<a href='https://www.dischord.com/fugazi_live_series/leeds-england-113088' target='_blank'>leeds-england-113088</a>",1988,"1988 Fall European Tour",1988-11-30,"Duchess of York","Leeds","England","Karma Sutra",199,"Very Good",53.7985279,-1.540123
"leeds-england-42999","<a href='https://www.dischord.com/fugazi_live_series/leeds-england-42999' target='_blank'>leeds-england-42999</a>",1999,"1999 Spring UK/Ireland Tour",1999-04-29,"Metro University","Leeds","England","Hood",950,"Good",53.8039545,-1.54796
"leeds-england-42999","<a href='https://www.dischord.com/fugazi_live_series/leeds-england-42999' target='_blank'>leeds-england-42999</a>",1999,"1999 Spring UK/Ireland Tour",1999-04-29,"Metro University","Leeds","England","Pylon",950,"Good",53.8039545,-1.54796
"leeds-england-51595","<a href='https://www.dischord.com/fugazi_live_series/leeds-england-51595' target='_blank'>leeds-england-51595</a>",1995,"1995 Spring/Summer European Tour",1995-05-15,"Metropolitan University","Leeds","England","Half Nelson",1000,"Very Good",53.8039545,-1.54796
"leeds-england-51595","<a href='https://www.dischord.com/fugazi_live_series/leeds-england-51595' target='_blank'>leeds-england-51595</a>",1995,"1995 Spring/Summer European Tour",1995-05-15,"Metropolitan University","Leeds","England","Slant 6",1000,"Very Good",53.8039545,-1.54796
"leeds-england-91290","<a href='https://www.dischord.com/fugazi_live_series/leeds-england-91290' target='_blank'>leeds-england-91290</a>",1990,"1990 Fall European Tour",1990-09-12,"Irish Centre","Leeds","England","Nerverack",700,"Good",53.7972789,-1.515735
"leeds-england-91290","<a href='https://www.dischord.com/fugazi_live_series/leeds-england-91290' target='_blank'>leeds-england-91290</a>",1990,"1990 Fall European Tour",1990-09-12,"Irish Centre","Leeds","England","Slum Turkeys",700,"Good",53.7972789,-1.515735
"leipzig-germany-92299","<a href='https://www.dischord.com/fugazi_live_series/leipzig-germany-92299' target='_blank'>leipzig-germany-92299</a>",1999,"1999 Fall European Tour",1999-09-22,"Conne Island","Leipzig","Germany","Bollo",921,"Good",51.3022439,12.374446
"leipzig-germany-92299","<a href='https://www.dischord.com/fugazi_live_series/leipzig-germany-92299' target='_blank'>leipzig-germany-92299</a>",1999,"1999 Fall European Tour",1999-09-22,"Conne Island","Leipzig","Germany","Something Like Elvis",921,"Good",51.3022439,12.374446
"leonardtown-md-usa-70288","<a href='https://www.dischord.com/fugazi_live_series/leonardtown-md-usa-70288' target='_blank'>leonardtown-md-usa-70288</a>",1988,"1988 Summer/Fall Regional Dates",1988-07-02,"St. Mary's County Fairgrounds Auditorium","Leonardtown","USA","Moss Icon",199,NA,38.2737954,-76.607504
"leonardtown-md-usa-70288","<a href='https://www.dischord.com/fugazi_live_series/leonardtown-md-usa-70288' target='_blank'>leonardtown-md-usa-70288</a>",1988,"1988 Summer/Fall Regional Dates",1988-07-02,"St. Mary's County Fairgrounds Auditorium","Leonardtown","USA","The Hated",199,NA,38.2737954,-76.607504
"leuven-belgium-51895","<a href='https://www.dischord.com/fugazi_live_series/leuven-belgium-51895' target='_blank'>leuven-belgium-51895</a>",1995,"1995 Spring/Summer European Tour",1995-05-18,"Lido","Leuven","Belgium","God Is My Co-Pilot",850,"Good",50.8783879,4.709253
"lexington-ky-usa-60991","<a href='https://www.dischord.com/fugazi_live_series/lexington-ky-usa-60991' target='_blank'>lexington-ky-usa-60991</a>",1991,"1991 Spring USA Tour",1991-06-09,"Wrocklage","Lexington","USA","Loophole",300,"Poor",38.049435,-84.49871
"lexington-ky-usa-60991","<a href='https://www.dischord.com/fugazi_live_series/lexington-ky-usa-60991' target='_blank'>lexington-ky-usa-60991</a>",1991,"1991 Spring USA Tour",1991-06-09,"Wrocklage","Lexington","USA","Stranglemartins",300,"Poor",38.049435,-84.49871
"limerick-ireland-102602","<a href='https://www.dischord.com/fugazi_live_series/limerick-ireland-102602' target='_blank'>limerick-ireland-102602</a>",2002,"2002 Fall UK/Ireland Tour",2002-10-26,"Savoy","Limerick","Ireland","Calzino Fiasco",1619,"Good",52.6631293,-8.62919
"lincoln-ne-usa-101895","<a href='https://www.dischord.com/fugazi_live_series/lincoln-ne-usa-101895' target='_blank'>lincoln-ne-usa-101895</a>",1995,"1995 Fall USA/Canada Tour",1995-10-18,"State Fairgrounds Agricultural Hall","Lincoln","USA","Eamon",1300,"Very Good",40.8542709,-96.602088
"lincoln-ne-usa-101895","<a href='https://www.dischord.com/fugazi_live_series/lincoln-ne-usa-101895' target='_blank'>lincoln-ne-usa-101895</a>",1995,"1995 Fall USA/Canada Tour",1995-10-18,"State Fairgrounds Agricultural Hall","Lincoln","USA","Lungfish",1300,"Very Good",40.8542709,-96.602088
"lincoln-ne-usa-41701","<a href='https://www.dischord.com/fugazi_live_series/lincoln-ne-usa-41701' target='_blank'>lincoln-ne-usa-41701</a>",2001,"2001 Spring Western USA Tour",2001-04-17,"Centennial Hall","Lincoln","USA","Her Fly Away Manner",1000,"Very Good",40.8169285,-96.70113
"lincoln-ne-usa-91491","<a href='https://www.dischord.com/fugazi_live_series/lincoln-ne-usa-91491' target='_blank'>lincoln-ne-usa-91491</a>",1991,"1991 Summer/Fall USA/Canada Tour",1991-09-14,"University of Nebraska Centennial Hall","Lincoln","USA","Ritual Device",1000,"Very Good",40.8169285,-96.70113
"lincoln-ne-usa-91491","<a href='https://www.dischord.com/fugazi_live_series/lincoln-ne-usa-91491' target='_blank'>lincoln-ne-usa-91491</a>",1991,"1991 Summer/Fall USA/Canada Tour",1991-09-14,"University of Nebraska Centennial Hall","Lincoln","USA","Sideshow",1000,"Very Good",40.8169285,-96.70113
"lincoln-ne-usa-91491","<a href='https://www.dischord.com/fugazi_live_series/lincoln-ne-usa-91491' target='_blank'>lincoln-ne-usa-91491</a>",1991,"1991 Summer/Fall USA/Canada Tour",1991-09-14,"University of Nebraska Centennial Hall","Lincoln","USA","Vertigo",1000,"Very Good",40.8169285,-96.70113
"lindenhurst-ny-usa-92195","<a href='https://www.dischord.com/fugazi_live_series/lindenhurst-ny-usa-92195' target='_blank'>lindenhurst-ny-usa-92195</a>",1995,"1995 Fall USA/Canada Tour",1995-09-21,"PWAC","Lindenhurst","USA","Suck Pretty",900,"Very Good",40.716804,-73.40138
"linkoping-sweden-100290","<a href='https://www.dischord.com/fugazi_live_series/linkoping-sweden-100290' target='_blank'>linkoping-sweden-100290</a>",1990,"1990 Fall European Tour",1990-10-02,"Rock Lamour","Linkoping","Sweden","Fisheye",110,"Very Good",58.4180661,15.625266
"linz-austria-111088","<a href='https://www.dischord.com/fugazi_live_series/linz-austria-111088' target='_blank'>linz-austria-111088</a>",1988,"1988 Fall European Tour",1988-11-10,"Kapu","Linz","Austria","Target of Demand",199,"Good",48.3007566,14.28212
"lisbon-portugal-53195","<a href='https://www.dischord.com/fugazi_live_series/lisbon-portugal-53195' target='_blank'>lisbon-portugal-53195</a>",1995,"1995 Spring/Summer European Tour",1995-05-31,"Gartejo","Lisbon","Portugal",NA,1280,"Very Good",38.7042177,-9.175597
"lismore-australia-112693","<a href='https://www.dischord.com/fugazi_live_series/lismore-australia-112693' target='_blank'>lismore-australia-112693</a>",1993,"1993 Japan/Australia/New Zealand Tour",1993-11-26,"Italo Club","Lismore","Australia","Headlifter",450,"Very Good",-28.8042002,153.270912
"lismore-australia-112693","<a href='https://www.dischord.com/fugazi_live_series/lismore-australia-112693' target='_blank'>lismore-australia-112693</a>",1993,"1993 Japan/Australia/New Zealand Tour",1993-11-26,"Italo Club","Lismore","Australia","Spiderbait",450,"Very Good",-28.8042002,153.270912
"lismore-australia-62397","<a href='https://www.dischord.com/fugazi_live_series/lismore-australia-62397' target='_blank'>lismore-australia-62397</a>",1997,"1997 Summer Australia/New Zealand Tour",1997-06-23,"Lismore Uni","Lismore","Australia",NA,968,"Good",-28.8195944,153.299567
"little-rock-ar-usa-40202","<a href='https://www.dischord.com/fugazi_live_series/little-rock-ar-usa-40202' target='_blank'>little-rock-ar-usa-40202</a>",2002,"2002 Spring Southern USA/Texas Tour",2002-04-02,"Rivermarket Pavillion","Little Rock","USA","Pomo-Christie",1350,"Very Good",34.7476883,-92.266155
"little-rock-ar-usa-50390","<a href='https://www.dischord.com/fugazi_live_series/little-rock-ar-usa-50390' target='_blank'>little-rock-ar-usa-50390</a>",1990,"1990 Spring/Summer USA Tour",1990-05-03,"Mandrake's","Little Rock","USA","Trusty",220,"Very Good",34.7433652,-92.282135
"little-rock-ar-usa-52391","<a href='https://www.dischord.com/fugazi_live_series/little-rock-ar-usa-52391' target='_blank'>little-rock-ar-usa-52391</a>",1991,"1991 Spring USA Tour",1991-05-23,"Vino's","Little Rock","USA","Trusty",283,"Poor",34.7433652,-92.282135
"liverpool-england-112589","<a href='https://www.dischord.com/fugazi_live_series/liverpool-england-112589' target='_blank'>liverpool-england-112589</a>",1989,"1989 Fall European Tour",1989-11-25,"Bluecoat Chamber","Liverpool","England","Can't Decide",500,"Good",53.4041658,-2.98386
"liverpool-england-112589","<a href='https://www.dischord.com/fugazi_live_series/liverpool-england-112589' target='_blank'>liverpool-england-112589</a>",1989,"1989 Fall European Tour",1989-11-25,"Bluecoat Chamber","Liverpool","England","Visions of Change",500,"Good",53.4041658,-2.98386
"liverpool-england-112688","<a href='https://www.dischord.com/fugazi_live_series/liverpool-england-112688' target='_blank'>liverpool-england-112688</a>",1988,"1988 Fall European Tour",1988-11-26,"Planet X","Liverpool","England","Heresy",199,"Good",53.4070167,-2.987817
"liverpool-england-112688","<a href='https://www.dischord.com/fugazi_live_series/liverpool-england-112688' target='_blank'>liverpool-england-112688</a>",1988,"1988 Fall European Tour",1988-11-26,"Planet X","Liverpool","England","Joyce McKinney Experience",199,"Good",53.4070167,-2.987817
"liverpool-england-112688","<a href='https://www.dischord.com/fugazi_live_series/liverpool-england-112688' target='_blank'>liverpool-england-112688</a>",1988,"1988 Fall European Tour",1988-11-26,"Planet X","Liverpool","England","Rose Rose",199,"Good",53.4070167,-2.987817
"liverpool-england-91190","<a href='https://www.dischord.com/fugazi_live_series/liverpool-england-91190' target='_blank'>liverpool-england-91190</a>",1990,"1990 Fall European Tour",1990-09-11,"Liverpool Polytechnic Canteen","Liverpool","England","Drive",380,"Good",53.4065417,-2.975178
"liverpool-england-91190","<a href='https://www.dischord.com/fugazi_live_series/liverpool-england-91190' target='_blank'>liverpool-england-91190</a>",1990,"1990 Fall European Tour",1990-09-11,"Liverpool Polytechnic Canteen","Liverpool","England","HDQ",380,"Good",53.4065417,-2.975178
"ljubljana-slovenia-61092","<a href='https://www.dischord.com/fugazi_live_series/ljubljana-slovenia-61092' target='_blank'>ljubljana-slovenia-61092</a>",1992,"1992 Spring European Tour",1992-06-10,"University Student Bar","Ljubljana","Slovenia","Junkfish",1300,"Good",46.0588535,14.501996
"ljubljana-slovenia-62395","<a href='https://www.dischord.com/fugazi_live_series/ljubljana-slovenia-62395' target='_blank'>ljubljana-slovenia-62395</a>",1995,"1995 Spring/Summer European Tour",1995-06-23,"Sports Hall","Ljubljana","Slovenia",NA,900,"Good",46.0503433,14.532997
"ljubljana-slovenia-92899","<a href='https://www.dischord.com/fugazi_live_series/ljubljana-slovenia-92899' target='_blank'>ljubljana-slovenia-92899</a>",1999,"1999 Fall European Tour",1999-09-28,"Metelkova","Ljubljana","Slovenia","Štirje Pravi Dedci",500,"Good",46.0572838,14.516603
"ljubljana-yugoslavia-102190","<a href='https://www.dischord.com/fugazi_live_series/ljubljana-yugoslavia-102190' target='_blank'>ljubljana-yugoslavia-102190</a>",1990,"1990 Fall European Tour",1990-10-21,"University Student Center","Ljubljana","Yugoslavia","It s Not For Sale",800,"Very Good",46.0588535,14.501996
"ljubljana-yugoslavia-111288","<a href='https://www.dischord.com/fugazi_live_series/ljubljana-yugoslavia-111288' target='_blank'>ljubljana-yugoslavia-111288</a>",1988,"1988 Fall European Tour",1988-11-12,"Menza N","Ljubljana","Yugoslavia",NA,199,NA,46.0564138,14.517249
"london-england-110202","<a href='https://www.dischord.com/fugazi_live_series/london-england-110202' target='_blank'>london-england-110202</a>",2002,"2002 Fall UK/Ireland Tour",2002-11-02,"Forum","London","England","Quickspace",1619,"Good",51.5521681,-0.142131
"london-england-110302","<a href='https://www.dischord.com/fugazi_live_series/london-england-110302' target='_blank'>london-england-110302</a>",2002,"2002 Fall UK/Ireland Tour",2002-11-03,"Forum","London","England","Erase Errata",1619,"Very Good",51.5521681,-0.142131
"london-england-110302","<a href='https://www.dischord.com/fugazi_live_series/london-england-110302' target='_blank'>london-england-110302</a>",2002,"2002 Fall UK/Ireland Tour",2002-11-03,"Forum","London","England","Q and Not U",1619,"Very Good",51.5521681,-0.142131
"london-england-110402","<a href='https://www.dischord.com/fugazi_live_series/london-england-110402' target='_blank'>london-england-110402</a>",2002,"2002 Fall UK/Ireland Tour",2002-11-04,"Forum","London","England","Buff Medways",1619,"Very Good",51.5521681,-0.142131
"london-england-110402","<a href='https://www.dischord.com/fugazi_live_series/london-england-110402' target='_blank'>london-england-110402</a>",2002,"2002 Fall UK/Ireland Tour",2002-11-04,"Forum","London","England","Winnebago Deal",1619,"Very Good",51.5521681,-0.142131
"london-england-112488","<a href='https://www.dischord.com/fugazi_live_series/london-england-112488' target='_blank'>london-england-112488</a>",1988,"1988 Fall European Tour",1988-11-24,"Sir George Robey","London","England","Exit Condition",199,"Poor",51.5631429,-0.107263
"london-england-112488","<a href='https://www.dischord.com/fugazi_live_series/london-england-112488' target='_blank'>london-england-112488</a>",1988,"1988 Fall European Tour",1988-11-24,"Sir George Robey","London","England","Playground",199,"Poor",51.5631429,-0.107263
"london-england-112488","<a href='https://www.dischord.com/fugazi_live_series/london-england-112488' target='_blank'>london-england-112488</a>",1988,"1988 Fall European Tour",1988-11-24,"Sir George Robey","London","England","Sink",199,"Poor",51.5631429,-0.107263
"london-england-112989","<a href='https://www.dischord.com/fugazi_live_series/london-england-112989' target='_blank'>london-england-112989</a>",1989,"1989 Fall European Tour",1989-11-29,"Boston Arms","London","England","Joyce McKinney Exp.",1100,"Very Good",51.5570758,-0.138463
"london-england-112989","<a href='https://www.dischord.com/fugazi_live_series/london-england-112989' target='_blank'>london-england-112989</a>",1989,"1989 Fall European Tour",1989-11-29,"Boston Arms","London","England","Senseless Things",1100,"Very Good",51.5570758,-0.138463
"london-england-120588","<a href='https://www.dischord.com/fugazi_live_series/london-england-120588' target='_blank'>london-england-120588</a>",1988,"1988 Fall European Tour",1988-12-05,"Boston Arms","London","England","Beatnigs",199,"Good",51.5570758,-0.138463
"london-england-120588","<a href='https://www.dischord.com/fugazi_live_series/london-england-120588' target='_blank'>london-england-120588</a>",1988,"1988 Fall European Tour",1988-12-05,"Boston Arms","London","England","God",199,"Good",51.5570758,-0.138463
"london-england-50992","<a href='https://www.dischord.com/fugazi_live_series/london-england-50992' target='_blank'>london-england-50992</a>",1992,"1992 Spring European Tour",1992-05-09,"Brixton Academy","London","England","Jesus Lizard",4000,"Excellent",51.4656331,-0.114945
"london-england-50992","<a href='https://www.dischord.com/fugazi_live_series/london-england-50992' target='_blank'>london-england-50992</a>",1992,"1992 Spring European Tour",1992-05-09,"Brixton Academy","London","England","Leatherface",4000,"Excellent",51.4656331,-0.114945
"london-england-50992","<a href='https://www.dischord.com/fugazi_live_series/london-england-50992' target='_blank'>london-england-50992</a>",1992,"1992 Spring European Tour",1992-05-09,"Brixton Academy","London","England","Shudder to Think",4000,"Excellent",51.4656331,-0.114945
"london-england-51395","<a href='https://www.dischord.com/fugazi_live_series/london-england-51395' target='_blank'>london-england-51395</a>",1995,"1995 Spring/Summer European Tour",1995-05-13,"Brixton Academy","London","England","Prophets Of Da City",3500,"Very Good",51.4656331,-0.114945
"london-england-51599","<a href='https://www.dischord.com/fugazi_live_series/london-england-51599' target='_blank'>london-england-51599</a>",1999,"1999 Spring UK/Ireland Tour",1999-05-15,"Rex","London","England","Marine Research",3100,"Good",51.5420297,0.002536
"london-england-51599","<a href='https://www.dischord.com/fugazi_live_series/london-england-51599' target='_blank'>london-england-51599</a>",1999,"1999 Spring UK/Ireland Tour",1999-05-15,"Rex","London","England","Shellac",3100,"Good",51.5420297,0.002536
"london-england-91990","<a href='https://www.dischord.com/fugazi_live_series/london-england-91990' target='_blank'>london-england-91990</a>",1990,"1990 Fall European Tour",1990-09-19,"Kilburn National","London","England","Didgets",2500,"Very Good",51.5425942,-0.19829
"london-england-91990","<a href='https://www.dischord.com/fugazi_live_series/london-england-91990' target='_blank'>london-england-91990</a>",1990,"1990 Fall European Tour",1990-09-19,"Kilburn National","London","England","Silverfish",2500,"Very Good",51.5425942,-0.19829
"londrina-brazil-81397","<a href='https://www.dischord.com/fugazi_live_series/londrina-brazil-81397' target='_blank'>londrina-brazil-81397</a>",1997,"1997 Summer Brazil/S. America Tour",1997-08-13,"Kawale","Londrina","Brazil","Core",700,NA,-23.3018891,-51.1787
"londrina-brazil-81397","<a href='https://www.dischord.com/fugazi_live_series/londrina-brazil-81397' target='_blank'>londrina-brazil-81397</a>",1997,"1997 Summer Brazil/S. America Tour",1997-08-13,"Kawale","Londrina","Brazil","Magic Balloon",700,NA,-23.3018891,-51.1787
"long-beach-ca-usa-52188","<a href='https://www.dischord.com/fugazi_live_series/long-beach-ca-usa-52188' target='_blank'>long-beach-ca-usa-52188</a>",1988,"1988 Spring USA Tour",1988-05-21,"Zed Records","Long Beach","USA",NA,20,"Poor",33.7924277,-118.141994
"lorton-va-usa-122690","<a href='https://www.dischord.com/fugazi_live_series/lorton-va-usa-122690' target='_blank'>lorton-va-usa-122690</a>",1990,"1990 Fall/Winter Regional Dates",1990-12-26,"Lorton Correctional Facility","Lorton","USA",NA,100,"Very Good",38.6977776,-77.254567
"los-angeles-ca-usa-110895","<a href='https://www.dischord.com/fugazi_live_series/los-angeles-ca-usa-110895' target='_blank'>los-angeles-ca-usa-110895</a>",1995,"1995 Fall USA/Canada Tour",1995-11-08,"Shrine Auditorium","Los Angeles","USA","Dub Narcotic",2200,"Good",34.0239858,-118.281271
"los-angeles-ca-usa-110895","<a href='https://www.dischord.com/fugazi_live_series/los-angeles-ca-usa-110895' target='_blank'>los-angeles-ca-usa-110895</a>",1995,"1995 Fall USA/Canada Tour",1995-11-08,"Shrine Auditorium","Los Angeles","USA","The Warmers",2200,"Good",34.0239858,-118.281271
"los-angeles-ca-usa-110995","<a href='https://www.dischord.com/fugazi_live_series/los-angeles-ca-usa-110995' target='_blank'>los-angeles-ca-usa-110995</a>",1995,"1995 Fall USA/Canada Tour",1995-11-09,"Shrine Auditorium","Los Angeles","USA","Blonde Redhead",3400,"Very Good",34.0239858,-118.281271
"los-angeles-ca-usa-110995","<a href='https://www.dischord.com/fugazi_live_series/los-angeles-ca-usa-110995' target='_blank'>los-angeles-ca-usa-110995</a>",1995,"1995 Fall USA/Canada Tour",1995-11-09,"Shrine Auditorium","Los Angeles","USA","Unwound",3400,"Very Good",34.0239858,-118.281271
"los-angeles-ca-usa-12492","<a href='https://www.dischord.com/fugazi_live_series/los-angeles-ca-usa-12492' target='_blank'>los-angeles-ca-usa-12492</a>",1992,"1992 Winter/Spring Regional Dates",1992-01-24,"Hollywood Palladium","Los Angeles","USA","L7",4000,"Good",34.098496,-118.324278
"los-angeles-ca-usa-12492","<a href='https://www.dischord.com/fugazi_live_series/los-angeles-ca-usa-12492' target='_blank'>los-angeles-ca-usa-12492</a>",1992,"1992 Winter/Spring Regional Dates",1992-01-24,"Hollywood Palladium","Los Angeles","USA","Lunachicks",4000,"Good",34.098496,-118.324278
"los-angeles-ca-usa-12492","<a href='https://www.dischord.com/fugazi_live_series/los-angeles-ca-usa-12492' target='_blank'>los-angeles-ca-usa-12492</a>",1992,"1992 Winter/Spring Regional Dates",1992-01-24,"Hollywood Palladium","Los Angeles","USA","Pearl Jam",4000,"Good",34.098496,-118.324278
"los-angeles-ca-usa-12492","<a href='https://www.dischord.com/fugazi_live_series/los-angeles-ca-usa-12492' target='_blank'>los-angeles-ca-usa-12492</a>",1992,"1992 Winter/Spring Regional Dates",1992-01-24,"Hollywood Palladium","Los Angeles","USA","Torture Chorus",4000,"Good",34.098496,-118.324278
"los-angeles-ca-usa-12592","<a href='https://www.dischord.com/fugazi_live_series/los-angeles-ca-usa-12592' target='_blank'>los-angeles-ca-usa-12592</a>",1992,"1992 Winter/Spring Regional Dates",1992-01-25,"Hollywood Palladium","Los Angeles","USA","Lunachicks",4000,"Good",34.098496,-118.324278
"los-angeles-ca-usa-12592","<a href='https://www.dischord.com/fugazi_live_series/los-angeles-ca-usa-12592' target='_blank'>los-angeles-ca-usa-12592</a>",1992,"1992 Winter/Spring Regional Dates",1992-01-25,"Hollywood Palladium","Los Angeles","USA","Wool",4000,"Good",34.098496,-118.324278
"los-angeles-ca-usa-30999","<a href='https://www.dischord.com/fugazi_live_series/los-angeles-ca-usa-30999' target='_blank'>los-angeles-ca-usa-30999</a>",1999,"1999 West Coast USA Tour",1999-03-09,"Palace","Los Angeles","USA","Distortion Felix",1136,"Excellent",34.0457263,-118.25235
"los-angeles-ca-usa-30999","<a href='https://www.dischord.com/fugazi_live_series/los-angeles-ca-usa-30999' target='_blank'>los-angeles-ca-usa-30999</a>",1999,"1999 West Coast USA Tour",1999-03-09,"Palace","Los Angeles","USA","Godzik Pink",1136,"Excellent",34.0457263,-118.25235
"los-angeles-ca-usa-31099","<a href='https://www.dischord.com/fugazi_live_series/los-angeles-ca-usa-31099' target='_blank'>los-angeles-ca-usa-31099</a>",1999,"1999 West Coast USA Tour",1999-03-10,"Palace","Los Angeles","USA","Destroy All Nels Cline",1136,"Excellent",34.0457263,-118.25235
"los-angeles-ca-usa-31099","<a href='https://www.dischord.com/fugazi_live_series/los-angeles-ca-usa-31099' target='_blank'>los-angeles-ca-usa-31099</a>",1999,"1999 West Coast USA Tour",1999-03-10,"Palace","Los Angeles","USA","Goatsnake",1136,"Excellent",34.0457263,-118.25235
"los-angeles-ca-usa-42393","<a href='https://www.dischord.com/fugazi_live_series/los-angeles-ca-usa-42393' target='_blank'>los-angeles-ca-usa-42393</a>",1993,"1993 Spring USA Tour",1993-04-23,"Hollywood Palladium","Los Angeles","USA","Fluf",3300,"Good",34.098496,-118.324278
"los-angeles-ca-usa-42393","<a href='https://www.dischord.com/fugazi_live_series/los-angeles-ca-usa-42393' target='_blank'>los-angeles-ca-usa-42393</a>",1993,"1993 Spring USA Tour",1993-04-23,"Hollywood Palladium","Los Angeles","USA","Truman's Water",3300,"Good",34.098496,-118.324278
"los-angeles-ca-usa-42493","<a href='https://www.dischord.com/fugazi_live_series/los-angeles-ca-usa-42493' target='_blank'>los-angeles-ca-usa-42493</a>",1993,"1993 Spring USA Tour",1993-04-24,"Hollywood Palladium","Los Angeles","USA","Dead Fucking Last",3700,"Very Good",34.098496,-118.324278
"los-angeles-ca-usa-42493","<a href='https://www.dischord.com/fugazi_live_series/los-angeles-ca-usa-42493' target='_blank'>los-angeles-ca-usa-42493</a>",1993,"1993 Spring USA Tour",1993-04-24,"Hollywood Palladium","Los Angeles","USA","Slug",3700,"Very Good",34.098496,-118.324278
"los-angeles-ca-usa-42493","<a href='https://www.dischord.com/fugazi_live_series/los-angeles-ca-usa-42493' target='_blank'>los-angeles-ca-usa-42493</a>",1993,"1993 Spring USA Tour",1993-04-24,"Hollywood Palladium","Los Angeles","USA","Wool",3700,"Very Good",34.098496,-118.324278
"los-angeles-ca-usa-42593","<a href='https://www.dischord.com/fugazi_live_series/los-angeles-ca-usa-42593' target='_blank'>los-angeles-ca-usa-42593</a>",1993,"1993 Spring USA Tour",1993-04-25,"Hollywood Palladium","Los Angeles","USA","Sandy Duncan’s Eye",3900,"Very Good",34.098496,-118.324278
"los-angeles-ca-usa-42593","<a href='https://www.dischord.com/fugazi_live_series/los-angeles-ca-usa-42593' target='_blank'>los-angeles-ca-usa-42593</a>",1993,"1993 Spring USA Tour",1993-04-25,"Hollywood Palladium","Los Angeles","USA","Trashcan School",3900,"Very Good",34.098496,-118.324278
"los-angeles-ca-usa-51889","<a href='https://www.dischord.com/fugazi_live_series/los-angeles-ca-usa-51889' target='_blank'>los-angeles-ca-usa-51889</a>",1989,"1989 Spring USA Tour",1989-05-18,"Anti-Club","Los Angeles","USA","Pitchfork",375,"Good",34.0832538,-118.30214
"los-angeles-ca-usa-51889","<a href='https://www.dischord.com/fugazi_live_series/los-angeles-ca-usa-51889' target='_blank'>los-angeles-ca-usa-51889</a>",1989,"1989 Spring USA Tour",1989-05-18,"Anti-Club","Los Angeles","USA","Reason to Believe",375,"Good",34.0832538,-118.30214
"los-angeles-ca-usa-90891","<a href='https://www.dischord.com/fugazi_live_series/los-angeles-ca-usa-90891' target='_blank'>los-angeles-ca-usa-90891</a>",1991,"1991 Summer/Fall USA/Canada Tour",1991-09-08,"Hollywood Palladium","Los Angeles","USA","411",3800,"Good",34.098496,-118.324278
"los-angeles-ca-usa-90891","<a href='https://www.dischord.com/fugazi_live_series/los-angeles-ca-usa-90891' target='_blank'>los-angeles-ca-usa-90891</a>",1991,"1991 Summer/Fall USA/Canada Tour",1991-09-08,"Hollywood Palladium","Los Angeles","USA","The Offspring",3800,"Good",34.098496,-118.324278
"los-angeles-ca-usa-palace-3899","<a href='https://www.dischord.com/fugazi_live_series/los-angeles-ca-usa-palace-3899' target='_blank'>los-angeles-ca-usa-palace-3899</a>",1999,"1999 West Coast USA Tour",1999-03-08,"Palace","Los Angeles","USA","Bluebird",1136,"Excellent",34.0457263,-118.25235
"los-angeles-ca-usa-palace-3899","<a href='https://www.dischord.com/fugazi_live_series/los-angeles-ca-usa-palace-3899' target='_blank'>los-angeles-ca-usa-palace-3899</a>",1999,"1999 West Coast USA Tour",1999-03-08,"Palace","Los Angeles","USA","Paper Lantern",1136,"Excellent",34.0457263,-118.25235
"louisville-ky-usa-100795","<a href='https://www.dischord.com/fugazi_live_series/louisville-ky-usa-100795' target='_blank'>louisville-ky-usa-100795</a>",1995,"1995 Fall USA/Canada Tour",1995-10-07,"Brewery","Louisville","USA","Branch Manager",1300,"Excellent",38.2482797,-85.730726
"louisville-ky-usa-100795","<a href='https://www.dischord.com/fugazi_live_series/louisville-ky-usa-100795' target='_blank'>louisville-ky-usa-100795</a>",1995,"1995 Fall USA/Canada Tour",1995-10-07,"Brewery","Louisville","USA","Make Up",1300,"Excellent",38.2482797,-85.730726
"louisville-ky-usa-112798","<a href='https://www.dischord.com/fugazi_live_series/louisville-ky-usa-112798' target='_blank'>louisville-ky-usa-112798</a>",1998,"1998 Fall Mid-West USA Tour",1998-11-27,"Highland Hall","Louisville","USA","Elliot",1100,"Good",38.2161822,-85.674857
"louisville-ky-usa-112798","<a href='https://www.dischord.com/fugazi_live_series/louisville-ky-usa-112798' target='_blank'>louisville-ky-usa-112798</a>",1998,"1998 Fall Mid-West USA Tour",1998-11-27,"Highland Hall","Louisville","USA","June of 44",1100,"Good",38.2161822,-85.674857
"louisville-ky-usa-40402","<a href='https://www.dischord.com/fugazi_live_series/louisville-ky-usa-40402' target='_blank'>louisville-ky-usa-40402</a>",2002,"2002 Spring Southern USA/Texas Tour",2002-04-04,"Spectrum Cultural Center","Louisville","USA","Rachels",1350,"Very Good",38.2407479,-85.752282
"louisville-ky-usa-40402","<a href='https://www.dischord.com/fugazi_live_series/louisville-ky-usa-40402' target='_blank'>louisville-ky-usa-40402</a>",2002,"2002 Spring Southern USA/Texas Tour",2002-04-04,"Spectrum Cultural Center","Louisville","USA","Shipping News",1350,"Very Good",38.2407479,-85.752282
"louisville-ky-usa-60891","<a href='https://www.dischord.com/fugazi_live_series/louisville-ky-usa-60891' target='_blank'>louisville-ky-usa-60891</a>",1991,"1991 Spring USA Tour",1991-06-08,"Tewligans","Louisville","USA","Plastic Jesus",350,"Good",38.2394854,-85.72237
"louisville-ky-usa-62690","<a href='https://www.dischord.com/fugazi_live_series/louisville-ky-usa-62690' target='_blank'>louisville-ky-usa-62690</a>",1990,"1990 Spring/Summer USA Tour",1990-06-26,"Kentucky Theater","Louisville","USA","Crain",400,"Good",38.2471708,-85.757787
"lubbock-tx-usa-41893","<a href='https://www.dischord.com/fugazi_live_series/lubbock-tx-usa-41893' target='_blank'>lubbock-tx-usa-41893</a>",1993,"1993 Spring USA Tour",1993-04-18,"19th st. Depot Warehouse","Lubbock","USA","Degenerates",400,"Very Good",33.5781797,-101.844538
"lubeck-germany-102188","<a href='https://www.dischord.com/fugazi_live_series/lubeck-germany-102188' target='_blank'>lubeck-germany-102188</a>",1988,"1988 Fall European Tour",1988-10-21,"Alternative","Lubeck","Germany","Revenge",199,"Good",53.869894,10.67723
"lund-sweden-100800","<a href='https://www.dischord.com/fugazi_live_series/lund-sweden-100800' target='_blank'>lund-sweden-100800</a>",2000,"2000 Fall Northern European Tour",2000-10-08,"Mejeriet","Lund","Sweden","Last Days of April",350,"Very Good",55.696097,13.18852
"lyon-france-103090","<a href='https://www.dischord.com/fugazi_live_series/lyon-france-103090' target='_blank'>lyon-france-103090</a>",1990,"1990 Fall European Tour",1990-10-30,"Salle des Fetes","Lyon","France","G.I. Love",500,"Good",45.7491503,4.72912
"lyon-france-103090","<a href='https://www.dischord.com/fugazi_live_series/lyon-france-103090' target='_blank'>lyon-france-103090</a>",1990,"1990 Fall European Tour",1990-10-30,"Salle des Fetes","Lyon","France","Victim's Family",500,"Good",45.7491503,4.72912
"lyon-france-60895","<a href='https://www.dischord.com/fugazi_live_series/lyon-france-60895' target='_blank'>lyon-france-60895</a>",1995,"1995 Spring/Summer European Tour",1995-06-08,"Espace Jean Bargoin","Lyon","France","Prohibition",800,"Very Good",45.7362792,4.879248
"madison-wi-usa-61990","<a href='https://www.dischord.com/fugazi_live_series/madison-wi-usa-61990' target='_blank'>madison-wi-usa-61990</a>",1990,"1990 Spring/Summer USA Tour",1990-06-19,"Neighborhood House","Madison","USA","Eight Bark",400,"Good",43.0667627,-89.403783
"madison-wi-usa-61990","<a href='https://www.dischord.com/fugazi_live_series/madison-wi-usa-61990' target='_blank'>madison-wi-usa-61990</a>",1990,"1990 Spring/Summer USA Tour",1990-06-19,"Neighborhood House","Madison","USA","Fifteen",400,"Good",43.0667627,-89.403783
"madison-wi-usa-80991","<a href='https://www.dischord.com/fugazi_live_series/madison-wi-usa-80991' target='_blank'>madison-wi-usa-80991</a>",1991,"1991 Summer/Fall USA/Canada Tour",1991-08-09,"Turner Hall","Madison","USA","Naked Agression",850,"Good",43.054469,-89.307686
"madison-wi-usa-80991","<a href='https://www.dischord.com/fugazi_live_series/madison-wi-usa-80991' target='_blank'>madison-wi-usa-80991</a>",1991,"1991 Summer/Fall USA/Canada Tour",1991-08-09,"Turner Hall","Madison","USA","Nation of Ulysses",850,"Good",43.054469,-89.307686
"madison-wi-usa-80991","<a href='https://www.dischord.com/fugazi_live_series/madison-wi-usa-80991' target='_blank'>madison-wi-usa-80991</a>",1991,"1991 Summer/Fall USA/Canada Tour",1991-08-09,"Turner Hall","Madison","USA","Natural Causes",850,"Good",43.054469,-89.307686
"madrid-spain-60292","<a href='https://www.dischord.com/fugazi_live_series/madrid-spain-60292' target='_blank'>madrid-spain-60292</a>",1992,"1992 Spring European Tour",1992-06-02,"Revolver","Madrid","Spain","Ink",350,"Very Good",40.4206923,-3.707417
"madrid-spain-60295","<a href='https://www.dischord.com/fugazi_live_series/madrid-spain-60295' target='_blank'>madrid-spain-60295</a>",1995,"1995 Spring/Summer European Tour",1995-06-02,"Revolver","Madrid","Spain","Childhood",1000,"Very Good",40.4206923,-3.707417
"mainz-germany-101290","<a href='https://www.dischord.com/fugazi_live_series/mainz-germany-101290' target='_blank'>mainz-germany-101290</a>",1990,"1990 Fall European Tour",1990-10-12,"Eltzerhof","Mainz","Germany","Urge",1100,"Very Good",50.0043734,8.267551
"mainz-germany-70195","<a href='https://www.dischord.com/fugazi_live_series/mainz-germany-70195' target='_blank'>mainz-germany-70195</a>",1995,"1995 Spring/Summer European Tour",1995-07-01,"Kuze","Mainz","Germany","Kurolt",600,"Good",49.9947594,8.282149
"manchester-england-103002","<a href='https://www.dischord.com/fugazi_live_series/manchester-england-103002' target='_blank'>manchester-england-103002</a>",2002,"2002 Fall UK/Ireland Tour",2002-10-30,"Manchester University","Manchester","England","Gertrude",1619,"Very Good",53.464375,-2.23216
"manchester-england-112889","<a href='https://www.dischord.com/fugazi_live_series/manchester-england-112889' target='_blank'>manchester-england-112889</a>",1989,"1989 Fall European Tour",1989-11-28,"Boardwalk","Manchester","England","Jailhouse Recipes",400,"Very Good",53.4736904,-2.250476
"manchester-england-50795","<a href='https://www.dischord.com/fugazi_live_series/manchester-england-50795' target='_blank'>manchester-england-50795</a>",1995,"1995 Spring/Summer European Tour",1995-05-07,"Academy","Manchester","England","Fabric",1200,"Good",53.463697,-2.23145
"manchester-england-50795","<a href='https://www.dischord.com/fugazi_live_series/manchester-england-50795' target='_blank'>manchester-england-50795</a>",1995,"1995 Spring/Summer European Tour",1995-05-07,"Academy","Manchester","England","Slant 6",1200,"Good",53.463697,-2.23145
"manchester-england-51299","<a href='https://www.dischord.com/fugazi_live_series/manchester-england-51299' target='_blank'>manchester-england-51299</a>",1999,"1999 Spring UK/Ireland Tour",1999-05-12,"University Student Union","Manchester","England","Gold Blade",936,NA,53.464375,-2.23216
"manchester-england-51299","<a href='https://www.dischord.com/fugazi_live_series/manchester-england-51299' target='_blank'>manchester-england-51299</a>",1999,"1999 Spring UK/Ireland Tour",1999-05-12,"University Student Union","Manchester","England","Spy vs. Spy",936,NA,53.464375,-2.23216
"manchester-england-51492","<a href='https://www.dischord.com/fugazi_live_series/manchester-england-51492' target='_blank'>manchester-england-51492</a>",1992,"1992 Spring European Tour",1992-05-14,"Irish Centre Ardri Hall","Manchester","England","Crane",800,"Very Good",53.4643701,-2.239584
"manchester-england-51492","<a href='https://www.dischord.com/fugazi_live_series/manchester-england-51492' target='_blank'>manchester-england-51492</a>",1992,"1992 Spring European Tour",1992-05-14,"Irish Centre Ardri Hall","Manchester","England","Mexican Pet",800,"Very Good",53.4643701,-2.239584
"manly-australia-111993","<a href='https://www.dischord.com/fugazi_live_series/manly-australia-111993' target='_blank'>manly-australia-111993</a>",1993,"1993 Japan/Australia/New Zealand Tour",1993-11-19,"Manly High School","Manly","Australia","Budd",600,"Good",-33.7625875,151.280612
"manly-australia-111993","<a href='https://www.dischord.com/fugazi_live_series/manly-australia-111993' target='_blank'>manly-australia-111993</a>",1993,"1993 Japan/Australia/New Zealand Tour",1993-11-19,"Manly High School","Manly","Australia","Fur",600,"Good",-33.7625875,151.280612
"manly-australia-111993","<a href='https://www.dischord.com/fugazi_live_series/manly-australia-111993' target='_blank'>manly-australia-111993</a>",1993,"1993 Japan/Australia/New Zealand Tour",1993-11-19,"Manly High School","Manly","Australia","Gumption",600,"Good",-33.7625875,151.280612
"manly-nsw-australia-102691","<a href='https://www.dischord.com/fugazi_live_series/manly-nsw-australia-102691' target='_blank'>manly-nsw-australia-102691</a>",1991,"1991 Australia/New Zealand/Japan Tour",1991-10-26,"Manly Youth Center","Manly","Australia","Def FX",700,"Very Good",-33.7947489,151.28437
"manly-nsw-australia-102691","<a href='https://www.dischord.com/fugazi_live_series/manly-nsw-australia-102691' target='_blank'>manly-nsw-australia-102691</a>",1991,"1991 Australia/New Zealand/Japan Tour",1991-10-26,"Manly Youth Center","Manly","Australia","Hellman",700,"Very Good",-33.7947489,151.28437
"marghera-italy-92999","<a href='https://www.dischord.com/fugazi_live_series/marghera-italy-92999' target='_blank'>marghera-italy-92999</a>",1999,"1999 Fall European Tour",1999-09-29,"Rivolta","Marghera","Italy",NA,1800,NA,45.4703028,12.229879
"marseille-france-100799","<a href='https://www.dischord.com/fugazi_live_series/marseille-france-100799' target='_blank'>marseille-france-100799</a>",1999,"1999 Fall European Tour",1999-10-07,"Theatre Du Moulin","Marseille","France",NA,450,"Very Good",43.3193872,5.407749
"marseille-france-60795","<a href='https://www.dischord.com/fugazi_live_series/marseille-france-60795' target='_blank'>marseille-france-60795</a>",1995,"1995 Spring/Summer European Tour",1995-06-07,"Mirabeau","Marseille","France","Daily Planet",400,NA,43.347276,5.34556
"marseille-france-60795","<a href='https://www.dischord.com/fugazi_live_series/marseille-france-60795' target='_blank'>marseille-france-60795</a>",1995,"1995 Spring/Summer European Tour",1995-06-07,"Mirabeau","Marseille","France","Prohibition",400,NA,43.347276,5.34556
"maui-hi-usa-101796","<a href='https://www.dischord.com/fugazi_live_series/maui-hi-usa-101796' target='_blank'>maui-hi-usa-101796</a>",1996,"1996 US/Japan/Hong Kong/Australia Tour",1996-10-17,"Maui Cultural Center","Maui","USA","Phat For Your Soul",400,"Very Good",20.8937969,-156.480702
"maui-hi-usa-101896","<a href='https://www.dischord.com/fugazi_live_series/maui-hi-usa-101896' target='_blank'>maui-hi-usa-101896</a>",1996,"1996 US/Japan/Hong Kong/Australia Tour",1996-10-18,"Maui Cultural Center","Maui","USA","Phat For Your Soul",400,"Very Good",20.8937969,-156.480702
"mechanicsburg-pa-usa-81993","<a href='https://www.dischord.com/fugazi_live_series/mechanicsburg-pa-usa-81993' target='_blank'>mechanicsburg-pa-usa-81993</a>",1993,"1993 Fall USA/Canada Tour",1993-08-19,"Decibels","Mechanicsburg","USA","Junction",1000,"Very Good",40.2445904,-77.028285
"mechanicsburg-pa-usa-81993","<a href='https://www.dischord.com/fugazi_live_series/mechanicsburg-pa-usa-81993' target='_blank'>mechanicsburg-pa-usa-81993</a>",1993,"1993 Fall USA/Canada Tour",1993-08-19,"Decibels","Mechanicsburg","USA","Pagan Virtue",1000,"Very Good",40.2445904,-77.028285
"melbourne-australia-61797","<a href='https://www.dischord.com/fugazi_live_series/melbourne-australia-61797' target='_blank'>melbourne-australia-61797</a>",1997,"1997 Summer Australia/New Zealand Tour",1997-06-17,"Lava Lounge","Melbourne","Australia",NA,968,"Very Good",-38.030862,145.34572
"melbourne-australia-61897","<a href='https://www.dischord.com/fugazi_live_series/melbourne-australia-61897' target='_blank'>melbourne-australia-61897</a>",1997,"1997 Summer Australia/New Zealand Tour",1997-06-18,"Lava Lounge","Melbourne","Australia",NA,968,"Excellent",-38.030862,145.34572
"melbourne-vic-australia-101891","<a href='https://www.dischord.com/fugazi_live_series/melbourne-vic-australia-101891' target='_blank'>melbourne-vic-australia-101891</a>",1991,"1991 Australia/New Zealand/Japan Tour",1991-10-18,"Melbourne Uni","Melbourne","Australia","Evan Dando",1150,"Very Good",-37.7968615,144.960841
"melbourne-vic-australia-101891","<a href='https://www.dischord.com/fugazi_live_series/melbourne-vic-australia-101891' target='_blank'>melbourne-vic-australia-101891</a>",1991,"1991 Australia/New Zealand/Japan Tour",1991-10-18,"Melbourne Uni","Melbourne","Australia","Kim Salmon",1150,"Very Good",-37.7968615,144.960841
"melbourne-vic-australia-101891","<a href='https://www.dischord.com/fugazi_live_series/melbourne-vic-australia-101891' target='_blank'>melbourne-vic-australia-101891</a>",1991,"1991 Australia/New Zealand/Japan Tour",1991-10-18,"Melbourne Uni","Melbourne","Australia","Spiderbait",1150,"Very Good",-37.7968615,144.960841
"melbourne-vic-australia-102091","<a href='https://www.dischord.com/fugazi_live_series/melbourne-vic-australia-102091' target='_blank'>melbourne-vic-australia-102091</a>",1991,"1991 Australia/New Zealand/Japan Tour",1991-10-20,"Melbourne Uni","Melbourne","Australia","Guttersnipes",750,"Very Good",-37.7968615,144.960841
"melbourne-vic-australia-102091","<a href='https://www.dischord.com/fugazi_live_series/melbourne-vic-australia-102091' target='_blank'>melbourne-vic-australia-102091</a>",1991,"1991 Australia/New Zealand/Japan Tour",1991-10-20,"Melbourne Uni","Melbourne","Australia","Tumbleweed",750,"Very Good",-37.7968615,144.960841
"melbourne-vic-australia-111393","<a href='https://www.dischord.com/fugazi_live_series/melbourne-vic-australia-111393' target='_blank'>melbourne-vic-australia-111393</a>",1993,"1993 Japan/Australia/New Zealand Tour",1993-11-13,"Wall St.","Melbourne","Australia","Magic Dirt",750,"Good",-37.8147268,144.965996
"melbourne-vic-australia-111393","<a href='https://www.dischord.com/fugazi_live_series/melbourne-vic-australia-111393' target='_blank'>melbourne-vic-australia-111393</a>",1993,"1993 Japan/Australia/New Zealand Tour",1993-11-13,"Wall St.","Melbourne","Australia","Noise Addicts",750,"Good",-37.8147268,144.965996
"melbourne-vic-australia-111393","<a href='https://www.dischord.com/fugazi_live_series/melbourne-vic-australia-111393' target='_blank'>melbourne-vic-australia-111393</a>",1993,"1993 Japan/Australia/New Zealand Tour",1993-11-13,"Wall St.","Melbourne","Australia","Root Beer",750,"Good",-37.8147268,144.965996
"melbourne-vic-australia-111493","<a href='https://www.dischord.com/fugazi_live_series/melbourne-vic-australia-111493' target='_blank'>melbourne-vic-australia-111493</a>",1993,"1993 Japan/Australia/New Zealand Tour",1993-11-14,"Collingwood Town Hall","Melbourne","Australia","Budd",1300,"Good",-37.8039481,144.992844
"melbourne-vic-australia-111493","<a href='https://www.dischord.com/fugazi_live_series/melbourne-vic-australia-111493' target='_blank'>melbourne-vic-australia-111493</a>",1993,"1993 Japan/Australia/New Zealand Tour",1993-11-14,"Collingwood Town Hall","Melbourne","Australia","Noise Addicts",1300,"Good",-37.8039481,144.992844
"melbourne-vic-australia-111493","<a href='https://www.dischord.com/fugazi_live_series/melbourne-vic-australia-111493' target='_blank'>melbourne-vic-australia-111493</a>",1993,"1993 Japan/Australia/New Zealand Tour",1993-11-14,"Collingwood Town Hall","Melbourne","Australia","Shellac",1300,"Good",-37.8039481,144.992844
"memphis-tn-usa-112598","<a href='https://www.dischord.com/fugazi_live_series/memphis-tn-usa-112598' target='_blank'>memphis-tn-usa-112598</a>",1998,"1998 Fall Mid-West USA Tour",1998-11-25,"New Daisy Theater","Memphis","USA","Lucky",900,"Good",35.1395112,-90.050117
"memphis-tn-usa-112598","<a href='https://www.dischord.com/fugazi_live_series/memphis-tn-usa-112598' target='_blank'>memphis-tn-usa-112598</a>",1998,"1998 Fall Mid-West USA Tour",1998-11-25,"New Daisy Theater","Memphis","USA","Megan",900,"Good",35.1395112,-90.050117
"memphis-tn-usa-40793","<a href='https://www.dischord.com/fugazi_live_series/memphis-tn-usa-40793' target='_blank'>memphis-tn-usa-40793</a>",1993,"1993 Spring USA Tour",1993-04-07,"Omni New Daisy","Memphis","USA","Substance",850,"Very Good",35.1395112,-90.050117
"memphis-tn-usa-50290","<a href='https://www.dischord.com/fugazi_live_series/memphis-tn-usa-50290' target='_blank'>memphis-tn-usa-50290</a>",1990,"1990 Spring/Summer USA Tour",1990-05-02,"Antennae Club","Memphis","USA","Hateful Day",300,"Very Good",35.1382872,-90.008215
"memphis-tn-usa-52291","<a href='https://www.dischord.com/fugazi_live_series/memphis-tn-usa-52291' target='_blank'>memphis-tn-usa-52291</a>",1991,"1991 Spring USA Tour",1991-05-22,"Antennae Club","Memphis","USA","Grifters",480,"Good",35.1382872,-90.008215
"merrifield-va-usa-22088","<a href='https://www.dischord.com/fugazi_live_series/merrifield-va-usa-22088' target='_blank'>merrifield-va-usa-22088</a>",1988,"1988 Winter/Spring Regional Dates",1988-02-20,"Merrifield Community Center","Merrifield","USA","MFD",250,"Poor",38.8754828,-77.224424
"merrifield-va-usa-22088","<a href='https://www.dischord.com/fugazi_live_series/merrifield-va-usa-22088' target='_blank'>merrifield-va-usa-22088</a>",1988,"1988 Winter/Spring Regional Dates",1988-02-20,"Merrifield Community Center","Merrifield","USA","Shudder to Think",250,"Poor",38.8754828,-77.224424
"miami-fl-usa-51691","<a href='https://www.dischord.com/fugazi_live_series/miami-fl-usa-51691' target='_blank'>miami-fl-usa-51691</a>",1991,"1991 Spring USA Tour",1991-05-16,"Cameo Theater","Miami","USA","Believers",1390,"Good",25.7871369,-80.131387
"miami-fl-usa-51691","<a href='https://www.dischord.com/fugazi_live_series/miami-fl-usa-51691' target='_blank'>miami-fl-usa-51691</a>",1991,"1991 Spring USA Tour",1991-05-16,"Cameo Theater","Miami","USA","Funkhouser",1390,"Good",25.7871369,-80.131387
"middletown-ct-usa-120487","<a href='https://www.dischord.com/fugazi_live_series/middletown-ct-usa-120487' target='_blank'>middletown-ct-usa-120487</a>",1987,"1987 Fall/Winter Regional Dates",1987-12-04,"Wesleyan University Eclectic House","Middletown","USA","Soulside",100,NA,41.5551459,-72.654229
"middletown-ct-usa-40889","<a href='https://www.dischord.com/fugazi_live_series/middletown-ct-usa-40889' target='_blank'>middletown-ct-usa-40889</a>",1989,"1989 Spring USA Tour",1989-04-08,"Wesleyan University Eclectic House","Middletown","USA",NA,452,"Good",41.5551459,-72.654229
"middletown-ct-usa-41588","<a href='https://www.dischord.com/fugazi_live_series/middletown-ct-usa-41588' target='_blank'>middletown-ct-usa-41588</a>",1988,"1988 Spring USA Tour",1988-04-15,"Wesleyan University Eclectic House","Middletown","USA","Watershed",300,NA,41.5551459,-72.654229
"milan-italy-100299","<a href='https://www.dischord.com/fugazi_live_series/milan-italy-100299' target='_blank'>milan-italy-100299</a>",1999,"1999 Fall European Tour",1999-10-02,"Leoncavallo","Milan","Italy",NA,1136,"Very Good",45.5015172,9.207595
"milan-italy-111988","<a href='https://www.dischord.com/fugazi_live_series/milan-italy-111988' target='_blank'>milan-italy-111988</a>",1988,"1988 Fall European Tour",1988-11-19,"Leoncavallo","Milan","Italy","Impact",199,"Good",45.5015172,9.207595
"milan-italy-111988","<a href='https://www.dischord.com/fugazi_live_series/milan-italy-111988' target='_blank'>milan-italy-111988</a>",1988,"1988 Fall European Tour",1988-11-19,"Leoncavallo","Milan","Italy","Rabid Duck",199,"Good",45.5015172,9.207595
"milan-italy-61295","<a href='https://www.dischord.com/fugazi_live_series/milan-italy-61295' target='_blank'>milan-italy-61295</a>",1995,"1995 Spring/Summer European Tour",1995-06-12,"Cascina Monlue","Milan","Italy","Kina",3000,"Very Good",45.4573526,9.2542
"milano-italy-102590","<a href='https://www.dischord.com/fugazi_live_series/milano-italy-102590' target='_blank'>milano-italy-102590</a>",1990,"1990 Fall European Tour",1990-10-25,"Leoncavallo","Milan","Italy",NA,1000,"Very Good",45.5015172,9.207595
"milwaukee-wi-usa-101395","<a href='https://www.dischord.com/fugazi_live_series/milwaukee-wi-usa-101395' target='_blank'>milwaukee-wi-usa-101395</a>",1995,"1995 Fall USA/Canada Tour",1995-10-13,"Rave","Milwaukee","USA","Chisel",1500,"Good",43.037876,-87.94336
"milwaukee-wi-usa-101395","<a href='https://www.dischord.com/fugazi_live_series/milwaukee-wi-usa-101395' target='_blank'>milwaukee-wi-usa-101395</a>",1995,"1995 Fall USA/Canada Tour",1995-10-13,"Rave","Milwaukee","USA","Lungfish",1500,"Good",43.037876,-87.94336
"milwaukee-wi-usa-111398","<a href='https://www.dischord.com/fugazi_live_series/milwaukee-wi-usa-111398' target='_blank'>milwaukee-wi-usa-111398</a>",1998,"1998 Fall Mid-West USA Tour",1998-11-13,"Rave","Milwaukee","USA","Compound Red",1500,"Good",43.037876,-87.94336
"milwaukee-wi-usa-111398","<a href='https://www.dischord.com/fugazi_live_series/milwaukee-wi-usa-111398' target='_blank'>milwaukee-wi-usa-111398</a>",1998,"1998 Fall Mid-West USA Tour",1998-11-13,"Rave","Milwaukee","USA","Jets To Brazil",1500,"Good",43.037876,-87.94336
"milwaukee-wi-usa-111398","<a href='https://www.dischord.com/fugazi_live_series/milwaukee-wi-usa-111398' target='_blank'>milwaukee-wi-usa-111398</a>",1998,"1998 Fall Mid-West USA Tour",1998-11-13,"Rave","Milwaukee","USA","Promise Ring",1500,"Good",43.037876,-87.94336
"milwaukee-wi-usa-60989","<a href='https://www.dischord.com/fugazi_live_series/milwaukee-wi-usa-60989' target='_blank'>milwaukee-wi-usa-60989</a>",1989,"1989 Spring USA Tour",1989-06-09,"Crystal Palace","Milwaukee","USA","911",350,"Poor",43.0224499,-87.937692
"milwaukee-wi-usa-60989","<a href='https://www.dischord.com/fugazi_live_series/milwaukee-wi-usa-60989' target='_blank'>milwaukee-wi-usa-60989</a>",1989,"1989 Spring USA Tour",1989-06-09,"Crystal Palace","Milwaukee","USA","Chris Twining",350,"Poor",43.0224499,-87.937692
"milwaukee-wi-usa-60989","<a href='https://www.dischord.com/fugazi_live_series/milwaukee-wi-usa-60989' target='_blank'>milwaukee-wi-usa-60989</a>",1989,"1989 Spring USA Tour",1989-06-09,"Crystal Palace","Milwaukee","USA","Jesus Manson",350,"Poor",43.0224499,-87.937692
"milwaukee-wi-usa-81091","<a href='https://www.dischord.com/fugazi_live_series/milwaukee-wi-usa-81091' target='_blank'>milwaukee-wi-usa-81091</a>",1991,"1991 Summer/Fall USA/Canada Tour",1991-08-10,"Central Park","Milwaukee","USA","Drawblank",850,"Very Good",43.037876,-87.94336
"milwaukee-wi-usa-81091","<a href='https://www.dischord.com/fugazi_live_series/milwaukee-wi-usa-81091' target='_blank'>milwaukee-wi-usa-81091</a>",1991,"1991 Summer/Fall USA/Canada Tour",1991-08-10,"Central Park","Milwaukee","USA","Muckrakers",850,"Very Good",43.037876,-87.94336
"milwaukee-wi-usa-81091","<a href='https://www.dischord.com/fugazi_live_series/milwaukee-wi-usa-81091' target='_blank'>milwaukee-wi-usa-81091</a>",1991,"1991 Summer/Fall USA/Canada Tour",1991-08-10,"Central Park","Milwaukee","USA","Nation of Ulysses",850,"Very Good",43.037876,-87.94336
"milwaukee-wi-usa-90293","<a href='https://www.dischord.com/fugazi_live_series/milwaukee-wi-usa-90293' target='_blank'>milwaukee-wi-usa-90293</a>",1993,"1993 Fall USA/Canada Tour",1993-09-02,"Eagle's Ballroom","Milwaukee","USA","Muckraker",1300,"Very Good",43.037876,-87.94336
"milwaukee-wi-usa-90293","<a href='https://www.dischord.com/fugazi_live_series/milwaukee-wi-usa-90293' target='_blank'>milwaukee-wi-usa-90293</a>",1993,"1993 Fall USA/Canada Tour",1993-09-02,"Eagle's Ballroom","Milwaukee","USA","Slant 6",1300,"Very Good",43.037876,-87.94336
"minneapolis-mn-usa-101495","<a href='https://www.dischord.com/fugazi_live_series/minneapolis-mn-usa-101495' target='_blank'>minneapolis-mn-usa-101495</a>",1995,"1995 Fall USA/Canada Tour",1995-10-14,"First Avenue","Minneapolis","USA","Chisel",1700,"Very Good",44.9785509,-93.275978
"minneapolis-mn-usa-101495","<a href='https://www.dischord.com/fugazi_live_series/minneapolis-mn-usa-101495' target='_blank'>minneapolis-mn-usa-101495</a>",1995,"1995 Fall USA/Canada Tour",1995-10-14,"First Avenue","Minneapolis","USA","Lungfish",1700,"Very Good",44.9785509,-93.275978
"minneapolis-mn-usa-101595","<a href='https://www.dischord.com/fugazi_live_series/minneapolis-mn-usa-101595' target='_blank'>minneapolis-mn-usa-101595</a>",1995,"1995 Fall USA/Canada Tour",1995-10-15,"First Avenue","Minneapolis","USA","Chisel",1700,"Very Good",44.9785509,-93.275978
"minneapolis-mn-usa-101595","<a href='https://www.dischord.com/fugazi_live_series/minneapolis-mn-usa-101595' target='_blank'>minneapolis-mn-usa-101595</a>",1995,"1995 Fall USA/Canada Tour",1995-10-15,"First Avenue","Minneapolis","USA","Lungfish",1700,"Very Good",44.9785509,-93.275978
"minneapolis-mn-usa-111598","<a href='https://www.dischord.com/fugazi_live_series/minneapolis-mn-usa-111598' target='_blank'>minneapolis-mn-usa-111598</a>",1998,"1998 Fall Mid-West USA Tour",1998-11-15,"First Avenue","Minneapolis","USA","Bricklayer Cake",1711,"Very Good",44.9785509,-93.275978
"minneapolis-mn-usa-111598","<a href='https://www.dischord.com/fugazi_live_series/minneapolis-mn-usa-111598' target='_blank'>minneapolis-mn-usa-111598</a>",1998,"1998 Fall Mid-West USA Tour",1998-11-15,"First Avenue","Minneapolis","USA","Poster Children",1711,"Very Good",44.9785509,-93.275978
"minneapolis-mn-usa-52393","<a href='https://www.dischord.com/fugazi_live_series/minneapolis-mn-usa-52393' target='_blank'>minneapolis-mn-usa-52393</a>",1993,"1993 Spring USA Tour",1993-05-23,"First Avenue","Minneapolis","USA","Andromeda Strain",1600,"Very Good",44.9785509,-93.275978
"minneapolis-mn-usa-52393","<a href='https://www.dischord.com/fugazi_live_series/minneapolis-mn-usa-52393' target='_blank'>minneapolis-mn-usa-52393</a>",1993,"1993 Spring USA Tour",1993-05-23,"First Avenue","Minneapolis","USA","Unrest",1600,"Very Good",44.9785509,-93.275978
"minneapolis-mn-usa-52493","<a href='https://www.dischord.com/fugazi_live_series/minneapolis-mn-usa-52493' target='_blank'>minneapolis-mn-usa-52493</a>",1993,"1993 Spring USA Tour",1993-05-24,"First Avenue","Minneapolis","USA","Bricklayer Cake",1600,"Very Good",44.9785509,-93.275978
"minneapolis-mn-usa-52493","<a href='https://www.dischord.com/fugazi_live_series/minneapolis-mn-usa-52493' target='_blank'>minneapolis-mn-usa-52493</a>",1993,"1993 Spring USA Tour",1993-05-24,"First Avenue","Minneapolis","USA","Unrest",1600,"Very Good",44.9785509,-93.275978
"minneapolis-mn-usa-52593","<a href='https://www.dischord.com/fugazi_live_series/minneapolis-mn-usa-52593' target='_blank'>minneapolis-mn-usa-52593</a>",1993,"1993 Spring USA Tour",1993-05-25,"First Avenue","Minneapolis","USA","Unrest",1200,"Very Good",44.9785509,-93.275978
"minneapolis-mn-usa-52593","<a href='https://www.dischord.com/fugazi_live_series/minneapolis-mn-usa-52593' target='_blank'>minneapolis-mn-usa-52593</a>",1993,"1993 Spring USA Tour",1993-05-25,"First Avenue","Minneapolis","USA","Vertigo",1200,"Very Good",44.9785509,-93.275978
"minneapolis-mn-usa-61189","<a href='https://www.dischord.com/fugazi_live_series/minneapolis-mn-usa-61189' target='_blank'>minneapolis-mn-usa-61189</a>",1989,"1989 Spring USA Tour",1989-06-11,"7th Street Entry","Minneapolis","USA","Iowa Beef Experience",450,NA,44.9784606,-93.27583
"minneapolis-mn-usa-61690","<a href='https://www.dischord.com/fugazi_live_series/minneapolis-mn-usa-61690' target='_blank'>minneapolis-mn-usa-61690</a>",1990,"1990 Spring/Summer USA Tour",1990-06-16,"Avalon Theater","Minneapolis","USA","Funseekers",1100,"Good",44.9486133,-93.253569
"minneapolis-mn-usa-61690","<a href='https://www.dischord.com/fugazi_live_series/minneapolis-mn-usa-61690' target='_blank'>minneapolis-mn-usa-61690</a>",1990,"1990 Spring/Summer USA Tour",1990-06-16,"Avalon Theater","Minneapolis","USA","Guilt Parade",1100,"Good",44.9486133,-93.253569
"minneapolis-mn-usa-62701","<a href='https://www.dischord.com/fugazi_live_series/minneapolis-mn-usa-62701' target='_blank'>minneapolis-mn-usa-62701</a>",2001,"2001 Summer Mid-West/Canada Tour",2001-06-27,"First Avenue","Minneapolis","USA","Selby Tigers",1700,"Very Good",44.9785509,-93.275978
"minneapolis-mn-usa-81291","<a href='https://www.dischord.com/fugazi_live_series/minneapolis-mn-usa-81291' target='_blank'>minneapolis-mn-usa-81291</a>",1991,"1991 Summer/Fall USA/Canada Tour",1991-08-12,"First Avenue","Minneapolis","USA","John Ivan Palmer (Hypnotist)",1550,"Very Good",44.9785509,-93.275978
"minneapolis-mn-usa-81291","<a href='https://www.dischord.com/fugazi_live_series/minneapolis-mn-usa-81291' target='_blank'>minneapolis-mn-usa-81291</a>",1991,"1991 Summer/Fall USA/Canada Tour",1991-08-12,"First Avenue","Minneapolis","USA","Nation of Ulysses",1550,"Very Good",44.9785509,-93.275978
"missoula-mt-usa-60490","<a href='https://www.dischord.com/fugazi_live_series/missoula-mt-usa-60490' target='_blank'>missoula-mt-usa-60490</a>",1990,"1990 Spring/Summer USA Tour",1990-06-04,"Moose Lodge","Missoula","USA","The Banned",225,"Excellent",46.860304,-114.029858
"modena-italy-60892","<a href='https://www.dischord.com/fugazi_live_series/modena-italy-60892' target='_blank'>modena-italy-60892</a>",1992,"1992 Spring European Tour",1992-06-08,"Dancing Condor","Modena","Italy",NA,600,"Very Good",44.6525479,10.931098
"montreal-qc-canada-72198","<a href='https://www.dischord.com/fugazi_live_series/montreal-qc-canada-72198' target='_blank'>montreal-qc-canada-72198</a>",1998,"1998 Summer Canada/USA Tour",1998-07-21,"Spectrum","Montreal","Canada","Ire",650,"Very Good",45.5065982,-73.56664
"montreal-qc-canada-72198","<a href='https://www.dischord.com/fugazi_live_series/montreal-qc-canada-72198' target='_blank'>montreal-qc-canada-72198</a>",1998,"1998 Summer Canada/USA Tour",1998-07-21,"Spectrum","Montreal","Canada","Nullset",650,"Very Good",45.5065982,-73.56664
"montreal-qc-canada-80291","<a href='https://www.dischord.com/fugazi_live_series/montreal-qc-canada-80291' target='_blank'>montreal-qc-canada-80291</a>",1991,"1991 Summer/Fall USA/Canada Tour",1991-08-02,"Rialto Theatre","Montreal","Canada","Bliss",1160,"Good",45.523619,-73.6048
"montreal-qc-canada-91293","<a href='https://www.dischord.com/fugazi_live_series/montreal-qc-canada-91293' target='_blank'>montreal-qc-canada-91293</a>",1993,"1993 Fall USA/Canada Tour",1993-09-12,"Metropolis","Montreal","Canada","Goldfish",2100,"Very Good",45.5105814,-73.563397
"montreal-qc-canada-91293","<a href='https://www.dischord.com/fugazi_live_series/montreal-qc-canada-91293' target='_blank'>montreal-qc-canada-91293</a>",1993,"1993 Fall USA/Canada Tour",1993-09-12,"Metropolis","Montreal","Canada","Shudder to Think",2100,"Very Good",45.5105814,-73.563397
"montreal-qc-canada-92395","<a href='https://www.dischord.com/fugazi_live_series/montreal-qc-canada-92395' target='_blank'>montreal-qc-canada-92395</a>",1995,"1995 Fall USA/Canada Tour",1995-09-23,"Metropolis","Montreal","Canada","Bliss",1500,"Good",45.5105814,-73.563397
"montreal-qc-canada-92395","<a href='https://www.dischord.com/fugazi_live_series/montreal-qc-canada-92395' target='_blank'>montreal-qc-canada-92395</a>",1995,"1995 Fall USA/Canada Tour",1995-09-23,"Metropolis","Montreal","Canada","Shot Maker",1500,"Good",45.5105814,-73.563397
"morgantown-wv-usa-112998","<a href='https://www.dischord.com/fugazi_live_series/morgantown-wv-usa-112998' target='_blank'>morgantown-wv-usa-112998</a>",1998,"1998 Fall Mid-West USA Tour",1998-11-29,"123 Pleasant St.","Morgantown","USA","Braille Drivers",400,"Poor",39.629555,-79.958036
"morgantown-wv-usa-112998","<a href='https://www.dischord.com/fugazi_live_series/morgantown-wv-usa-112998' target='_blank'>morgantown-wv-usa-112998</a>",1998,"1998 Fall Mid-West USA Tour",1998-11-29,"123 Pleasant St.","Morgantown","USA","San Vitale",400,"Poor",39.629555,-79.958036
"morgantown-wv-usa-42889","<a href='https://www.dischord.com/fugazi_live_series/morgantown-wv-usa-42889' target='_blank'>morgantown-wv-usa-42889</a>",1989,"1989 Spring USA Tour",1989-04-28,"Dry House","Morgantown","USA","Grizzly Fiction",120,NA,39.629555,-79.958036
"morgantown-wv-usa-50688","<a href='https://www.dischord.com/fugazi_live_series/morgantown-wv-usa-50688' target='_blank'>morgantown-wv-usa-50688</a>",1988,"1988 Spring USA Tour",1988-05-06,"Dry House","Morgantown","USA","Das Damen",20,NA,39.629555,-79.958036
"morgantown-wv-usa-63090","<a href='https://www.dischord.com/fugazi_live_series/morgantown-wv-usa-63090' target='_blank'>morgantown-wv-usa-63090</a>",1990,"1990 Spring/Summer USA Tour",1990-06-30,"Machine Shop","Morgantown","USA","One",250,"Good",39.629555,-79.958036
"munich-germany-101490","<a href='https://www.dischord.com/fugazi_live_series/munich-germany-101490' target='_blank'>munich-germany-101490</a>",1990,"1990 Fall European Tour",1990-10-14,"Theaterfabrik","Munich","Germany","NoNoYesNo",1400,"Very Good",48.173838,11.647285
"munich-germany-101490","<a href='https://www.dischord.com/fugazi_live_series/munich-germany-101490' target='_blank'>munich-germany-101490</a>",1990,"1990 Fall European Tour",1990-10-14,"Theaterfabrik","Munich","Germany","Urge",1400,"Very Good",48.173838,11.647285
"munich-germany-120589","<a href='https://www.dischord.com/fugazi_live_series/munich-germany-120589' target='_blank'>munich-germany-120589</a>",1989,"1989 Fall European Tour",1989-12-05,"Theaterfabrik","Munich","Germany","Visions of Change",1000,NA,48.173838,11.647285
"munich-germany-61692","<a href='https://www.dischord.com/fugazi_live_series/munich-germany-61692' target='_blank'>munich-germany-61692</a>",1992,"1992 Spring European Tour",1992-06-16,"Theaterfabrik","Munich","Germany","Blume",1600,"Very Good",48.173838,11.647285
"munich-germany-61692","<a href='https://www.dischord.com/fugazi_live_series/munich-germany-61692' target='_blank'>munich-germany-61692</a>",1992,"1992 Spring European Tour",1992-06-16,"Theaterfabrik","Munich","Germany","Tech Ahead",1600,"Very Good",48.173838,11.647285
"munich-germany-62695","<a href='https://www.dischord.com/fugazi_live_series/munich-germany-62695' target='_blank'>munich-germany-62695</a>",1995,"1995 Spring/Summer European Tour",1995-06-26,"Nachtwerk","Munich","Germany",NA,800,"Very Good",48.1397094,11.522916
"munich-germany-92599","<a href='https://www.dischord.com/fugazi_live_series/munich-germany-92599' target='_blank'>munich-germany-92599</a>",1999,"1999 Fall European Tour",1999-09-25,"Backstage","Munich","Germany","Something Like Elvis",753,"Very Good",48.1450485,11.5216
"nagold-germany-110488","<a href='https://www.dischord.com/fugazi_live_series/nagold-germany-110488' target='_blank'>nagold-germany-110488</a>",1988,"1988 Fall European Tour",1988-11-04,"Juz Nagold","Nagold","Germany","Militant Mothers",199,"Good",48.5527422,8.72333
"nagold-germany-110488","<a href='https://www.dischord.com/fugazi_live_series/nagold-germany-110488' target='_blank'>nagold-germany-110488</a>",1988,"1988 Fall European Tour",1988-11-04,"Juz Nagold","Nagold","Germany","NoNoYesNo",199,"Good",48.5527422,8.72333
"nagold-germany-110488","<a href='https://www.dischord.com/fugazi_live_series/nagold-germany-110488' target='_blank'>nagold-germany-110488</a>",1988,"1988 Fall European Tour",1988-11-04,"Juz Nagold","Nagold","Germany","Too Bad",199,"Good",48.5527422,8.72333
"nagoya-japan-102596","<a href='https://www.dischord.com/fugazi_live_series/nagoya-japan-102596' target='_blank'>nagoya-japan-102596</a>",1996,"1996 US/Japan/Hong Kong/Australia Tour",1996-10-25,"Heartland","Nagoya","Japan","Genbaku Onanies",160,"Very Good",35.1693198,136.919203
"nagoya-japan-102596","<a href='https://www.dischord.com/fugazi_live_series/nagoya-japan-102596' target='_blank'>nagoya-japan-102596</a>",1996,"1996 US/Japan/Hong Kong/Australia Tour",1996-10-25,"Heartland","Nagoya","Japan","Make Up",160,"Very Good",35.1693198,136.919203
"nagoya-japan-110393","<a href='https://www.dischord.com/fugazi_live_series/nagoya-japan-110393' target='_blank'>nagoya-japan-110393</a>",1993,"1993 Japan/Australia/New Zealand Tour",1993-11-03,"Club Quattro","Nagoya","Japan","Genbaku Onanies",160,"Very Good",35.1637276,136.908232
"nancy-france-110690","<a href='https://www.dischord.com/fugazi_live_series/nancy-france-110690' target='_blank'>nancy-france-110690</a>",1990,"1990 Fall European Tour",1990-11-06,"Terminal Export","Nancy","France",NA,642,"Very Good",48.6966644,6.191742
"nancy-france-52195","<a href='https://www.dischord.com/fugazi_live_series/nancy-france-52195' target='_blank'>nancy-france-52195</a>",1995,"1995 Spring/Summer European Tour",1995-05-21,"Terminal Export","Nancy","France","Cooper",1280,"Very Good",48.6966644,6.191742
"nantes-france-101399","<a href='https://www.dischord.com/fugazi_live_series/nantes-france-101399' target='_blank'>nantes-france-101399</a>",1999,"1999 Fall European Tour",1999-10-13,"L'Olympic","Nantes","France",NA,690,"Very Good",47.1996033,-1.588948
"naples-italy-111688","<a href='https://www.dischord.com/fugazi_live_series/naples-italy-111688' target='_blank'>naples-italy-111688</a>",1988,"1988 Fall European Tour",1988-11-16,"Diamond Dogs","Naples","Italy","Randall Flagg",199,NA,40.8618386,14.248027
"nashville-tn-usa-122099","<a href='https://www.dischord.com/fugazi_live_series/nashville-tn-usa-122099' target='_blank'>nashville-tn-usa-122099</a>",1999,"1999 Fall/Winter Southern USA Tour",1999-12-20,"328 Performance","Nashville","USA","Faraquet",800,"Very Good",36.157402,-86.7745
"nashville-tn-usa-32390","<a href='https://www.dischord.com/fugazi_live_series/nashville-tn-usa-32390' target='_blank'>nashville-tn-usa-32390</a>",1990,"1990 Spring Southern USA Tour",1990-03-23,"Elliston Square","Nashville","USA","Clockhammer",250,"Good",36.1510977,-86.803838
"nashville-tn-usa-40693","<a href='https://www.dischord.com/fugazi_live_series/nashville-tn-usa-40693' target='_blank'>nashville-tn-usa-40693</a>",1993,"1993 Spring USA Tour",1993-04-06,"328 Performance","Nashville","USA","Buzzkill",1500,"Very Good",36.157402,-86.7745
"nashville-tn-usa-41196","<a href='https://www.dischord.com/fugazi_live_series/nashville-tn-usa-41196' target='_blank'>nashville-tn-usa-41196</a>",1996,"1996 Southern USA Tour",1996-04-11,"328 Performance","Nashville","USA","Blast Off Country Style",1500,"Very Good",36.157402,-86.7745
"nashville-tn-usa-41196","<a href='https://www.dischord.com/fugazi_live_series/nashville-tn-usa-41196' target='_blank'>nashville-tn-usa-41196</a>",1996,"1996 Southern USA Tour",1996-04-11,"328 Performance","Nashville","USA","Branch Manager",1500,"Very Good",36.157402,-86.7745
"nashville-tn-usa-50791","<a href='https://www.dischord.com/fugazi_live_series/nashville-tn-usa-50791' target='_blank'>nashville-tn-usa-50791</a>",1991,"1991 Spring USA Tour",1991-05-07,"Cannery","Nashville","USA","Clockhammer",400,"Good",36.1530527,-86.780505
"nelson-new-zealand-62997","<a href='https://www.dischord.com/fugazi_live_series/nelson-new-zealand-62997' target='_blank'>nelson-new-zealand-62997</a>",1997,"1997 Summer Australia/New Zealand Tour",1997-06-29,"Nelson Arts Centre","Nelson","New Zealand",NA,968,"Very Good",-41.2765603,173.286512
"neuhausen-auf-den-fildern-germany-62392","<a href='https://www.dischord.com/fugazi_live_series/neuhausen-auf-den-fildern-germany-62392' target='_blank'>neuhausen-auf-den-fildern-germany-62392</a>",1992,"1992 Spring European Tour",1992-06-23,"Egelseehalle","Neuhausen auf den Fildern","Germany","Coltello",1000,"Good",48.6734944,9.282028
"neuhausen-auf-den-fildern-germany-62392","<a href='https://www.dischord.com/fugazi_live_series/neuhausen-auf-den-fildern-germany-62392' target='_blank'>neuhausen-auf-den-fildern-germany-62392</a>",1992,"1992 Spring European Tour",1992-06-23,"Egelseehalle","Neuhausen auf den Fildern","Germany","Tech Ahead",1000,"Good",48.6734944,9.282028
"new-brunswick-nj-usa-92589","<a href='https://www.dischord.com/fugazi_live_series/new-brunswick-nj-usa-92589' target='_blank'>new-brunswick-nj-usa-92589</a>",1989,"1989 Fall Canada/NE Tour",1989-09-25,"Rutgers University","New Brunswick","USA","Bouncing Souls",450,NA,40.5043304,-74.449036
"new-brunswick-nj-usa-92589","<a href='https://www.dischord.com/fugazi_live_series/new-brunswick-nj-usa-92589' target='_blank'>new-brunswick-nj-usa-92589</a>",1989,"1989 Fall Canada/NE Tour",1989-09-25,"Rutgers University","New Brunswick","USA","Chickenscratch",450,NA,40.5043304,-74.449036
"new-haven-ct-usa-41392","<a href='https://www.dischord.com/fugazi_live_series/new-haven-ct-usa-41392' target='_blank'>new-haven-ct-usa-41392</a>",1992,"1992 Spring East Coast Tour",1992-04-13,"Rockbar","New Haven","USA","Livestock",600,"Good",41.3051629,-72.925585
"new-haven-ct-usa-41392","<a href='https://www.dischord.com/fugazi_live_series/new-haven-ct-usa-41392' target='_blank'>new-haven-ct-usa-41392</a>",1992,"1992 Spring East Coast Tour",1992-04-13,"Rockbar","New Haven","USA","Shudder to Think",600,"Good",41.3051629,-72.925585
"new-orleans-la-usa-32190","<a href='https://www.dischord.com/fugazi_live_series/new-orleans-la-usa-32190' target='_blank'>new-orleans-la-usa-32190</a>",1990,"1990 Spring Southern USA Tour",1990-03-21,"Storyville","New Orleans","USA","Red Army",300,"Good",29.9574247,-90.073379
"new-orleans-la-usa-32702","<a href='https://www.dischord.com/fugazi_live_series/new-orleans-la-usa-32702' target='_blank'>new-orleans-la-usa-32702</a>",2002,"2002 Spring Southern USA/Texas Tour",2002-03-27,"Tipitina's","New Orleans","USA","Amerigo",1000,"Very Good",29.9172719,-90.100766
"new-orleans-la-usa-40596","<a href='https://www.dischord.com/fugazi_live_series/new-orleans-la-usa-40596' target='_blank'>new-orleans-la-usa-40596</a>",1996,"1996 Southern USA Tour",1996-04-05,"Tipitina's","New Orleans","USA","Branch Manager",1100,"Very Good",29.9172719,-90.100766
"new-orleans-la-usa-40596","<a href='https://www.dischord.com/fugazi_live_series/new-orleans-la-usa-40596' target='_blank'>new-orleans-la-usa-40596</a>",1996,"1996 Southern USA Tour",1996-04-05,"Tipitina's","New Orleans","USA","Glorium",1100,"Very Good",29.9172719,-90.100766
"new-orleans-la-usa-40993","<a href='https://www.dischord.com/fugazi_live_series/new-orleans-la-usa-40993' target='_blank'>new-orleans-la-usa-40993</a>",1993,"1993 Spring USA Tour",1993-04-09,"New Orleans Music Hall","New Orleans","USA","Cows",1400,"Very Good",29.9426915,-90.066092
"new-orleans-la-usa-40993","<a href='https://www.dischord.com/fugazi_live_series/new-orleans-la-usa-40993' target='_blank'>new-orleans-la-usa-40993</a>",1993,"1993 Spring USA Tour",1993-04-09,"New Orleans Music Hall","New Orleans","USA","Janitor Joe",1400,"Very Good",29.9426915,-90.066092
"new-york-city-ny-usa-120399","<a href='https://www.dischord.com/fugazi_live_series/new-york-city-ny-usa-120399' target='_blank'>new-york-city-ny-usa-120399</a>",1999,"1999 Fall/Winter Southern USA Tour",1999-12-03,"Roxy","New York","USA","The Ex",2500,"Very Good",40.7194085,-74.004909
"new-york-city-ny-usa-40395","<a href='https://www.dischord.com/fugazi_live_series/new-york-city-ny-usa-40395' target='_blank'>new-york-city-ny-usa-40395</a>",1995,"1995 USA East Coast Tour",1995-04-03,"Irving Plaza","New York","USA","Make Up",1100,"Very Good",40.7348818,-73.98844
"new-york-city-ny-usa-40395","<a href='https://www.dischord.com/fugazi_live_series/new-york-city-ny-usa-40395' target='_blank'>new-york-city-ny-usa-40395</a>",1995,"1995 USA East Coast Tour",1995-04-03,"Irving Plaza","New York","USA","Slant 6",1100,"Very Good",40.7348818,-73.98844
"new-york-city-ny-usa-40495","<a href='https://www.dischord.com/fugazi_live_series/new-york-city-ny-usa-40495' target='_blank'>new-york-city-ny-usa-40495</a>",1995,"1995 USA East Coast Tour",1995-04-04,"Irving Plaza","New York","USA","Cakelike",1100,"Good",40.7348818,-73.98844
"new-york-city-ny-usa-40495","<a href='https://www.dischord.com/fugazi_live_series/new-york-city-ny-usa-40495' target='_blank'>new-york-city-ny-usa-40495</a>",1995,"1995 USA East Coast Tour",1995-04-04,"Irving Plaza","New York","USA","Slant 6",1100,"Good",40.7348818,-73.98844
"new-york-city-ny-usa-40595","<a href='https://www.dischord.com/fugazi_live_series/new-york-city-ny-usa-40595' target='_blank'>new-york-city-ny-usa-40595</a>",1995,"1995 USA East Coast Tour",1995-04-05,"Irving Plaza","New York","USA","Lois",1100,"Very Good",40.7348818,-73.98844
"new-york-city-ny-usa-40595","<a href='https://www.dischord.com/fugazi_live_series/new-york-city-ny-usa-40595' target='_blank'>new-york-city-ny-usa-40595</a>",1995,"1995 USA East Coast Tour",1995-04-05,"Irving Plaza","New York","USA","Unwound",1100,"Very Good",40.7348818,-73.98844
"new-york-city-ny-usa-50197","<a href='https://www.dischord.com/fugazi_live_series/new-york-city-ny-usa-50197' target='_blank'>new-york-city-ny-usa-50197</a>",1997,"1997 East Coast USA Tour",1997-05-01,"Palladium","New York","USA","Branch Manager",3000,"Good",40.7507356,-73.987335
"new-york-city-ny-usa-50197","<a href='https://www.dischord.com/fugazi_live_series/new-york-city-ny-usa-50197' target='_blank'>new-york-city-ny-usa-50197</a>",1997,"1997 East Coast USA Tour",1997-05-01,"Palladium","New York","USA","Monorchid",3000,"Good",40.7507356,-73.987335
"new-york-city-ny-usa-50297","<a href='https://www.dischord.com/fugazi_live_series/new-york-city-ny-usa-50297' target='_blank'>new-york-city-ny-usa-50297</a>",1997,"1997 East Coast USA Tour",1997-05-02,"NYU Loeb Center","New York","USA","Branch Manager",1000,"Very Good",40.7299366,-73.997827
"new-york-city-ny-usa-92493","<a href='https://www.dischord.com/fugazi_live_series/new-york-city-ny-usa-92493' target='_blank'>new-york-city-ny-usa-92493</a>",1993,"1993 Fall USA/Canada Tour",1993-09-24,"Roseland Ballroom","New York","USA","Jawbox",3500,"Very Good",40.7632592,-73.983933
"new-york-city-ny-usa-92493","<a href='https://www.dischord.com/fugazi_live_series/new-york-city-ny-usa-92493' target='_blank'>new-york-city-ny-usa-92493</a>",1993,"1993 Fall USA/Canada Tour",1993-09-24,"Roseland Ballroom","New York","USA","Mecca Normal",3500,"Very Good",40.7632592,-73.983933
"new-york-city-ny-usa-92593","<a href='https://www.dischord.com/fugazi_live_series/new-york-city-ny-usa-92593' target='_blank'>new-york-city-ny-usa-92593</a>",1993,"1993 Fall USA/Canada Tour",1993-09-25,"Roseland Ballroom","New York","USA","Spinanes",3500,"Very Good",40.7632592,-73.983933
"new-york-city-ny-usa-92593","<a href='https://www.dischord.com/fugazi_live_series/new-york-city-ny-usa-92593' target='_blank'>new-york-city-ny-usa-92593</a>",1993,"1993 Fall USA/Canada Tour",1993-09-25,"Roseland Ballroom","New York","USA","Unrest",3500,"Very Good",40.7632592,-73.983933
"new-york-ny-usa-100989","<a href='https://www.dischord.com/fugazi_live_series/new-york-ny-usa-100989' target='_blank'>new-york-ny-usa-100989</a>",1989,"1989 Fall Canada/NE Tour",1989-10-09,"Barnard College Cafeteria","New York","USA","Holy Rollers",350,"Good",40.8095145,-73.96359
"new-york-ny-usa-30491","<a href='https://www.dischord.com/fugazi_live_series/new-york-ny-usa-30491' target='_blank'>new-york-ny-usa-30491</a>",1991,"1991 Winter/Spring East Coast USA Tour",1991-03-04,"Marquee","New York","USA","The Deviators",1100,"Very Good",40.7500995,-74.002805
"new-york-ny-usa-30591","<a href='https://www.dischord.com/fugazi_live_series/new-york-ny-usa-30591' target='_blank'>new-york-ny-usa-30591</a>",1991,"1991 Winter/Spring East Coast USA Tour",1991-03-05,"Marquee","New York","USA","Beat Happening",1100,"Good",40.7500995,-74.002805
"new-york-ny-usa-32588","<a href='https://www.dischord.com/fugazi_live_series/new-york-ny-usa-32588' target='_blank'>new-york-ny-usa-32588</a>",1988,"1988 Winter/Spring Regional Dates",1988-03-25,"Columbia University","New York","USA","Alice Donut",200,NA,40.8075355,-73.962572
"new-york-ny-usa-32588","<a href='https://www.dischord.com/fugazi_live_series/new-york-ny-usa-32588' target='_blank'>new-york-ny-usa-32588</a>",1988,"1988 Winter/Spring Regional Dates",1988-03-25,"Columbia University","New York","USA","Fidelity Jones",200,NA,40.8075355,-73.962572
"new-york-ny-usa-40589","<a href='https://www.dischord.com/fugazi_live_series/new-york-ny-usa-40589' target='_blank'>new-york-ny-usa-40589</a>",1989,"1989 Spring USA Tour",1989-04-05,"NYU Student Union","New York","USA","Edsel",150,"Good",40.7299045,-73.997859
"new-york-ny-usa-40589","<a href='https://www.dischord.com/fugazi_live_series/new-york-ny-usa-40589' target='_blank'>new-york-ny-usa-40589</a>",1989,"1989 Spring USA Tour",1989-04-05,"NYU Student Union","New York","USA","Manifesto",150,"Good",40.7299045,-73.997859
"new-york-ny-usa-40892","<a href='https://www.dischord.com/fugazi_live_series/new-york-ny-usa-40892' target='_blank'>new-york-ny-usa-40892</a>",1992,"1992 Spring East Coast Tour",1992-04-08,"Ritz","New York","USA","Come",3000,NA,40.7652719,-73.975999
"new-york-ny-usa-40892","<a href='https://www.dischord.com/fugazi_live_series/new-york-ny-usa-40892' target='_blank'>new-york-ny-usa-40892</a>",1992,"1992 Spring East Coast Tour",1992-04-08,"Ritz","New York","USA","Shudder to Think",3000,NA,40.7652719,-73.975999
"new-york-ny-usa-42091","<a href='https://www.dischord.com/fugazi_live_series/new-york-ny-usa-42091' target='_blank'>new-york-ny-usa-42091</a>",1991,"1991 Spring Regional Dates",1991-04-20,"Columbia University","New York","USA","Desiderata",1000,"Very Good",40.8075355,-73.962572
"newark-de-usa-41495","<a href='https://www.dischord.com/fugazi_live_series/newark-de-usa-41495' target='_blank'>newark-de-usa-41495</a>",1995,"1995 USA East Coast Tour",1995-04-14,"University of Delaware Carpenter Hall","Newark","USA","Boy Sets Fire",1300,"Poor",39.6843533,-75.752259
"newark-de-usa-41495","<a href='https://www.dischord.com/fugazi_live_series/newark-de-usa-41495' target='_blank'>newark-de-usa-41495</a>",1995,"1995 USA East Coast Tour",1995-04-14,"University of Delaware Carpenter Hall","Newark","USA","Warmers",1300,"Poor",39.6843533,-75.752259
"newcastle-australia-111696","<a href='https://www.dischord.com/fugazi_live_series/newcastle-australia-111696' target='_blank'>newcastle-australia-111696</a>",1996,"1996 US/Japan/Hong Kong/Australia Tour",1996-11-16,"Cambridge Hotel","Newcastle","Australia","No Reason",550,"Very Good",-32.9248321,151.7577
"newcastle-australia-111696","<a href='https://www.dischord.com/fugazi_live_series/newcastle-australia-111696' target='_blank'>newcastle-australia-111696</a>",1996,"1996 US/Japan/Hong Kong/Australia Tour",1996-11-16,"Cambridge Hotel","Newcastle","Australia","Wash",550,"Very Good",-32.9248321,151.7577
"newcastle-australia-112493","<a href='https://www.dischord.com/fugazi_live_series/newcastle-australia-112493' target='_blank'>newcastle-australia-112493</a>",1993,"1993 Japan/Australia/New Zealand Tour",1993-11-24,"Morrow Park Bowls Club","Newcastle","Australia","BMF",450,"Very Good",-32.9221783,151.754838
"newcastle-australia-112493","<a href='https://www.dischord.com/fugazi_live_series/newcastle-australia-112493' target='_blank'>newcastle-australia-112493</a>",1993,"1993 Japan/Australia/New Zealand Tour",1993-11-24,"Morrow Park Bowls Club","Newcastle","Australia","Fur",450,"Very Good",-32.9221783,151.754838
"newcastle-england-112689","<a href='https://www.dischord.com/fugazi_live_series/newcastle-england-112689' target='_blank'>newcastle-england-112689</a>",1989,"1989 Fall European Tour",1989-11-26,"Riverside","Newcastle-Upon-Tyne","England","Crane",500,"Good",54.9717,-1.605
"newcastle-england-112689","<a href='https://www.dischord.com/fugazi_live_series/newcastle-england-112689' target='_blank'>newcastle-england-112689</a>",1989,"1989 Fall European Tour",1989-11-26,"Riverside","Newcastle-Upon-Tyne","England","God's Ultimate Noise",500,"Good",54.9717,-1.605
"newcastle-england-50299","<a href='https://www.dischord.com/fugazi_live_series/newcastle-england-50299' target='_blank'>newcastle-england-50299</a>",1999,"1999 Spring UK/Ireland Tour",1999-05-02,"Riverside","Newcastle-Upon-Tyne","England","Red Monkey",450,"Very Good",54.9717,-1.605
"newcastle-england-51592","<a href='https://www.dischord.com/fugazi_live_series/newcastle-england-51592' target='_blank'>newcastle-england-51592</a>",1992,"1992 Spring European Tour",1992-05-15,"Riverside","Newcastle-Upon-Tyne","England","Puppy Fat",720,"Very Good",54.9717,-1.605
"newcastle-england-91490","<a href='https://www.dischord.com/fugazi_live_series/newcastle-england-91490' target='_blank'>newcastle-england-91490</a>",1990,"1990 Fall European Tour",1990-09-14,"Riverside","Newcastle-Upon-Tyne","England","God's Ultimate Noise",600,"Good",54.9717,-1.605
"newcastle-england-91490","<a href='https://www.dischord.com/fugazi_live_series/newcastle-england-91490' target='_blank'>newcastle-england-91490</a>",1990,"1990 Fall European Tour",1990-09-14,"Riverside","Newcastle-Upon-Tyne","England","Puppy Fat",600,"Good",54.9717,-1.605
"newport-wales-112888","<a href='https://www.dischord.com/fugazi_live_series/newport-wales-112888' target='_blank'>newport-wales-112888</a>",1988,"1988 Fall European Tour",1988-11-28,"TJ's","Newport","Wales","Slow Jam",199,NA,51.5908462,-2.991032
"newport-wales-51199","<a href='https://www.dischord.com/fugazi_live_series/newport-wales-51199' target='_blank'>newport-wales-51199</a>",1999,"1999 Spring UK/Ireland Tour",1999-05-11,"TJ's","Newport","Wales","Hernandez",600,"Very Good",51.5908462,-2.991032
"newport-wales-51199","<a href='https://www.dischord.com/fugazi_live_series/newport-wales-51199' target='_blank'>newport-wales-51199</a>",1999,"1999 Spring UK/Ireland Tour",1999-05-11,"TJ's","Newport","Wales","The Boom",600,"Very Good",51.5908462,-2.991032
"nijmegen-netherlands-110989","<a href='https://www.dischord.com/fugazi_live_series/nijmegen-netherlands-110989' target='_blank'>nijmegen-netherlands-110989</a>",1989,"1989 Fall European Tour",1989-11-09,"Doornroosje","Nijmegen","Netherlands",NA,452,"Very Good",51.8443756,5.853923
"nijmegen-netherlands-70595","<a href='https://www.dischord.com/fugazi_live_series/nijmegen-netherlands-70595' target='_blank'>nijmegen-netherlands-70595</a>",1995,"1995 Spring/Summer European Tour",1995-07-05,"Doornroosje","Nijmegen","Netherlands","Andy and Terry",450,"Very Good",51.8443756,5.853923
"nijmegen-netherlands-71192","<a href='https://www.dischord.com/fugazi_live_series/nijmegen-netherlands-71192' target='_blank'>nijmegen-netherlands-71192</a>",1992,"1992 Spring European Tour",1992-07-11,"Doornroosje","Nijmegen","Netherlands","Bambix",500,"Good",51.8443756,5.853923
"norfolk-va-usa-31996","<a href='https://www.dischord.com/fugazi_live_series/norfolk-va-usa-31996' target='_blank'>norfolk-va-usa-31996</a>",1996,"1996 Southern USA Tour",1996-03-19,"Baitshack","Norfolk","USA","Blue Tip",1300,"Very Good",36.8449089,-76.290166
"norfolk-va-usa-31996","<a href='https://www.dischord.com/fugazi_live_series/norfolk-va-usa-31996' target='_blank'>norfolk-va-usa-31996</a>",1996,"1996 Southern USA Tour",1996-03-19,"Baitshack","Norfolk","USA","Make Up",1300,"Very Good",36.8449089,-76.290166
"normal-il-usa-90193","<a href='https://www.dischord.com/fugazi_live_series/normal-il-usa-90193' target='_blank'>normal-il-usa-90193</a>",1993,"1993 Fall USA/Canada Tour",1993-09-01,"Illinois State University Student Center Ballroom","Normal","USA","Blue Meanies",1000,"Very Good",40.5118535,-88.991881
"normal-il-usa-90193","<a href='https://www.dischord.com/fugazi_live_series/normal-il-usa-90193' target='_blank'>normal-il-usa-90193</a>",1993,"1993 Fall USA/Canada Tour",1993-09-01,"Illinois State University Student Center Ballroom","Normal","USA","Slant 6",1000,"Very Good",40.5118535,-88.991881
"norman-ok-usa-41793","<a href='https://www.dischord.com/fugazi_live_series/norman-ok-usa-41793' target='_blank'>norman-ok-usa-41793</a>",1993,"1993 Spring USA Tour",1993-04-17,"Hollywood Theater","Norman","USA","Clovis",1000,"Very Good",35.2031634,-97.46829
"norman-ok-usa-41793","<a href='https://www.dischord.com/fugazi_live_series/norman-ok-usa-41793' target='_blank'>norman-ok-usa-41793</a>",1993,"1993 Spring USA Tour",1993-04-17,"Hollywood Theater","Norman","USA","Season To Risk",1000,"Very Good",35.2031634,-97.46829
"northampton-ma-usa-41490","<a href='https://www.dischord.com/fugazi_live_series/northampton-ma-usa-41490' target='_blank'>northampton-ma-usa-41490</a>",1990,"1990 Spring NE USA Tour",1990-04-14,"Pearl Street Ballroom","Northampton","USA","Brood",800,"Very Good",42.318779,-72.627437
"northampton-ma-usa-41490","<a href='https://www.dischord.com/fugazi_live_series/northampton-ma-usa-41490' target='_blank'>northampton-ma-usa-41490</a>",1990,"1990 Spring NE USA Tour",1990-04-14,"Pearl Street Ballroom","Northampton","USA","Holy Rollers",800,"Very Good",42.318779,-72.627437
"northampton-ma-usa-41490","<a href='https://www.dischord.com/fugazi_live_series/northampton-ma-usa-41490' target='_blank'>northampton-ma-usa-41490</a>",1990,"1990 Spring NE USA Tour",1990-04-14,"Pearl Street Ballroom","Northampton","USA","Sex Kitchen",800,"Very Good",42.318779,-72.627437
"northampton-ma-usa-41490","<a href='https://www.dischord.com/fugazi_live_series/northampton-ma-usa-41490' target='_blank'>northampton-ma-usa-41490</a>",1990,"1990 Spring NE USA Tour",1990-04-14,"Pearl Street Ballroom","Northampton","USA","Vampire Lezbos",800,"Very Good",42.318779,-72.627437
"northampton-ma-usa-92295","<a href='https://www.dischord.com/fugazi_live_series/northampton-ma-usa-92295' target='_blank'>northampton-ma-usa-92295</a>",1995,"1995 Fall USA/Canada Tour",1995-09-22,"Pearl Street Ballroom","Northampton","USA","Marshes",750,"Good",42.318779,-72.627437
"norwalk-ct-usa-100789","<a href='https://www.dischord.com/fugazi_live_series/norwalk-ct-usa-100789' target='_blank'>norwalk-ct-usa-100789</a>",1989,"1989 Fall Canada/NE Tour",1989-10-07,"Anthrax","Norwalk","USA","Fun House",400,NA,41.1358373,-73.42862
"norwalk-ct-usa-100789","<a href='https://www.dischord.com/fugazi_live_series/norwalk-ct-usa-100789' target='_blank'>norwalk-ct-usa-100789</a>",1989,"1989 Fall Canada/NE Tour",1989-10-07,"Anthrax","Norwalk","USA","Shades Apart",400,NA,41.1358373,-73.42862
"norwalk-ct-usa-120587","<a href='https://www.dischord.com/fugazi_live_series/norwalk-ct-usa-120587' target='_blank'>norwalk-ct-usa-120587</a>",1987,"1987 Fall/Winter Regional Dates",1987-12-05,"Anthrax","Norwalk","USA","American Standard",100,"Good",41.1358373,-73.42862
"norwalk-ct-usa-120587","<a href='https://www.dischord.com/fugazi_live_series/norwalk-ct-usa-120587' target='_blank'>norwalk-ct-usa-120587</a>",1987,"1987 Fall/Winter Regional Dates",1987-12-05,"Anthrax","Norwalk","USA","Soulside",100,"Good",41.1358373,-73.42862
"norwalk-ct-usa-40789","<a href='https://www.dischord.com/fugazi_live_series/norwalk-ct-usa-40789' target='_blank'>norwalk-ct-usa-40789</a>",1989,"1989 Spring USA Tour",1989-04-07,"Anthrax","Norwalk","USA","Heads Up",400,"Good",41.1358373,-73.42862
"norwalk-ct-usa-40789","<a href='https://www.dischord.com/fugazi_live_series/norwalk-ct-usa-40789' target='_blank'>norwalk-ct-usa-40789</a>",1989,"1989 Spring USA Tour",1989-04-07,"Anthrax","Norwalk","USA","Purple Geezus",400,"Good",41.1358373,-73.42862
"norwich-england-50792","<a href='https://www.dischord.com/fugazi_live_series/norwich-england-50792' target='_blank'>norwich-england-50792</a>",1992,"1992 Spring European Tour",1992-05-07,"Waterfront","Norwich","England","Goober Patrol",500,"Excellent",52.6246654,1.30273
"norwich-england-50792","<a href='https://www.dischord.com/fugazi_live_series/norwich-england-50792' target='_blank'>norwich-england-50792</a>",1992,"1992 Spring European Tour",1992-05-07,"Waterfront","Norwich","England","Leatherface",500,"Excellent",52.6246654,1.30273
"norwich-england-50792","<a href='https://www.dischord.com/fugazi_live_series/norwich-england-50792' target='_blank'>norwich-england-50792</a>",1992,"1992 Spring European Tour",1992-05-07,"Waterfront","Norwich","England","Pitchshifter",500,"Excellent",52.6246654,1.30273
"nottingham-england-102302","<a href='https://www.dischord.com/fugazi_live_series/nottingham-england-102302' target='_blank'>nottingham-england-102302</a>",2002,"2002 Fall UK/Ireland Tour",2002-10-23,"Rock City","Nottingham","England","Twinkie",1619,"Very Good",52.9561115,-1.153977
"nottingham-england-102302","<a href='https://www.dischord.com/fugazi_live_series/nottingham-england-102302' target='_blank'>nottingham-england-102302</a>",2002,"2002 Fall UK/Ireland Tour",2002-10-23,"Rock City","Nottingham","England","Wolves (of Greece)",1619,"Very Good",52.9561115,-1.153977
"nottingham-england-112189","<a href='https://www.dischord.com/fugazi_live_series/nottingham-england-112189' target='_blank'>nottingham-england-112189</a>",1989,"1989 Fall European Tour",1989-11-21,"Marcus Garvey Centre","Nottingham","England","Drive",700,NA,52.95305,-1.175891
"nottingham-england-112189","<a href='https://www.dischord.com/fugazi_live_series/nottingham-england-112189' target='_blank'>nottingham-england-112189</a>",1989,"1989 Fall European Tour",1989-11-21,"Marcus Garvey Centre","Nottingham","England","Fudgetunnel",700,NA,52.95305,-1.175891
"nottingham-england-112189","<a href='https://www.dischord.com/fugazi_live_series/nottingham-england-112189' target='_blank'>nottingham-england-112189</a>",1989,"1989 Fall European Tour",1989-11-21,"Marcus Garvey Centre","Nottingham","England","Sofahead",700,NA,52.95305,-1.175891
"nottingham-england-112189","<a href='https://www.dischord.com/fugazi_live_series/nottingham-england-112189' target='_blank'>nottingham-england-112189</a>",1989,"1989 Fall European Tour",1989-11-21,"Marcus Garvey Centre","Nottingham","England","Visions of Change",700,NA,52.95305,-1.175891
"nottingham-england-112788","<a href='https://www.dischord.com/fugazi_live_series/nottingham-england-112788' target='_blank'>nottingham-england-112788</a>",1988,"1988 Fall European Tour",1988-11-27,"Underground Hic","Nottingham","England","Heresy",199,NA,52.953373,-1.14344
"nottingham-england-112788","<a href='https://www.dischord.com/fugazi_live_series/nottingham-england-112788' target='_blank'>nottingham-england-112788</a>",1988,"1988 Fall European Tour",1988-11-27,"Underground Hic","Nottingham","England","Rose Rose",199,NA,52.953373,-1.14344
"nottingham-england-112788","<a href='https://www.dischord.com/fugazi_live_series/nottingham-england-112788' target='_blank'>nottingham-england-112788</a>",1988,"1988 Fall European Tour",1988-11-27,"Underground Hic","Nottingham","England","Snuff",199,NA,52.953373,-1.14344
"nottingham-england-50892","<a href='https://www.dischord.com/fugazi_live_series/nottingham-england-50892' target='_blank'>nottingham-england-50892</a>",1992,"1992 Spring European Tour",1992-05-08,"Nottingham Polytechnic","Nottingham","England","Bivouac",950,"Very Good",52.9584506,-1.15429
"nottingham-england-50892","<a href='https://www.dischord.com/fugazi_live_series/nottingham-england-50892' target='_blank'>nottingham-england-50892</a>",1992,"1992 Spring European Tour",1992-05-08,"Nottingham Polytechnic","Nottingham","England","Pitchshifter",950,"Very Good",52.9584506,-1.15429
"nottingham-england-51295","<a href='https://www.dischord.com/fugazi_live_series/nottingham-england-51295' target='_blank'>nottingham-england-51295</a>",1995,"1995 Spring/Summer European Tour",1995-05-12,"Trent University","Nottingham","England","Bob Tilton",630,"Very Good",52.9584506,-1.15429
"nottingham-england-51295","<a href='https://www.dischord.com/fugazi_live_series/nottingham-england-51295' target='_blank'>nottingham-england-51295</a>",1995,"1995 Spring/Summer European Tour",1995-05-12,"Trent University","Nottingham","England","Slant 6",630,"Very Good",52.9584506,-1.15429
"nottingham-england-51399","<a href='https://www.dischord.com/fugazi_live_series/nottingham-england-51399' target='_blank'>nottingham-england-51399</a>",1999,"1999 Spring UK/Ireland Tour",1999-05-13,"Marcus Garvey Centre","Nottingham","England","6X7",778,"Very Good",52.95305,-1.175891
"nottingham-england-51399","<a href='https://www.dischord.com/fugazi_live_series/nottingham-england-51399' target='_blank'>nottingham-england-51399</a>",1999,"1999 Spring UK/Ireland Tour",1999-05-13,"Marcus Garvey Centre","Nottingham","England","The Boom",778,"Very Good",52.95305,-1.175891
"nottingham-england-91390","<a href='https://www.dischord.com/fugazi_live_series/nottingham-england-91390' target='_blank'>nottingham-england-91390</a>",1990,"1990 Fall European Tour",1990-09-13,"Marcus Garvey Centre","Nottingham","England","Crane",700,"Good",52.95305,-1.175891
"nottingham-england-91390","<a href='https://www.dischord.com/fugazi_live_series/nottingham-england-91390' target='_blank'>nottingham-england-91390</a>",1990,"1990 Fall European Tour",1990-09-13,"Marcus Garvey Centre","Nottingham","England","Insight",700,"Good",52.95305,-1.175891
"nottingham-england-91390","<a href='https://www.dischord.com/fugazi_live_series/nottingham-england-91390' target='_blank'>nottingham-england-91390</a>",1990,"1990 Fall European Tour",1990-09-13,"Marcus Garvey Centre","Nottingham","England","Sink",700,"Good",52.95305,-1.175891
"nuremberg-germany-62292","<a href='https://www.dischord.com/fugazi_live_series/nuremberg-germany-62292' target='_blank'>nuremberg-germany-62292</a>",1992,"1992 Spring European Tour",1992-06-22,"Komm","Nuremberg","Germany","Franz Flak",700,"Good",49.4480703,11.08162
"nuremberg-germany-62292","<a href='https://www.dischord.com/fugazi_live_series/nuremberg-germany-62292' target='_blank'>nuremberg-germany-62292</a>",1992,"1992 Spring European Tour",1992-06-22,"Komm","Nuremberg","Germany","Tech Ahead",700,"Good",49.4480703,11.08162
"nuremberg-germany-92499","<a href='https://www.dischord.com/fugazi_live_series/nuremberg-germany-92499' target='_blank'>nuremberg-germany-92499</a>",1999,"1999 Fall European Tour",1999-09-24,"Z-Bau","Nuremberg","Germany","Bambi Division",918,"Very Good",49.430124,11.094816
"nuremberg-germany-92499","<a href='https://www.dischord.com/fugazi_live_series/nuremberg-germany-92499' target='_blank'>nuremberg-germany-92499</a>",1999,"1999 Fall European Tour",1999-09-24,"Z-Bau","Nuremberg","Germany","Something Like Elvis",918,"Very Good",49.430124,11.094816
"oakland-ca-usa-83191","<a href='https://www.dischord.com/fugazi_live_series/oakland-ca-usa-83191' target='_blank'>oakland-ca-usa-83191</a>",1991,"1991 Summer/Fall USA/Canada Tour",1991-08-31,"Scottish Rites Temple","Oakland","USA","Her Majesty's Baby",1800,"Good",37.8029948,-122.26211
"oakland-ca-usa-83191","<a href='https://www.dischord.com/fugazi_live_series/oakland-ca-usa-83191' target='_blank'>oakland-ca-usa-83191</a>",1991,"1991 Summer/Fall USA/Canada Tour",1991-08-31,"Scottish Rites Temple","Oakland","USA","Nation of Ulysses",1800,"Good",37.8029948,-122.26211
"oakland-ca-usa-83191","<a href='https://www.dischord.com/fugazi_live_series/oakland-ca-usa-83191' target='_blank'>oakland-ca-usa-83191</a>",1991,"1991 Summer/Fall USA/Canada Tour",1991-08-31,"Scottish Rites Temple","Oakland","USA","Richard Loranger",1800,"Good",37.8029948,-122.26211
"oberhausen-germany-101090","<a href='https://www.dischord.com/fugazi_live_series/oberhausen-germany-101090' target='_blank'>oberhausen-germany-101090</a>",1990,"1990 Fall European Tour",1990-10-10,"Music Circus","Oberhausen","Germany","Urge",1500,"Good",51.493526,6.84713
"oberlin-oh-usa-50588","<a href='https://www.dischord.com/fugazi_live_series/oberlin-oh-usa-50588' target='_blank'>oberlin-oh-usa-50588</a>",1988,"1988 Spring USA Tour",1988-05-05,"Oberlin University Student Union Tavern","Oberlin","USA","Kingface",50,NA,41.2958696,-82.22108
"okayama-japan-102296","<a href='https://www.dischord.com/fugazi_live_series/okayama-japan-102296' target='_blank'>okayama-japan-102296</a>",1996,"1996 US/Japan/Hong Kong/Australia Tour",1996-10-22,"Pepperland","Okayama","Japan","Make Up",90,"Excellent",34.684317,133.91992
"okayama-japan-102296","<a href='https://www.dischord.com/fugazi_live_series/okayama-japan-102296' target='_blank'>okayama-japan-102296</a>",1996,"1996 US/Japan/Hong Kong/Australia Tour",1996-10-22,"Pepperland","Okayama","Japan","Playmates",90,"Excellent",34.684317,133.91992
"oklahoma-city-ok-usa-111998","<a href='https://www.dischord.com/fugazi_live_series/oklahoma-city-ok-usa-111998' target='_blank'>oklahoma-city-ok-usa-111998</a>",1998,"1998 Fall Mid-West USA Tour",1998-11-19,"Will Rogers Hall","Oklahoma City","USA","Hovercraft",850,"Good",35.5153769,-97.529645
"oklahoma-city-ok-usa-111998","<a href='https://www.dischord.com/fugazi_live_series/oklahoma-city-ok-usa-111998' target='_blank'>oklahoma-city-ok-usa-111998</a>",1998,"1998 Fall Mid-West USA Tour",1998-11-19,"Will Rogers Hall","Oklahoma City","USA","ICU",850,"Good",35.5153769,-97.529645
"oklahoma-city-ok-usa-112095","<a href='https://www.dischord.com/fugazi_live_series/oklahoma-city-ok-usa-112095' target='_blank'>oklahoma-city-ok-usa-112095</a>",1995,"1995 Fall USA/Canada Tour",1995-11-20,"Diamond Ballroom","Oklahoma City","USA","Unwound",1200,"Very Good",35.3862678,-97.478456
"olathe-ks-usa-111898","<a href='https://www.dischord.com/fugazi_live_series/olathe-ks-usa-111898' target='_blank'>olathe-ks-usa-111898</a>",1998,"1998 Fall Mid-West USA Tour",1998-11-18,"Gee Coffee","Olathe","USA","Rex Hobart & The Misery Boys",750,"Very Good",38.878936,-94.81719
"olympia-wa-usa-102995","<a href='https://www.dischord.com/fugazi_live_series/olympia-wa-usa-102995' target='_blank'>olympia-wa-usa-102995</a>",1995,"1995 Fall USA/Canada Tour",1995-10-29,"Capitol Theater","Olympia","USA","Dub Narcotic",1000,"Very Good",47.044336,-122.89985
"olympia-wa-usa-22799","<a href='https://www.dischord.com/fugazi_live_series/olympia-wa-usa-22799' target='_blank'>olympia-wa-usa-22799</a>",1999,"1999 West Coast USA Tour",1999-02-27,"Capitol Theater","Olympia","USA","Dub Narcotic",1200,"Very Good",47.044336,-122.89985
"olympia-wa-usa-22799","<a href='https://www.dischord.com/fugazi_live_series/olympia-wa-usa-22799' target='_blank'>olympia-wa-usa-22799</a>",1999,"1999 West Coast USA Tour",1999-02-27,"Capitol Theater","Olympia","USA","The Ex",1200,"Very Good",47.044336,-122.89985
"olympia-wa-usa-50893","<a href='https://www.dischord.com/fugazi_live_series/olympia-wa-usa-50893' target='_blank'>olympia-wa-usa-50893</a>",1993,"1993 Spring USA Tour",1993-05-08,"Capitol Theater","Olympia","USA","Kicking Giant",1200,"Very Good",47.044336,-122.89985
"olympia-wa-usa-50893","<a href='https://www.dischord.com/fugazi_live_series/olympia-wa-usa-50893' target='_blank'>olympia-wa-usa-50893</a>",1993,"1993 Spring USA Tour",1993-05-08,"Capitol Theater","Olympia","USA","Lync",1200,"Very Good",47.044336,-122.89985
"olympia-wa-usa-51688","<a href='https://www.dischord.com/fugazi_live_series/olympia-wa-usa-51688' target='_blank'>olympia-wa-usa-51688</a>",1988,"1988 Spring USA Tour",1988-05-16,"Evergreen University","Olympia","USA","Dangermouse",75,"Good",47.0730714,-122.973994
"olympia-wa-usa-51688","<a href='https://www.dischord.com/fugazi_live_series/olympia-wa-usa-51688' target='_blank'>olympia-wa-usa-51688</a>",1988,"1988 Spring USA Tour",1988-05-16,"Evergreen University","Olympia","USA","Green Eggs & Ham",75,"Good",47.0730714,-122.973994
"olympia-wa-usa-52689","<a href='https://www.dischord.com/fugazi_live_series/olympia-wa-usa-52689' target='_blank'>olympia-wa-usa-52689</a>",1989,"1989 Spring USA Tour",1989-05-26,"Rignall Hall","Olympia","USA","Beat Happening",300,NA,47.1496873,-122.944584
"olympia-wa-usa-60290","<a href='https://www.dischord.com/fugazi_live_series/olympia-wa-usa-60290' target='_blank'>olympia-wa-usa-60290</a>",1990,"1990 Spring/Summer USA Tour",1990-06-02,"Chambers Grange Hall","Olympia","USA","Beat Happening",400,"Good",47.0032967,-122.881162
"olympia-wa-usa-60290","<a href='https://www.dischord.com/fugazi_live_series/olympia-wa-usa-60290' target='_blank'>olympia-wa-usa-60290</a>",1990,"1990 Spring/Summer USA Tour",1990-06-02,"Chambers Grange Hall","Olympia","USA","Mecca Normal",400,"Good",47.0032967,-122.881162
"olympia-wa-usa-82591","<a href='https://www.dischord.com/fugazi_live_series/olympia-wa-usa-82591' target='_blank'>olympia-wa-usa-82591</a>",1991,"1991 Summer/Fall USA/Canada Tour",1991-08-25,"Capitol Theater","Olympia","USA","High Performance",800,"Good",47.044336,-122.89985
"olympia-wa-usa-82591","<a href='https://www.dischord.com/fugazi_live_series/olympia-wa-usa-82591' target='_blank'>olympia-wa-usa-82591</a>",1991,"1991 Summer/Fall USA/Canada Tour",1991-08-25,"Capitol Theater","Olympia","USA","L7",800,"Good",47.044336,-122.89985
"olympia-wa-usa-82591","<a href='https://www.dischord.com/fugazi_live_series/olympia-wa-usa-82591' target='_blank'>olympia-wa-usa-82591</a>",1991,"1991 Summer/Fall USA/Canada Tour",1991-08-25,"Capitol Theater","Olympia","USA","Some Velvet Sidewalk",800,"Good",47.044336,-122.89985
"omaha-ne-usa-111798","<a href='https://www.dischord.com/fugazi_live_series/omaha-ne-usa-111798' target='_blank'>omaha-ne-usa-111798</a>",1998,"1998 Fall Mid-West USA Tour",1998-11-17,"Sokol Hall","Omaha","USA","Darktown House Band",1200,"Very Good",41.238464,-95.933788
"omaha-ne-usa-111798","<a href='https://www.dischord.com/fugazi_live_series/omaha-ne-usa-111798' target='_blank'>omaha-ne-usa-111798</a>",1998,"1998 Fall Mid-West USA Tour",1998-11-17,"Sokol Hall","Omaha","USA","The Faint",1200,"Very Good",41.238464,-95.933788
"omaha-ne-usa-52193","<a href='https://www.dischord.com/fugazi_live_series/omaha-ne-usa-52193' target='_blank'>omaha-ne-usa-52193</a>",1993,"1993 Spring USA Tour",1993-05-21,"Peony Park Royal Grove","Omaha","USA","Ritual Device",2800,"Very Good",41.2641952,-96.039304
"omaha-ne-usa-52193","<a href='https://www.dischord.com/fugazi_live_series/omaha-ne-usa-52193' target='_blank'>omaha-ne-usa-52193</a>",1993,"1993 Spring USA Tour",1993-05-21,"Peony Park Royal Grove","Omaha","USA","Sideshow",2800,"Very Good",41.2641952,-96.039304
"omaha-ne-usa-52193","<a href='https://www.dischord.com/fugazi_live_series/omaha-ne-usa-52193' target='_blank'>omaha-ne-usa-52193</a>",1993,"1993 Spring USA Tour",1993-05-21,"Peony Park Royal Grove","Omaha","USA","Unrest",2800,"Very Good",41.2641952,-96.039304
"omaha-ne-usa-60389","<a href='https://www.dischord.com/fugazi_live_series/omaha-ne-usa-60389' target='_blank'>omaha-ne-usa-60389</a>",1989,"1989 Spring USA Tour",1989-06-03,"Radial Social Hall","Omaha","USA","Full Force",350,NA,41.2737913,-95.983958
"omaha-ne-usa-60389","<a href='https://www.dischord.com/fugazi_live_series/omaha-ne-usa-60389' target='_blank'>omaha-ne-usa-60389</a>",1989,"1989 Spring USA Tour",1989-06-03,"Radial Social Hall","Omaha","USA","Insurgence",350,NA,41.2737913,-95.983958
"omaha-ne-usa-60389","<a href='https://www.dischord.com/fugazi_live_series/omaha-ne-usa-60389' target='_blank'>omaha-ne-usa-60389</a>",1989,"1989 Spring USA Tour",1989-06-03,"Radial Social Hall","Omaha","USA","X-Factor",350,NA,41.2737913,-95.983958
"omaha-ne-usa-61090","<a href='https://www.dischord.com/fugazi_live_series/omaha-ne-usa-61090' target='_blank'>omaha-ne-usa-61090</a>",1990,"1990 Spring/Summer USA Tour",1990-06-10,"Sokol Hall","Omaha","USA","C. Palmquist's Band",800,"Good",41.238464,-95.933788
"omaha-ne-usa-61090","<a href='https://www.dischord.com/fugazi_live_series/omaha-ne-usa-61090' target='_blank'>omaha-ne-usa-61090</a>",1990,"1990 Spring/Summer USA Tour",1990-06-10,"Sokol Hall","Omaha","USA","Fish Hippos",800,"Good",41.238464,-95.933788
"omaha-ne-usa-61090","<a href='https://www.dischord.com/fugazi_live_series/omaha-ne-usa-61090' target='_blank'>omaha-ne-usa-61090</a>",1990,"1990 Spring/Summer USA Tour",1990-06-10,"Sokol Hall","Omaha","USA","Sideshow",800,"Good",41.238464,-95.933788
"orlando-fl-usa-11600","<a href='https://www.dischord.com/fugazi_live_series/orlando-fl-usa-11600' target='_blank'>orlando-fl-usa-11600</a>",2000,"2000 Winter Southern USA Tour",2000-01-16,"Firestone","Orlando","USA","Faraquet",1650,"Excellent",28.5497139,-81.380093
"orlando-fl-usa-21393","<a href='https://www.dischord.com/fugazi_live_series/orlando-fl-usa-21393' target='_blank'>orlando-fl-usa-21393</a>",1993,"1993 Winter Southern USA Tour",1993-02-13,"Edge","Orlando","USA","Adventures In Immortality",1600,"Very Good",28.5469645,-81.381113
"orlando-fl-usa-21393","<a href='https://www.dischord.com/fugazi_live_series/orlando-fl-usa-21393' target='_blank'>orlando-fl-usa-21393</a>",1993,"1993 Winter Southern USA Tour",1993-02-13,"Edge","Orlando","USA","Shudder to Think",1600,"Very Good",28.5469645,-81.381113
"orlando-fl-usa-31790","<a href='https://www.dischord.com/fugazi_live_series/orlando-fl-usa-31790' target='_blank'>orlando-fl-usa-31790</a>",1990,"1990 Spring Southern USA Tour",1990-03-17,"Beacham Theater","Orlando","USA","Damage",985,"Good",28.542972,-81.37937
"orlando-fl-usa-40196","<a href='https://www.dischord.com/fugazi_live_series/orlando-fl-usa-40196' target='_blank'>orlando-fl-usa-40196</a>",1996,"1996 Southern USA Tour",1996-04-01,"Firestone","Orlando","USA","Branch Manager",1600,"Good",28.5497139,-81.380093
"orlando-fl-usa-40196","<a href='https://www.dischord.com/fugazi_live_series/orlando-fl-usa-40196' target='_blank'>orlando-fl-usa-40196</a>",1996,"1996 Southern USA Tour",1996-04-01,"Firestone","Orlando","USA","Glorium",1600,"Good",28.5497139,-81.380093
"orlando-fl-usa-51791","<a href='https://www.dischord.com/fugazi_live_series/orlando-fl-usa-51791' target='_blank'>orlando-fl-usa-51791</a>",1991,"1991 Spring USA Tour",1991-05-17,"Beacham Theater","Orlando","USA","Adventures In Immortality",1400,"Good",28.542972,-81.37937
"orlando-fl-usa-51791","<a href='https://www.dischord.com/fugazi_live_series/orlando-fl-usa-51791' target='_blank'>orlando-fl-usa-51791</a>",1991,"1991 Spring USA Tour",1991-05-17,"Beacham Theater","Orlando","USA","Dirt",1400,"Good",28.542972,-81.37937
"osaka-japan-102396","<a href='https://www.dischord.com/fugazi_live_series/osaka-japan-102396' target='_blank'>osaka-japan-102396</a>",1996,"1996 US/Japan/Hong Kong/Australia Tour",1996-10-23,"Sun Hall","Osaka","Japan","Mach Kung Fu",280,"Very Good",34.6709861,135.480857
"osaka-japan-102396","<a href='https://www.dischord.com/fugazi_live_series/osaka-japan-102396' target='_blank'>osaka-japan-102396</a>",1996,"1996 US/Japan/Hong Kong/Australia Tour",1996-10-23,"Sun Hall","Osaka","Japan","Make Up",280,"Very Good",34.6709861,135.480857
"osaka-japan-103193","<a href='https://www.dischord.com/fugazi_live_series/osaka-japan-103193' target='_blank'>osaka-japan-103193</a>",1993,"1993 Japan/Australia/New Zealand Tour",1993-10-31,"AM Hall","Osaka","Japan","Yu",190,"Good",34.7012144,135.499561
"osaka-japan-111491","<a href='https://www.dischord.com/fugazi_live_series/osaka-japan-111491' target='_blank'>osaka-japan-111491</a>",1991,"1991 Australia/New Zealand/Japan Tour",1991-11-14,"Sun Hall","Osaka","Japan","Shonen Knife",200,"Very Good",34.6709861,135.480857
"osaka-japan-111491","<a href='https://www.dischord.com/fugazi_live_series/osaka-japan-111491' target='_blank'>osaka-japan-111491</a>",1991,"1991 Australia/New Zealand/Japan Tour",1991-11-14,"Sun Hall","Osaka","Japan","UFO or Die",200,"Very Good",34.6709861,135.480857
"oslo-norway-100200","<a href='https://www.dischord.com/fugazi_live_series/oslo-norway-100200' target='_blank'>oslo-norway-100200</a>",2000,"2000 Fall Northern European Tour",2000-10-02,"Rockefeller Music Hall","Oslo","Norway","Billion Dollar Mission",650,"Excellent",59.916054,10.750869
"oslo-norway-102588","<a href='https://www.dischord.com/fugazi_live_series/oslo-norway-102588' target='_blank'>oslo-norway-102588</a>",1988,"1988 Fall European Tour",1988-10-25,"Blitz","Oslo","Norway","Life But How to Live It",199,"Very Good",59.9185243,10.737378
"oslo-norway-70692","<a href='https://www.dischord.com/fugazi_live_series/oslo-norway-70692' target='_blank'>oslo-norway-70692</a>",1992,"1992 Spring European Tour",1992-07-06,"Rockefeller Music Hall","Oslo","Norway","So Much Hate",1200,"Good",59.916054,10.750869
"oslo-norway-71495","<a href='https://www.dischord.com/fugazi_live_series/oslo-norway-71495' target='_blank'>oslo-norway-71495</a>",1995,"1995 Spring/Summer European Tour",1995-07-14,"Sentrum Scene","Oslo","Norway","Drunk",950,"Very Good",59.9155143,10.751361
"oslo-norway-92890","<a href='https://www.dischord.com/fugazi_live_series/oslo-norway-92890' target='_blank'>oslo-norway-92890</a>",1990,"1990 Fall European Tour",1990-09-28,"Blitz","Oslo","Norway","Life But How to Live It",500,"Good",59.9185243,10.737378
"osnabruck-germany-62992","<a href='https://www.dischord.com/fugazi_live_series/osnabruck-germany-62992' target='_blank'>osnabruck-germany-62992</a>",1992,"1992 Spring European Tour",1992-06-29,"Hyde Park","Osnabruck","Germany","Tech Ahead",1300,"Good",52.3111916,8.015637
"osnabruck-germany-62992","<a href='https://www.dischord.com/fugazi_live_series/osnabruck-germany-62992' target='_blank'>osnabruck-germany-62992</a>",1992,"1992 Spring European Tour",1992-06-29,"Hyde Park","Osnabruck","Germany","The Pygmies",1300,"Good",52.3111916,8.015637
"ottawa-on-canada-72098","<a href='https://www.dischord.com/fugazi_live_series/ottawa-on-canada-72098' target='_blank'>ottawa-on-canada-72098</a>",1998,"1998 Summer Canada/USA Tour",1998-07-20,"Barrymore's","Ottawa","Canada","Blake",625,"Very Good",45.4143921,-75.695363
"ottawa-on-canada-72098","<a href='https://www.dischord.com/fugazi_live_series/ottawa-on-canada-72098' target='_blank'>ottawa-on-canada-72098</a>",1998,"1998 Summer Canada/USA Tour",1998-07-20,"Barrymore's","Ottawa","Canada","Three Penny Opera",625,"Very Good",45.4143921,-75.695363
"ottawa-on-canada-80391","<a href='https://www.dischord.com/fugazi_live_series/ottawa-on-canada-80391' target='_blank'>ottawa-on-canada-80391</a>",1991,"1991 Summer/Fall USA/Canada Tour",1991-08-03,"Barrymore's","Ottawa","Canada","Malhavoc",500,"Good",45.4143921,-75.695363
"ottawa-on-canada-92695","<a href='https://www.dischord.com/fugazi_live_series/ottawa-on-canada-92695' target='_blank'>ottawa-on-canada-92695</a>",1995,"1995 Fall USA/Canada Tour",1995-09-26,"Carleton University Porter Hall","Ottawa","Canada","Okara",850,"Very Good",45.3840001,-75.697849
"ottawa-on-canada-92695","<a href='https://www.dischord.com/fugazi_live_series/ottawa-on-canada-92695' target='_blank'>ottawa-on-canada-92695</a>",1995,"1995 Fall USA/Canada Tour",1995-09-26,"Carleton University Porter Hall","Ottawa","Canada","Shotmaker",850,"Very Good",45.3840001,-75.697849
"ottawa-on-canada-92989","<a href='https://www.dischord.com/fugazi_live_series/ottawa-on-canada-92989' target='_blank'>ottawa-on-canada-92989</a>",1989,"1989 Fall Canada/NE Tour",1989-09-29,"Glebe Community Center","Ottawa","Canada","Harsh Reality",350,NA,45.402192,-75.69152
"ottawa-on-canada-92989","<a href='https://www.dischord.com/fugazi_live_series/ottawa-on-canada-92989' target='_blank'>ottawa-on-canada-92989</a>",1989,"1989 Fall Canada/NE Tour",1989-09-29,"Glebe Community Center","Ottawa","Canada","The Trapt",350,NA,45.402192,-75.69152
"ottawa-ont-canada-91193","<a href='https://www.dischord.com/fugazi_live_series/ottawa-ont-canada-91193' target='_blank'>ottawa-ont-canada-91193</a>",1993,"1993 Fall USA/Canada Tour",1993-09-11,"Carleton University Porter Hall","Ottawa","Canada","Lockjaw",1100,"Very Good",45.3840001,-75.697849
"ottawa-ont-canada-91193","<a href='https://www.dischord.com/fugazi_live_series/ottawa-ont-canada-91193' target='_blank'>ottawa-ont-canada-91193</a>",1993,"1993 Fall USA/Canada Tour",1993-09-11,"Carleton University Porter Hall","Ottawa","Canada","Shudder to Think",1100,"Very Good",45.3840001,-75.697849
"ottobrunn-germany-110988","<a href='https://www.dischord.com/fugazi_live_series/ottobrunn-germany-110988' target='_blank'>ottobrunn-germany-110988</a>",1988,"1988 Fall European Tour",1988-11-09,"Juz Einsteinstr.","Ottobrunn","Germany","NoNoYesNo",199,NA,48.05477,11.65971
"ottobrunn-germany-110988","<a href='https://www.dischord.com/fugazi_live_series/ottobrunn-germany-110988' target='_blank'>ottobrunn-germany-110988</a>",1988,"1988 Fall European Tour",1988-11-09,"Juz Einsteinstr.","Ottobrunn","Germany","Target of Demand",199,NA,48.05477,11.65971
"ottobrunn-germany-110988","<a href='https://www.dischord.com/fugazi_live_series/ottobrunn-germany-110988' target='_blank'>ottobrunn-germany-110988</a>",1988,"1988 Fall European Tour",1988-11-09,"Juz Einsteinstr.","Ottobrunn","Germany","Yeastie Girlz",199,NA,48.05477,11.65971
"oviedo-spain-52895","<a href='https://www.dischord.com/fugazi_live_series/oviedo-spain-52895' target='_blank'>oviedo-spain-52895</a>",1995,"1995 Spring/Summer European Tour",1995-05-28,"Sala Antiquo","Oviedo","Spain","E-330",500,"Poor",43.3605556,-5.843888
"oxford-ms-usa-41096","<a href='https://www.dischord.com/fugazi_live_series/oxford-ms-usa-41096' target='_blank'>oxford-ms-usa-41096</a>",1996,"1996 Southern USA Tour",1996-04-10,"Lafayettes","Oxford","USA","Branch Manager",600,"Good",34.3667624,-89.52028
"oxford-ms-usa-41096","<a href='https://www.dischord.com/fugazi_live_series/oxford-ms-usa-41096' target='_blank'>oxford-ms-usa-41096</a>",1996,"1996 Southern USA Tour",1996-04-10,"Lafayettes","Oxford","USA","The Neckbones",600,"Good",34.3667624,-89.52028
"padova-italy-60992","<a href='https://www.dischord.com/fugazi_live_series/padova-italy-60992' target='_blank'>padova-italy-60992</a>",1992,"1992 Spring European Tour",1992-06-09,"C.S.O Pedro","Padova","Italy","Frutteti Riarsi",2000,"Good",45.4238226,11.870893
"padova-italy-61395","<a href='https://www.dischord.com/fugazi_live_series/padova-italy-61395' target='_blank'>padova-italy-61395</a>",1995,"1995 Spring/Summer European Tour",1995-06-13,"C.S.O Pedro","Padova","Italy","Assalti Frontali",2500,"Very Good",45.4238226,11.870893
"palo-alto-ca-usa-22199","<a href='https://www.dischord.com/fugazi_live_series/palo-alto-ca-usa-22199' target='_blank'>palo-alto-ca-usa-22199</a>",1999,"1999 West Coast USA Tour",1999-02-21,"Edge","Palo Alto","USA","The Ex",1000,"Excellent",37.4280097,-122.14395
"palo-alto-ca-usa-22199","<a href='https://www.dischord.com/fugazi_live_series/palo-alto-ca-usa-22199' target='_blank'>palo-alto-ca-usa-22199</a>",1999,"1999 West Coast USA Tour",1999-02-21,"Edge","Palo Alto","USA","The Thrones",1000,"Excellent",37.4280097,-122.14395
"paris-france-101499","<a href='https://www.dischord.com/fugazi_live_series/paris-france-101499' target='_blank'>paris-france-101499</a>",1999,"1999 Fall European Tour",1999-10-14,"Le Cafe De la Danse","Paris","France",NA,700,"Very Good",48.8540691,2.372902
"paris-france-110590","<a href='https://www.dischord.com/fugazi_live_series/paris-france-110590' target='_blank'>paris-france-110590</a>",1990,"1990 Fall European Tour",1990-11-05,"Espace Ornano","Paris","France","Dirty District",500,"Good",48.8966815,2.343572
"paris-france-112288","<a href='https://www.dischord.com/fugazi_live_series/paris-france-112288' target='_blank'>paris-france-112288</a>",1988,"1988 Fall European Tour",1988-11-22,"Club Gibus","Paris","France","Krull",199,"Good",48.86824,2.36632
"paris-france-121189","<a href='https://www.dischord.com/fugazi_live_series/paris-france-121189' target='_blank'>paris-france-121189</a>",1989,"1989 Fall European Tour",1989-12-11,"Forum de Grenelle","Paris","France","Apologize",452,"Good",48.8471066,2.29865
"paris-france-121189","<a href='https://www.dischord.com/fugazi_live_series/paris-france-121189' target='_blank'>paris-france-121189</a>",1989,"1989 Fall European Tour",1989-12-11,"Forum de Grenelle","Paris","France","GI Love",452,"Good",48.8471066,2.29865
"paris-france-121189","<a href='https://www.dischord.com/fugazi_live_series/paris-france-121189' target='_blank'>paris-france-121189</a>",1989,"1989 Fall European Tour",1989-12-11,"Forum de Grenelle","Paris","France","The Swinging Scene",452,"Good",48.8471066,2.29865
"paris-france-52295","<a href='https://www.dischord.com/fugazi_live_series/paris-france-52295' target='_blank'>paris-france-52295</a>",1995,"1995 Spring/Summer European Tour",1995-05-22,"Elysee Montmartre","Paris","France","Cooper",1280,"Good",48.8830347,2.343636
"paris-france-52792","<a href='https://www.dischord.com/fugazi_live_series/paris-france-52792' target='_blank'>paris-france-52792</a>",1992,"1992 Spring European Tour",1992-05-27,"Elysee Montmartre","Paris","France","Girls Vs. Boys",1300,"Very Good",48.8830347,2.343636
"paris-france-52792","<a href='https://www.dischord.com/fugazi_live_series/paris-france-52792' target='_blank'>paris-france-52792</a>",1992,"1992 Spring European Tour",1992-05-27,"Elysee Montmartre","Paris","France","M.A.T.",1300,"Very Good",48.8830347,2.343636
"pensacola-fl-usa-31990","<a href='https://www.dischord.com/fugazi_live_series/pensacola-fl-usa-31990' target='_blank'>pensacola-fl-usa-31990</a>",1990,"1990 Spring Southern USA Tour",1990-03-19,"Nite Owl","Pensacola","USA","Headless Marines",275,"Very Good",30.4457275,-87.23178
"pensacola-fl-usa-52091","<a href='https://www.dischord.com/fugazi_live_series/pensacola-fl-usa-52091' target='_blank'>pensacola-fl-usa-52091</a>",1991,"1991 Spring USA Tour",1991-05-20,"Nite Owl","Pensacola","USA","Quit",650,"Poor",30.4457275,-87.23178
"peoria-il-usa-100995","<a href='https://www.dischord.com/fugazi_live_series/peoria-il-usa-100995' target='_blank'>peoria-il-usa-100995</a>",1995,"1995 Fall USA/Canada Tour",1995-10-09,"Expo Gardens","Peoria","USA","Make Up",780,"Very Good",40.765357,-89.6191
"peoria-il-usa-100995","<a href='https://www.dischord.com/fugazi_live_series/peoria-il-usa-100995' target='_blank'>peoria-il-usa-100995</a>",1995,"1995 Fall USA/Canada Tour",1995-10-09,"Expo Gardens","Peoria","USA","Mingus Council",780,"Very Good",40.765357,-89.6191
"perth-australia-111093","<a href='https://www.dischord.com/fugazi_live_series/perth-australia-111093' target='_blank'>perth-australia-111093</a>",1993,"1993 Japan/Australia/New Zealand Tour",1993-11-10,"Club O","Perth","Australia","Bucket",800,NA,-31.9573625,115.86832
"perth-australia-111093","<a href='https://www.dischord.com/fugazi_live_series/perth-australia-111093' target='_blank'>perth-australia-111093</a>",1993,"1993 Japan/Australia/New Zealand Tour",1993-11-10,"Club O","Perth","Australia","Veronas",800,NA,-31.9573625,115.86832
"perth-australia-111096","<a href='https://www.dischord.com/fugazi_live_series/perth-australia-111096' target='_blank'>perth-australia-111096</a>",1996,"1996 US/Japan/Hong Kong/Australia Tour",1996-11-10,"Univ. of West Australia","Perth","Australia","Beaverloop",913,"Very Good",-31.9780548,115.818651
"perth-australia-111096","<a href='https://www.dischord.com/fugazi_live_series/perth-australia-111096' target='_blank'>perth-australia-111096</a>",1996,"1996 US/Japan/Hong Kong/Australia Tour",1996-11-10,"Univ. of West Australia","Perth","Australia","Blue Tile Lounge",913,"Very Good",-31.9780548,115.818651
"petaluma-ca-usa-83091","<a href='https://www.dischord.com/fugazi_live_series/petaluma-ca-usa-83091' target='_blank'>petaluma-ca-usa-83091</a>",1991,"1991 Summer/Fall USA/Canada Tour",1991-08-30,"Phoenix Theater","Petaluma","USA","Nation of Ulysses",750,"Good",38.2348794,-122.643066
"petaluma-ca-usa-83091","<a href='https://www.dischord.com/fugazi_live_series/petaluma-ca-usa-83091' target='_blank'>petaluma-ca-usa-83091</a>",1991,"1991 Summer/Fall USA/Canada Tour",1991-08-30,"Phoenix Theater","Petaluma","USA","Toast",750,"Good",38.2348794,-122.643066
"philadelphia-pa-usa-120499","<a href='https://www.dischord.com/fugazi_live_series/philadelphia-pa-usa-120499' target='_blank'>philadelphia-pa-usa-120499</a>",1999,"1999 Fall/Winter Southern USA Tour",1999-12-04,"Electric Factory","Philadelphia","USA","Lungfish",3000,"Excellent",39.9588648,-75.150209
"philadelphia-pa-usa-120499","<a href='https://www.dischord.com/fugazi_live_series/philadelphia-pa-usa-120499' target='_blank'>philadelphia-pa-usa-120499</a>",1999,"1999 Fall/Winter Southern USA Tour",1999-12-04,"Electric Factory","Philadelphia","USA","The Ex",3000,"Excellent",39.9588648,-75.150209
"philadelphia-pa-usa-30291","<a href='https://www.dischord.com/fugazi_live_series/philadelphia-pa-usa-30291' target='_blank'>philadelphia-pa-usa-30291</a>",1991,"1991 Winter/Spring East Coast USA Tour",1991-03-02,"Drexel University","Philadelphia","USA","Random Children",1800,"Good",39.9557137,-75.192566
"philadelphia-pa-usa-30291","<a href='https://www.dischord.com/fugazi_live_series/philadelphia-pa-usa-30291' target='_blank'>philadelphia-pa-usa-30291</a>",1991,"1991 Winter/Spring East Coast USA Tour",1991-03-02,"Drexel University","Philadelphia","USA","Youth Tsunami",1800,"Good",39.9557137,-75.192566
"philadelphia-pa-usa-40195","<a href='https://www.dischord.com/fugazi_live_series/philadelphia-pa-usa-40195' target='_blank'>philadelphia-pa-usa-40195</a>",1995,"1995 USA East Coast Tour",1995-04-01,"Trocadero","Philadelphia","USA","Make Up",1200,"Excellent",39.9537103,-75.156533
"philadelphia-pa-usa-40195","<a href='https://www.dischord.com/fugazi_live_series/philadelphia-pa-usa-40195' target='_blank'>philadelphia-pa-usa-40195</a>",1995,"1995 USA East Coast Tour",1995-04-01,"Trocadero","Philadelphia","USA","Metamatics",1200,"Excellent",39.9537103,-75.156533
"philadelphia-pa-usa-40295","<a href='https://www.dischord.com/fugazi_live_series/philadelphia-pa-usa-40295' target='_blank'>philadelphia-pa-usa-40295</a>",1995,"1995 USA East Coast Tour",1995-04-02,"Trocadero","Philadelphia","USA","Make Up",1200,"Very Good",39.9537103,-75.156533
"philadelphia-pa-usa-40295","<a href='https://www.dischord.com/fugazi_live_series/philadelphia-pa-usa-40295' target='_blank'>philadelphia-pa-usa-40295</a>",1995,"1995 USA East Coast Tour",1995-04-02,"Trocadero","Philadelphia","USA","Metamatics",1200,"Very Good",39.9537103,-75.156533
"philadelphia-pa-usa-40692","<a href='https://www.dischord.com/fugazi_live_series/philadelphia-pa-usa-40692' target='_blank'>philadelphia-pa-usa-40692</a>",1992,"1992 Spring East Coast Tour",1992-04-06,"Trocadero","Philadelphia","USA","High Karate",1200,"Very Good",39.9537103,-75.156533
"philadelphia-pa-usa-40692","<a href='https://www.dischord.com/fugazi_live_series/philadelphia-pa-usa-40692' target='_blank'>philadelphia-pa-usa-40692</a>",1992,"1992 Spring East Coast Tour",1992-04-06,"Trocadero","Philadelphia","USA","Scrawl",1200,"Very Good",39.9537103,-75.156533
"philadelphia-pa-usa-50397","<a href='https://www.dischord.com/fugazi_live_series/philadelphia-pa-usa-50397' target='_blank'>philadelphia-pa-usa-50397</a>",1997,"1997 East Coast USA Tour",1997-05-03,"Electric Factory","Philadelphia","USA","Branch Manager",2900,"Good",39.9588648,-75.150209
"philadelphia-pa-usa-50397","<a href='https://www.dischord.com/fugazi_live_series/philadelphia-pa-usa-50397' target='_blank'>philadelphia-pa-usa-50397</a>",1997,"1997 East Coast USA Tour",1997-05-03,"Electric Factory","Philadelphia","USA","Skeleton Key",2900,"Good",39.9588648,-75.150209
"philadelphia-pa-usa-80788","<a href='https://www.dischord.com/fugazi_live_series/philadelphia-pa-usa-80788' target='_blank'>philadelphia-pa-usa-80788</a>",1988,"1988 Summer/Fall Regional Dates",1988-08-07,"Frankford YWCA","Philadelphia","USA","Scram",100,"Poor",40.0184468,-75.0867
"philadelphia-pa-usa-80788","<a href='https://www.dischord.com/fugazi_live_series/philadelphia-pa-usa-80788' target='_blank'>philadelphia-pa-usa-80788</a>",1988,"1988 Summer/Fall Regional Dates",1988-08-07,"Frankford YWCA","Philadelphia","USA","T.C.O",100,"Poor",40.0184468,-75.0867
"philadelphia-pa-usa-92389","<a href='https://www.dischord.com/fugazi_live_series/philadelphia-pa-usa-92389' target='_blank'>philadelphia-pa-usa-92389</a>",1989,"1989 Fall Canada/NE Tour",1989-09-23,"Drexel University","Philadelphia","USA","Scram",850,"Good",39.9557137,-75.192566
"philadelphia-pa-usa-92389","<a href='https://www.dischord.com/fugazi_live_series/philadelphia-pa-usa-92389' target='_blank'>philadelphia-pa-usa-92389</a>",1989,"1989 Fall Canada/NE Tour",1989-09-23,"Drexel University","Philadelphia","USA","Two Hundred Stitches",850,"Good",39.9557137,-75.192566
"philadelphia-pa-usa-92793","<a href='https://www.dischord.com/fugazi_live_series/philadelphia-pa-usa-92793' target='_blank'>philadelphia-pa-usa-92793</a>",1993,"1993 Fall USA/Canada Tour",1993-09-27,"Trocadero","Philadelphia","USA","Rancid",1200,"Very Good",39.9537103,-75.156533
"philadelphia-pa-usa-92793","<a href='https://www.dischord.com/fugazi_live_series/philadelphia-pa-usa-92793' target='_blank'>philadelphia-pa-usa-92793</a>",1993,"1993 Fall USA/Canada Tour",1993-09-27,"Trocadero","Philadelphia","USA","Spinanes",1200,"Very Good",39.9537103,-75.156533
"philadelphia-pa-usa-92893","<a href='https://www.dischord.com/fugazi_live_series/philadelphia-pa-usa-92893' target='_blank'>philadelphia-pa-usa-92893</a>",1993,"1993 Fall USA/Canada Tour",1993-09-28,"Trocadero","Philadelphia","USA","Cupid Car Club",1200,"Very Good",39.9537103,-75.156533
"philadelphia-pa-usa-92893","<a href='https://www.dischord.com/fugazi_live_series/philadelphia-pa-usa-92893' target='_blank'>philadelphia-pa-usa-92893</a>",1993,"1993 Fall USA/Canada Tour",1993-09-28,"Trocadero","Philadelphia","USA","Spinanes",1200,"Very Good",39.9537103,-75.156533
"phoenix-az-usa-111195","<a href='https://www.dischord.com/fugazi_live_series/phoenix-az-usa-111195' target='_blank'>phoenix-az-usa-111195</a>",1995,"1995 Fall USA/Canada Tour",1995-11-11,"Party Gardens","Phoenix","USA","400 Years",2500,"Very Good",33.4510218,-111.963322
"phoenix-az-usa-111195","<a href='https://www.dischord.com/fugazi_live_series/phoenix-az-usa-111195' target='_blank'>phoenix-az-usa-111195</a>",1995,"1995 Fall USA/Canada Tour",1995-11-11,"Party Gardens","Phoenix","USA","Unwound",2500,"Very Good",33.4510218,-111.963322
"phoenix-az-usa-41201","<a href='https://www.dischord.com/fugazi_live_series/phoenix-az-usa-41201' target='_blank'>phoenix-az-usa-41201</a>",2001,"2001 Spring Western USA Tour",2001-04-12,"Celebrity Theater","Phoenix","USA","Black Heart Procession",2600,"Very Good",33.4544264,-112.01478
"phoenix-az-usa-51290","<a href='https://www.dischord.com/fugazi_live_series/phoenix-az-usa-51290' target='_blank'>phoenix-az-usa-51290</a>",1990,"1990 Spring/Summer USA Tour",1990-05-12,"U.A. Local Pipefitter's Hall","Phoenix","USA","Mother Helper",700,"Good",33.4844125,-112.03006
"phoenix-az-usa-51290","<a href='https://www.dischord.com/fugazi_live_series/phoenix-az-usa-51290' target='_blank'>phoenix-az-usa-51290</a>",1990,"1990 Spring/Summer USA Tour",1990-05-12,"U.A. Local Pipefitter's Hall","Phoenix","USA","Stench",700,"Good",33.4844125,-112.03006
"phoenix-az-usa-51689","<a href='https://www.dischord.com/fugazi_live_series/phoenix-az-usa-51689' target='_blank'>phoenix-az-usa-51689</a>",1989,"1989 Spring USA Tour",1989-05-16,"Time Out of Mind","Phoenix","USA","G-Whiz",140,"Good",33.4091739,-112.001117
"phoenix-az-usa-51689","<a href='https://www.dischord.com/fugazi_live_series/phoenix-az-usa-51689' target='_blank'>phoenix-az-usa-51689</a>",1989,"1989 Spring USA Tour",1989-05-16,"Time Out of Mind","Phoenix","USA","Religious Skid",140,"Good",33.4091739,-112.001117
"phoenix-az-usa-90991","<a href='https://www.dischord.com/fugazi_live_series/phoenix-az-usa-90991' target='_blank'>phoenix-az-usa-90991</a>",1991,"1991 Summer/Fall USA/Canada Tour",1991-09-09,"Silver Dollar","Phoenix","USA","Beats the Hell Outta Me",1160,"Very Good",33.4462876,-112.025914
"phoenix-az-usa-90991","<a href='https://www.dischord.com/fugazi_live_series/phoenix-az-usa-90991' target='_blank'>phoenix-az-usa-90991</a>",1991,"1991 Summer/Fall USA/Canada Tour",1991-09-09,"Silver Dollar","Phoenix","USA","Horace Pinker",1160,"Very Good",33.4462876,-112.025914
"pila-poland-100490","<a href='https://www.dischord.com/fugazi_live_series/pila-poland-100490' target='_blank'>pila-poland-100490</a>",1990,"1990 Fall European Tour",1990-10-04,"Sports Gym","Pila","Poland","Alliance",700,"Good",53.1543898,16.754459
"pila-poland-100490","<a href='https://www.dischord.com/fugazi_live_series/pila-poland-100490' target='_blank'>pila-poland-100490</a>",1990,"1990 Fall European Tour",1990-10-04,"Sports Gym","Pila","Poland","Collaborators",700,"Good",53.1543898,16.754459
"piracicaba-brazil-80597","<a href='https://www.dischord.com/fugazi_live_series/piracicaba-brazil-80597' target='_blank'>piracicaba-brazil-80597</a>",1997,"1997 Summer Brazil/S. America Tour",1997-08-05,"Blue Galeria","Piracicaba","Brazil","Killing Chainsaws",450,"Poor",-22.73377,-47.6389
"pisa-italy-102890","<a href='https://www.dischord.com/fugazi_live_series/pisa-italy-102890' target='_blank'>pisa-italy-102890</a>",1990,"1990 Fall European Tour",1990-10-28,"Macchia Nera","Pisa","Italy",NA,600,"Very Good",43.7062561,10.418156
"pisa-italy-111888","<a href='https://www.dischord.com/fugazi_live_series/pisa-italy-111888' target='_blank'>pisa-italy-111888</a>",1988,"1988 Fall European Tour",1988-11-18,"Social Center","Pisa","Italy",NA,199,NA,43.7062561,10.418156
"pisa-italy-60692","<a href='https://www.dischord.com/fugazi_live_series/pisa-italy-60692' target='_blank'>pisa-italy-60692</a>",1992,"1992 Spring European Tour",1992-06-06,"Macchia Nera","Pisa","Italy","Glommin Geek",850,"Good",43.7062561,10.418156
"pittsburgh-pa-usa-42101","<a href='https://www.dischord.com/fugazi_live_series/pittsburgh-pa-usa-42101' target='_blank'>pittsburgh-pa-usa-42101</a>",2001,"2001 Spring Western USA Tour",2001-04-21,"Carnegie Mellon University","Pittsburgh","USA","Dead Meadow",2000,"Very Good",40.4418627,-79.942873
"pittsburgh-pa-usa-50298","<a href='https://www.dischord.com/fugazi_live_series/pittsburgh-pa-usa-50298' target='_blank'>pittsburgh-pa-usa-50298</a>",1998,"1998 Spring USA Tour",1998-05-02,"Carnegie Mellon University","Pittsburgh","USA","Burning Airlines",1300,"Very Good",40.4418627,-79.942873
"pittsburgh-pa-usa-50298","<a href='https://www.dischord.com/fugazi_live_series/pittsburgh-pa-usa-50298' target='_blank'>pittsburgh-pa-usa-50298</a>",1998,"1998 Spring USA Tour",1998-05-02,"Carnegie Mellon University","Pittsburgh","USA","Quixotic",1300,"Very Good",40.4418627,-79.942873
"pittsburgh-pa-usa-61491","<a href='https://www.dischord.com/fugazi_live_series/pittsburgh-pa-usa-61491' target='_blank'>pittsburgh-pa-usa-61491</a>",1991,"1991 Spring USA Tour",1991-06-14,"Metropol","Pittsburgh","USA","Jawbox",1350,"Good",40.4494862,-79.98741
"pittsburgh-pa-usa-61689","<a href='https://www.dischord.com/fugazi_live_series/pittsburgh-pa-usa-61689' target='_blank'>pittsburgh-pa-usa-61689</a>",1989,"1989 Spring USA Tour",1989-06-16,"Sonic Temple","Pittsburgh","USA","Pleasureheads",200,"Good",40.441639,-79.883464
"pittsburgh-pa-usa-62990","<a href='https://www.dischord.com/fugazi_live_series/pittsburgh-pa-usa-62990' target='_blank'>pittsburgh-pa-usa-62990</a>",1990,"1990 Spring/Summer USA Tour",1990-06-29,"Upstage Lounge","Pittsburgh","USA","210",500,"Good",40.401621,-79.86474
"pittsburgh-pa-usa-82093","<a href='https://www.dischord.com/fugazi_live_series/pittsburgh-pa-usa-82093' target='_blank'>pittsburgh-pa-usa-82093</a>",1993,"1993 Fall USA/Canada Tour",1993-08-20,"Metropol","Pittsburgh","USA","Scrawl",1300,"Good",40.4494862,-79.98741
"pittsburgh-pa-usa-92995","<a href='https://www.dischord.com/fugazi_live_series/pittsburgh-pa-usa-92995' target='_blank'>pittsburgh-pa-usa-92995</a>",1995,"1995 Fall USA/Canada Tour",1995-09-29,"Metropol","Pittsburgh","USA","Branch Manager",1300,"Very Good",40.4494862,-79.98741
"poitiers-france-101299","<a href='https://www.dischord.com/fugazi_live_series/poitiers-france-101299' target='_blank'>poitiers-france-101299</a>",1999,"1999 Fall European Tour",1999-10-12,"Le Confort Moderne","Poitiers","France","Gum",650,NA,46.5727463,0.35974
"poitiers-france-110390","<a href='https://www.dischord.com/fugazi_live_series/poitiers-france-110390' target='_blank'>poitiers-france-110390</a>",1990,"1990 Fall European Tour",1990-11-03,"Le Confort Moderne","Poitiers","France","Parkinson Square",500,"Very Good",46.5727463,0.35974
"poitiers-france-52495","<a href='https://www.dischord.com/fugazi_live_series/poitiers-france-52495' target='_blank'>poitiers-france-52495</a>",1995,"1995 Spring/Summer European Tour",1995-05-24,"Le Confort Moderne","Poitiers","France",NA,1280,"Very Good",46.5727463,0.35974
"poitiers-france-52892","<a href='https://www.dischord.com/fugazi_live_series/poitiers-france-52892' target='_blank'>poitiers-france-52892</a>",1992,"1992 Spring European Tour",1992-05-28,"La Blaiserie","Poitiers","France","Dirty District",700,"Very Good",46.5921071,0.321234
"pomona-ca-usa-30799","<a href='https://www.dischord.com/fugazi_live_series/pomona-ca-usa-30799' target='_blank'>pomona-ca-usa-30799</a>",1999,"1999 West Coast USA Tour",1999-03-07,"Glasshouse","Pomona","USA","Fluf",1000,"Good",34.0575371,-117.751493
"pomona-ca-usa-52288","<a href='https://www.dischord.com/fugazi_live_series/pomona-ca-usa-52288' target='_blank'>pomona-ca-usa-52288</a>",1988,"1988 Spring USA Tour",1988-05-22,"Elks Lodge","Pomona","USA","Lazy Cowgirls",199,"Good",34.062,-117.738
"pomona-ca-usa-52288","<a href='https://www.dischord.com/fugazi_live_series/pomona-ca-usa-52288' target='_blank'>pomona-ca-usa-52288</a>",1988,"1988 Spring USA Tour",1988-05-22,"Elks Lodge","Pomona","USA","Public Humiliation",199,"Good",34.062,-117.738
"pomona-ca-usa-52288","<a href='https://www.dischord.com/fugazi_live_series/pomona-ca-usa-52288' target='_blank'>pomona-ca-usa-52288</a>",1988,"1988 Spring USA Tour",1988-05-22,"Elks Lodge","Pomona","USA","Savage Republic",199,"Good",34.062,-117.738
"pontiac-mi-usa-90493","<a href='https://www.dischord.com/fugazi_live_series/pontiac-mi-usa-90493' target='_blank'>pontiac-mi-usa-90493</a>",1993,"1993 Fall USA/Canada Tour",1993-09-04,"Phoenix Plaza Ampitheater","Pontiac","USA","Laughing Hyenas",5000,"Very Good",42.635682,-83.29037
"pontiac-mi-usa-90493","<a href='https://www.dischord.com/fugazi_live_series/pontiac-mi-usa-90493' target='_blank'>pontiac-mi-usa-90493</a>",1993,"1993 Fall USA/Canada Tour",1993-09-04,"Phoenix Plaza Ampitheater","Pontiac","USA","Slant 6",5000,"Very Good",42.635682,-83.29037
"portland-me-usa-31591","<a href='https://www.dischord.com/fugazi_live_series/portland-me-usa-31591' target='_blank'>portland-me-usa-31591</a>",1991,"1991 Winter/Spring East Coast USA Tour",1991-03-15,"Zootz","Portland","USA","Vampire Lezbos",400,"Good",43.6551839,-70.26327
"portland-me-usa-40895","<a href='https://www.dischord.com/fugazi_live_series/portland-me-usa-40895' target='_blank'>portland-me-usa-40895</a>",1995,"1995 USA East Coast Tour",1995-04-08,"Sullivan Gym, U. of S. Maine","Portland","USA","Karate",1500,"Very Good",43.6635352,-70.275565
"portland-me-usa-40895","<a href='https://www.dischord.com/fugazi_live_series/portland-me-usa-40895' target='_blank'>portland-me-usa-40895</a>",1995,"1995 USA East Coast Tour",1995-04-08,"Sullivan Gym, U. of S. Maine","Portland","USA","Unwound",1500,"Very Good",43.6635352,-70.275565
"portland-me-usa-41292","<a href='https://www.dischord.com/fugazi_live_series/portland-me-usa-41292' target='_blank'>portland-me-usa-41292</a>",1992,"1992 Spring East Coast Tour",1992-04-12,"Father Hayes Gym Bar","Portland","USA","Vampire Lezbos",750,"Very Good",43.6822311,-70.29348
"portland-me-usa-72698","<a href='https://www.dischord.com/fugazi_live_series/portland-me-usa-72698' target='_blank'>portland-me-usa-72698</a>",1998,"1998 Summer Canada/USA Tour",1998-07-27,"Asylum","Portland","USA","13 Ghost",750,"Good",43.6565853,-70.258991
"portland-me-usa-72698","<a href='https://www.dischord.com/fugazi_live_series/portland-me-usa-72698' target='_blank'>portland-me-usa-72698</a>",1998,"1998 Summer Canada/USA Tour",1998-07-27,"Asylum","Portland","USA","Panoply Academy",750,"Good",43.6565853,-70.258991
"portland-me-usa-91493","<a href='https://www.dischord.com/fugazi_live_series/portland-me-usa-91493' target='_blank'>portland-me-usa-91493</a>",1993,"1993 Fall USA/Canada Tour",1993-09-14,"58 Fore St.","Portland","USA","Shudder to Think",1100,"Good",43.663166,-70.243494
"portland-me-usa-91493","<a href='https://www.dischord.com/fugazi_live_series/portland-me-usa-91493' target='_blank'>portland-me-usa-91493</a>",1993,"1993 Fall USA/Canada Tour",1993-09-14,"58 Fore St.","Portland","USA","Vampire Lezbos",1100,"Good",43.663166,-70.243494
"portland-or-usa-110295","<a href='https://www.dischord.com/fugazi_live_series/portland-or-usa-110295' target='_blank'>portland-or-usa-110295</a>",1995,"1995 Fall USA/Canada Tour",1995-11-02,"La Luna","Portland","USA","Dub Narcotic",1100,"Very Good",45.520777,-122.656561
"portland-or-usa-110295","<a href='https://www.dischord.com/fugazi_live_series/portland-or-usa-110295' target='_blank'>portland-or-usa-110295</a>",1995,"1995 Fall USA/Canada Tour",1995-11-02,"La Luna","Portland","USA","Warmers",1100,"Very Good",45.520777,-122.656561
"portland-or-usa-22699","<a href='https://www.dischord.com/fugazi_live_series/portland-or-usa-22699' target='_blank'>portland-or-usa-22699</a>",1999,"1999 West Coast USA Tour",1999-02-26,"Crystal Ballroom","Portland","USA","The Ex",1200,"Very Good",45.5228361,-122.68488
"portland-or-usa-22699","<a href='https://www.dischord.com/fugazi_live_series/portland-or-usa-22699' target='_blank'>portland-or-usa-22699</a>",1999,"1999 West Coast USA Tour",1999-02-26,"Crystal Ballroom","Portland","USA","The Need",1200,"Very Good",45.5228361,-122.68488
"portland-or-usa-50593","<a href='https://www.dischord.com/fugazi_live_series/portland-or-usa-50593' target='_blank'>portland-or-usa-50593</a>",1993,"1993 Spring USA Tour",1993-05-05,"Melody Ballroom","Portland","USA","Adickdid",800,"Very Good",45.5180556,-122.659444
"portland-or-usa-50593","<a href='https://www.dischord.com/fugazi_live_series/portland-or-usa-50593' target='_blank'>portland-or-usa-50593</a>",1993,"1993 Spring USA Tour",1993-05-05,"Melody Ballroom","Portland","USA","New Bad Things",800,"Very Good",45.5180556,-122.659444
"portland-or-usa-53190","<a href='https://www.dischord.com/fugazi_live_series/portland-or-usa-53190' target='_blank'>portland-or-usa-53190</a>",1990,"1990 Spring/Summer USA Tour",1990-05-31,"Pine Street Theater","Portland","USA","Beat Happening",580,"Good",45.5207801,-122.656613
"portland-or-usa-82791","<a href='https://www.dischord.com/fugazi_live_series/portland-or-usa-82791' target='_blank'>portland-or-usa-82791</a>",1991,"1991 Summer/Fall USA/Canada Tour",1991-08-27,"Melody Ballroom","Portland","USA","Beat Happening",850,"Very Good",45.5180556,-122.659444
"portland-or-usa-82791","<a href='https://www.dischord.com/fugazi_live_series/portland-or-usa-82791' target='_blank'>portland-or-usa-82791</a>",1991,"1991 Summer/Fall USA/Canada Tour",1991-08-27,"Melody Ballroom","Portland","USA","Nation of Ulysses",850,"Very Good",45.5180556,-122.659444
"portsmouth-england-111589","<a href='https://www.dischord.com/fugazi_live_series/portsmouth-england-111589' target='_blank'>portsmouth-england-111589</a>",1989,"1989 Fall European Tour",1989-11-15,"Portsmouth Polytechnic","Portsmouth","England","AC Temple",300,NA,50.7951373,-1.093647
"portsmouth-england-50592","<a href='https://www.dischord.com/fugazi_live_series/portsmouth-england-50592' target='_blank'>portsmouth-england-50592</a>",1992,"1992 Spring European Tour",1992-05-05,"Gayety Lounge","Portsmouth","England","Leatherface",300,"Good",50.778778,-1.076084
"portsmouth-england-50592","<a href='https://www.dischord.com/fugazi_live_series/portsmouth-england-50592' target='_blank'>portsmouth-england-50592</a>",1992,"1992 Spring European Tour",1992-05-05,"Gayety Lounge","Portsmouth","England","Scizzormen",300,"Good",50.778778,-1.076084
"poughkeepsie-ny-usa-40695","<a href='https://www.dischord.com/fugazi_live_series/poughkeepsie-ny-usa-40695' target='_blank'>poughkeepsie-ny-usa-40695</a>",1995,"1995 USA East Coast Tour",1995-04-06,"Vassar College Walker Fieldhouse","Poughkeepsie","USA","Lois",1200,"Very Good",41.6853706,-73.88959
"poughkeepsie-ny-usa-40695","<a href='https://www.dischord.com/fugazi_live_series/poughkeepsie-ny-usa-40695' target='_blank'>poughkeepsie-ny-usa-40695</a>",1995,"1995 USA East Coast Tour",1995-04-06,"Vassar College Walker Fieldhouse","Poughkeepsie","USA","Unwound",1200,"Very Good",41.6853706,-73.88959
"poughkeepsie-ny-usa-41390","<a href='https://www.dischord.com/fugazi_live_series/poughkeepsie-ny-usa-41390' target='_blank'>poughkeepsie-ny-usa-41390</a>",1990,"1990 Spring NE USA Tour",1990-04-13,"Vassar College","Poughkeepsie","USA",NA,600,"Good",41.6878091,-73.896804
"poughkeepsie-ny-usa-71698","<a href='https://www.dischord.com/fugazi_live_series/poughkeepsie-ny-usa-71698' target='_blank'>poughkeepsie-ny-usa-71698</a>",1998,"1998 Summer Canada/USA Tour",1998-07-16,"Chance","Poughkeepsie","USA","Blonde Redhead",920,"Good",41.7027893,-73.924485
"poughkeepsie-ny-usa-71698","<a href='https://www.dischord.com/fugazi_live_series/poughkeepsie-ny-usa-71698' target='_blank'>poughkeepsie-ny-usa-71698</a>",1998,"1998 Summer Canada/USA Tour",1998-07-16,"Chance","Poughkeepsie","USA","Mearth",920,"Good",41.7027893,-73.924485
"poznan-poland-62692","<a href='https://www.dischord.com/fugazi_live_series/poznan-poland-62692' target='_blank'>poznan-poland-62692</a>",1992,"1992 Spring European Tour",1992-06-26,"Eskulap","Poznan","Poland",NA,600,"Good",52.4058011,16.889208
"prague-czech-republic-62995","<a href='https://www.dischord.com/fugazi_live_series/prague-czech-republic-62995' target='_blank'>prague-czech-republic-62995</a>",1995,"1995 Spring/Summer European Tour",1995-06-29,"Roxy","Prague","Czech Republic","Lifetime",1200,"Very Good",50.0907223,14.425842
"prague-czech-republic-62995","<a href='https://www.dischord.com/fugazi_live_series/prague-czech-republic-62995' target='_blank'>prague-czech-republic-62995</a>",1995,"1995 Spring/Summer European Tour",1995-06-29,"Roxy","Prague","Czech Republic","State of The Nation",1200,"Very Good",50.0907223,14.425842
"prague-czech-republic-92399","<a href='https://www.dischord.com/fugazi_live_series/prague-czech-republic-92399' target='_blank'>prague-czech-republic-92399</a>",1999,"1999 Fall European Tour",1999-09-23,"Lucerna","Prague","Czech Republic","Landmine Spring",900,NA,50.0809028,14.426394
"prague-czech-republic-92399","<a href='https://www.dischord.com/fugazi_live_series/prague-czech-republic-92399' target='_blank'>prague-czech-republic-92399</a>",1999,"1999 Fall European Tour",1999-09-23,"Lucerna","Prague","Czech Republic","Something Like Elvis",900,NA,50.0809028,14.426394
"prague-czechoslovakia-61392","<a href='https://www.dischord.com/fugazi_live_series/prague-czechoslovakia-61392' target='_blank'>prague-czechoslovakia-61392</a>",1992,"1992 Spring European Tour",1992-06-13,"Roxy","Prague","Czechoslovakia","Mr. T Experience",1000,"Very Good",50.088,14.42079
"prague-czechoslovakia-61392","<a href='https://www.dischord.com/fugazi_live_series/prague-czechoslovakia-61392' target='_blank'>prague-czechoslovakia-61392</a>",1992,"1992 Spring European Tour",1992-06-13,"Roxy","Prague","Czechoslovakia","Tech Ahead",1000,"Very Good",50.088,14.42079
"princeton-nj-usa-40689","<a href='https://www.dischord.com/fugazi_live_series/princeton-nj-usa-40689' target='_blank'>princeton-nj-usa-40689</a>",1989,"1989 Spring USA Tour",1989-04-06,"Princeton University Terrace Food Club","Princeton","USA",NA,200,"Poor",40.3471942,-74.653926
"providence-ri-usa-100589","<a href='https://www.dischord.com/fugazi_live_series/providence-ri-usa-100589' target='_blank'>providence-ri-usa-100589</a>",1989,"1989 Fall Canada/NE Tour",1989-10-05,"Living Room","Providence","USA","Jungle Dogs",850,"Very Good",41.8287258,-71.42069
"providence-ri-usa-100589","<a href='https://www.dischord.com/fugazi_live_series/providence-ri-usa-100589' target='_blank'>providence-ri-usa-100589</a>",1989,"1989 Fall Canada/NE Tour",1989-10-05,"Living Room","Providence","USA","Rain Forest",850,"Very Good",41.8287258,-71.42069
"providence-ri-usa-120299","<a href='https://www.dischord.com/fugazi_live_series/providence-ri-usa-120299' target='_blank'>providence-ri-usa-120299</a>",1999,"1999 Fall/Winter Southern USA Tour",1999-12-02,"Lupo's Heartbreak Hotel","Providence","USA","The Ex",1900,"Excellent",41.823015,-71.41271
"providence-ri-usa-31891","<a href='https://www.dischord.com/fugazi_live_series/providence-ri-usa-31891' target='_blank'>providence-ri-usa-31891</a>",1991,"1991 Winter/Spring East Coast USA Tour",1991-03-18,"Church House Inn","Providence","USA","Seven League Boots",500,"Good",41.8231491,-71.41577
"providence-ri-usa-31891","<a href='https://www.dischord.com/fugazi_live_series/providence-ri-usa-31891' target='_blank'>providence-ri-usa-31891</a>",1991,"1991 Winter/Spring East Coast USA Tour",1991-03-18,"Church House Inn","Providence","USA","Uber Alles",500,"Good",41.8231491,-71.41577
"providence-ri-usa-41195","<a href='https://www.dischord.com/fugazi_live_series/providence-ri-usa-41195' target='_blank'>providence-ri-usa-41195</a>",1995,"1995 USA East Coast Tour",1995-04-11,"Lupo's Heartbreak Hotel","Providence","USA","Make Up",1600,"Very Good",41.823015,-71.41271
"providence-ri-usa-41195","<a href='https://www.dischord.com/fugazi_live_series/providence-ri-usa-41195' target='_blank'>providence-ri-usa-41195</a>",1995,"1995 USA East Coast Tour",1995-04-11,"Lupo's Heartbreak Hotel","Providence","USA","Unwound",1600,"Very Good",41.823015,-71.41271
"providence-ri-usa-41295","<a href='https://www.dischord.com/fugazi_live_series/providence-ri-usa-41295' target='_blank'>providence-ri-usa-41295</a>",1995,"1995 USA East Coast Tour",1995-04-12,"Lupo's Heartbreak Hotel","Providence","USA","Karate",1700,"Very Good",41.823015,-71.41271
"providence-ri-usa-41295","<a href='https://www.dischord.com/fugazi_live_series/providence-ri-usa-41295' target='_blank'>providence-ri-usa-41295</a>",1995,"1995 USA East Coast Tour",1995-04-12,"Lupo's Heartbreak Hotel","Providence","USA","Make Up",1700,"Very Good",41.823015,-71.41271
"providence-ri-usa-41788","<a href='https://www.dischord.com/fugazi_live_series/providence-ri-usa-41788' target='_blank'>providence-ri-usa-41788</a>",1988,"1988 Spring USA Tour",1988-04-17,"Rocket","Providence","USA","Operation Ivy",100,"Good",41.8202316,-71.411429
"providence-ri-usa-41788","<a href='https://www.dischord.com/fugazi_live_series/providence-ri-usa-41788' target='_blank'>providence-ri-usa-41788</a>",1988,"1988 Spring USA Tour",1988-04-17,"Rocket","Providence","USA","Verbal Assault",100,"Good",41.8202316,-71.411429
"providence-ri-usa-42190","<a href='https://www.dischord.com/fugazi_live_series/providence-ri-usa-42190' target='_blank'>providence-ri-usa-42190</a>",1990,"1990 Spring NE USA Tour",1990-04-21,"Rhode Island School of Design","Providence","USA","Firehose",400,"Good",41.8270817,-71.409295
"providence-ri-usa-50697","<a href='https://www.dischord.com/fugazi_live_series/providence-ri-usa-50697' target='_blank'>providence-ri-usa-50697</a>",1997,"1997 East Coast USA Tour",1997-05-06,"Lupo's Heartbreak Hotel","Providence","USA","Branch Manager",1200,"Very Good",41.823015,-71.41271
"providence-ri-usa-91993","<a href='https://www.dischord.com/fugazi_live_series/providence-ri-usa-91993' target='_blank'>providence-ri-usa-91993</a>",1993,"1993 Fall USA/Canada Tour",1993-09-19,"Lupo's Heartbreak Hotel","Providence","USA","Scarce",700,"Excellent",41.823015,-71.41271
"providence-ri-usa-91993","<a href='https://www.dischord.com/fugazi_live_series/providence-ri-usa-91993' target='_blank'>providence-ri-usa-91993</a>",1993,"1993 Fall USA/Canada Tour",1993-09-19,"Lupo's Heartbreak Hotel","Providence","USA","Shudder to Think",700,"Excellent",41.823015,-71.41271
"quebec-city-qc-canada-72298","<a href='https://www.dischord.com/fugazi_live_series/quebec-city-qc-canada-72298' target='_blank'>quebec-city-qc-canada-72298</a>",1998,"1998 Summer Canada/USA Tour",1998-07-22,"Centre des Loisirs Saint-Sacrement","Quebec City","Canada",NA,173,"Poor",46.812301,-71.214
"quebec-city-qc-canada-92495","<a href='https://www.dischord.com/fugazi_live_series/quebec-city-qc-canada-92495' target='_blank'>quebec-city-qc-canada-92495</a>",1995,"1995 Fall USA/Canada Tour",1995-09-24,"Cégep Limoilou","Quebec City","Canada","Shot Maker",450,"Good",46.8305332,-71.228303
"raleigh-nc-usa-11200","<a href='https://www.dischord.com/fugazi_live_series/raleigh-nc-usa-11200' target='_blank'>raleigh-nc-usa-11200</a>",2000,"2000 Winter Southern USA Tour",2000-01-12,"Ritz","Raleigh","USA","Faraquet",1750,"Excellent",35.8162802,-78.620543
"raleigh-nc-usa-32302","<a href='https://www.dischord.com/fugazi_live_series/raleigh-nc-usa-32302' target='_blank'>raleigh-nc-usa-32302</a>",2002,"2002 Spring Southern USA/Texas Tour",2002-03-23,"Ritz","Raleigh","USA","Bats and Mice",2400,"Excellent",35.8162802,-78.620543
"raleigh-nc-usa-32302","<a href='https://www.dischord.com/fugazi_live_series/raleigh-nc-usa-32302' target='_blank'>raleigh-nc-usa-32302</a>",2002,"2002 Spring Southern USA/Texas Tour",2002-03-23,"Ritz","Raleigh","USA","Dead Meadow",2400,"Excellent",35.8162802,-78.620543
"raliegh-nc-usa-32296","<a href='https://www.dischord.com/fugazi_live_series/raliegh-nc-usa-32296' target='_blank'>raliegh-nc-usa-32296</a>",1996,"1996 Southern USA Tour",1996-03-22,"Ritz","Raleigh","USA","Make Up",2400,NA,35.8162802,-78.620543
"raliegh-nc-usa-32296","<a href='https://www.dischord.com/fugazi_live_series/raliegh-nc-usa-32296' target='_blank'>raliegh-nc-usa-32296</a>",1996,"1996 Southern USA Tour",1996-03-22,"Ritz","Raleigh","USA","Monorchid",2400,NA,35.8162802,-78.620543
"rapid-city-sd-usa-102095","<a href='https://www.dischord.com/fugazi_live_series/rapid-city-sd-usa-102095' target='_blank'>rapid-city-sd-usa-102095</a>",1995,"1995 Fall USA/Canada Tour",1995-10-20,"Surbeck City School of Mines and Technology","Rapid City","USA","Resin",700,"Poor",44.0757591,-103.208242
"rapid-city-sd-usa-102095","<a href='https://www.dischord.com/fugazi_live_series/rapid-city-sd-usa-102095' target='_blank'>rapid-city-sd-usa-102095</a>",1995,"1995 Fall USA/Canada Tour",1995-10-20,"Surbeck City School of Mines and Technology","Rapid City","USA","Single File Line",700,"Poor",44.0757591,-103.208242
"rapid-city-sd-usa-102095","<a href='https://www.dischord.com/fugazi_live_series/rapid-city-sd-usa-102095' target='_blank'>rapid-city-sd-usa-102095</a>",1995,"1995 Fall USA/Canada Tour",1995-10-20,"Surbeck City School of Mines and Technology","Rapid City","USA","Vampire Lezbos",700,"Poor",44.0757591,-103.208242
"regina-sk-canada-63001","<a href='https://www.dischord.com/fugazi_live_series/regina-sk-canada-63001' target='_blank'>regina-sk-canada-63001</a>",2001,"2001 Summer Mid-West/Canada Tour",2001-06-30,"University of Regina","Regina","Canada","Bullmarket",550,"Very Good",50.4154542,-104.58783
"regina-sk-canada-81591","<a href='https://www.dischord.com/fugazi_live_series/regina-sk-canada-81591' target='_blank'>regina-sk-canada-81591</a>",1991,"1991 Summer/Fall USA/Canada Tour",1991-08-15,"College West","Regina","Canada","Mrs. Svenson",288,"Good",50.4172733,-104.591641
"regina-sk-canada-81591","<a href='https://www.dischord.com/fugazi_live_series/regina-sk-canada-81591' target='_blank'>regina-sk-canada-81591</a>",1991,"1991 Summer/Fall USA/Canada Tour",1991-08-15,"College West","Regina","Canada","Tank Hog",288,"Good",50.4172733,-104.591641
"rehoboth-beach-de-usa-92993","<a href='https://www.dischord.com/fugazi_live_series/rehoboth-beach-de-usa-92993' target='_blank'>rehoboth-beach-de-usa-92993</a>",1993,"1993 Fall USA/Canada Tour",1993-09-29,"Strand","Rehoboth Beach","USA","Cupid Car Club",500,"Very Good",38.7167282,-75.080415
"rehoboth-beach-de-usa-92993","<a href='https://www.dischord.com/fugazi_live_series/rehoboth-beach-de-usa-92993' target='_blank'>rehoboth-beach-de-usa-92993</a>",1993,"1993 Fall USA/Canada Tour",1993-09-29,"Strand","Rehoboth Beach","USA","Shovelhead",500,"Very Good",38.7167282,-75.080415
"reno-nv-usa-22399","<a href='https://www.dischord.com/fugazi_live_series/reno-nv-usa-22399' target='_blank'>reno-nv-usa-22399</a>",1999,"1999 West Coast USA Tour",1999-02-23,"Del Mar Station","Reno","USA","Spun",1000,"Good",39.518131,-119.80944
"reno-nv-usa-22399","<a href='https://www.dischord.com/fugazi_live_series/reno-nv-usa-22399' target='_blank'>reno-nv-usa-22399</a>",1999,"1999 West Coast USA Tour",1999-02-23,"Del Mar Station","Reno","USA","The Ex",1000,"Good",39.518131,-119.80944
"reseda-ca-usa-51690","<a href='https://www.dischord.com/fugazi_live_series/reseda-ca-usa-51690' target='_blank'>reseda-ca-usa-51690</a>",1990,"1990 Spring/Summer USA Tour",1990-05-16,"Country Club","Reseda","USA","Beat Happening",1000,"Very Good",34.2014757,-118.534517
"reseda-ca-usa-51690","<a href='https://www.dischord.com/fugazi_live_series/reseda-ca-usa-51690' target='_blank'>reseda-ca-usa-51690</a>",1990,"1990 Spring/Summer USA Tour",1990-05-16,"Country Club","Reseda","USA","Hunger Farm",1000,"Very Good",34.2014757,-118.534517
"reseda-ca-usa-51790","<a href='https://www.dischord.com/fugazi_live_series/reseda-ca-usa-51790' target='_blank'>reseda-ca-usa-51790</a>",1990,"1990 Spring/Summer USA Tour",1990-05-17,"Country Club","Reseda","USA","Beat Happening",1000,"Very Good",34.2014757,-118.534517
"reseda-ca-usa-51790","<a href='https://www.dischord.com/fugazi_live_series/reseda-ca-usa-51790' target='_blank'>reseda-ca-usa-51790</a>",1990,"1990 Spring/Summer USA Tour",1990-05-17,"Country Club","Reseda","USA","Reason to Believe",1000,"Very Good",34.2014757,-118.534517
"reykjavik-iceland-42799","<a href='https://www.dischord.com/fugazi_live_series/reykjavik-iceland-42799' target='_blank'>reykjavik-iceland-42799</a>",1999,"1999 Spring UK/Ireland Tour",1999-04-27,"National Radio Building","Reykjavik","Iceland","Minus",400,"Excellent",64.1254484,-21.892156
"richmond-va-usa-100787","<a href='https://www.dischord.com/fugazi_live_series/richmond-va-usa-100787' target='_blank'>richmond-va-usa-100787</a>",1987,"1987 Fall/Winter Regional Dates",1987-10-07,"New Horizons","Richmond","USA","Killjoy",50,"Very Good",37.5512966,-77.451954
"richmond-va-usa-100787","<a href='https://www.dischord.com/fugazi_live_series/richmond-va-usa-100787' target='_blank'>richmond-va-usa-100787</a>",1987,"1987 Fall/Winter Regional Dates",1987-10-07,"New Horizons","Richmond","USA","Oi Polloi",50,"Very Good",37.5512966,-77.451954
"richmond-va-usa-22091","<a href='https://www.dischord.com/fugazi_live_series/richmond-va-usa-22091' target='_blank'>richmond-va-usa-22091</a>",1991,"1991 Winter/Spring Regional Dates",1991-02-20,"Twisters","Richmond","USA","Breadwinner",500,"Very Good",37.5506178,-77.453377
"richmond-va-usa-22091","<a href='https://www.dischord.com/fugazi_live_series/richmond-va-usa-22091' target='_blank'>richmond-va-usa-22091</a>",1991,"1991 Winter/Spring Regional Dates",1991-02-20,"Twisters","Richmond","USA","Coral",500,"Very Good",37.5506178,-77.453377
"richmond-va-usa-22193","<a href='https://www.dischord.com/fugazi_live_series/richmond-va-usa-22193' target='_blank'>richmond-va-usa-22193</a>",1993,"1993 Winter Southern USA Tour",1993-02-21,"Floodzone","Richmond","USA","Coral",900,"Very Good",37.5324794,-77.42796
"richmond-va-usa-22193","<a href='https://www.dischord.com/fugazi_live_series/richmond-va-usa-22193' target='_blank'>richmond-va-usa-22193</a>",1993,"1993 Winter Southern USA Tour",1993-02-21,"Floodzone","Richmond","USA","Slant 6",900,"Very Good",37.5324794,-77.42796
"richmond-va-usa-22590","<a href='https://www.dischord.com/fugazi_live_series/richmond-va-usa-22590' target='_blank'>richmond-va-usa-22590</a>",1990,"1990 Winter/Spring Regional Dates",1990-02-25,"Metro","Richmond","USA","Nation of Ulysses",250,NA,37.5496167,-77.449319
"richmond-va-usa-32202","<a href='https://www.dischord.com/fugazi_live_series/richmond-va-usa-32202' target='_blank'>richmond-va-usa-32202</a>",2002,"2002 Spring Southern USA/Texas Tour",2002-03-22,"University of Richmond Greek Amphitheater","Richmond","USA","Rah Bras",3500,"Very Good",37.5768992,-77.542774
"richmond-va-usa-41496","<a href='https://www.dischord.com/fugazi_live_series/richmond-va-usa-41496' target='_blank'>richmond-va-usa-41496</a>",1996,"1996 Southern USA Tour",1996-04-14,"Virginia Commonwealth University Shafer Court","Richmond","USA","Branch Manager",4000,"Very Good",37.5481983,-77.452656
"richmond-va-usa-41496","<a href='https://www.dischord.com/fugazi_live_series/richmond-va-usa-41496' target='_blank'>richmond-va-usa-41496</a>",1996,"1996 Southern USA Tour",1996-04-14,"Virginia Commonwealth University Shafer Court","Richmond","USA","Lazy Kain",4000,"Very Good",37.5481983,-77.452656
"richmond-va-usa-41496","<a href='https://www.dischord.com/fugazi_live_series/richmond-va-usa-41496' target='_blank'>richmond-va-usa-41496</a>",1996,"1996 Southern USA Tour",1996-04-14,"Virginia Commonwealth University Shafer Court","Richmond","USA","Young Pioneers",4000,"Very Good",37.5481983,-77.452656
"richmond-va-usa-42888","<a href='https://www.dischord.com/fugazi_live_series/richmond-va-usa-42888' target='_blank'>richmond-va-usa-42888</a>",1988,"1988 Spring USA Tour",1988-04-28,"New Horizons","Richmond","USA","Alternatives",150,NA,37.5512966,-77.451954
"richmond-va-usa-43089","<a href='https://www.dischord.com/fugazi_live_series/richmond-va-usa-43089' target='_blank'>richmond-va-usa-43089</a>",1989,"1989 Spring USA Tour",1989-04-30,"New Horizons","Richmond","USA","Alternatives",200,NA,37.5512966,-77.451954
"richmond-va-usa-43089","<a href='https://www.dischord.com/fugazi_live_series/richmond-va-usa-43089' target='_blank'>richmond-va-usa-43089</a>",1989,"1989 Spring USA Tour",1989-04-30,"New Horizons","Richmond","USA","Burma Jam",200,NA,37.5512966,-77.451954
"richmond-va-usa-43089","<a href='https://www.dischord.com/fugazi_live_series/richmond-va-usa-43089' target='_blank'>richmond-va-usa-43089</a>",1989,"1989 Spring USA Tour",1989-04-30,"New Horizons","Richmond","USA","Butter Glove",200,NA,37.5512966,-77.451954
"richmond-va-usa-51198","<a href='https://www.dischord.com/fugazi_live_series/richmond-va-usa-51198' target='_blank'>richmond-va-usa-51198</a>",1998,"1998 Spring USA Tour",1998-05-11,"Floodzone","Richmond","USA","Cranium",1032,"Very Good",37.5324794,-77.42796
"richmond-va-usa-51198","<a href='https://www.dischord.com/fugazi_live_series/richmond-va-usa-51198' target='_blank'>richmond-va-usa-51198</a>",1998,"1998 Spring USA Tour",1998-05-11,"Floodzone","Richmond","USA","Four Hundred Years",1032,"Very Good",37.5324794,-77.42796
"riec-sur-belon-france-110490","<a href='https://www.dischord.com/fugazi_live_series/riec-sur-belon-france-110490' target='_blank'>riec-sur-belon-france-110490</a>",1990,"1990 Fall European Tour",1990-11-04,"Kergon Forte","Sur Belon","France",NA,100,"Good",47.836169,-3.70435
"rio-de-janeiro-brazil-81894","<a href='https://www.dischord.com/fugazi_live_series/rio-de-janeiro-brazil-81894' target='_blank'>rio-de-janeiro-brazil-81894</a>",1994,"1994 Fall Brazil Tour",1994-08-18,"Circo Voador","Rio De Janeiro","Brazil","Beach Lizards",200,"Good",-22.9129257,-43.180355
"roanoke-va-usa-41396","<a href='https://www.dischord.com/fugazi_live_series/roanoke-va-usa-41396' target='_blank'>roanoke-va-usa-41396</a>",1996,"1996 Southern USA Tour",1996-04-13,"Alternative","Roanoke","USA","Branch Manager",900,"Very Good",37.284525,-79.992788
"rochester-ny-usa-100289","<a href='https://www.dischord.com/fugazi_live_series/rochester-ny-usa-100289' target='_blank'>rochester-ny-usa-100289</a>",1989,"1989 Fall Canada/NE Tour",1989-10-02,"Backstreets","Rochester","USA","Hunger Artist",300,NA,43.158301,-77.59898
"rochester-ny-usa-100289","<a href='https://www.dischord.com/fugazi_live_series/rochester-ny-usa-100289' target='_blank'>rochester-ny-usa-100289</a>",1989,"1989 Fall Canada/NE Tour",1989-10-02,"Backstreets","Rochester","USA","Pressurehead",300,NA,43.158301,-77.59898
"rochester-ny-usa-71898","<a href='https://www.dischord.com/fugazi_live_series/rochester-ny-usa-71898' target='_blank'>rochester-ny-usa-71898</a>",1998,"1998 Summer Canada/USA Tour",1998-07-18,"Harro East Ballroom","Rochester","USA","Blonde Redhead",1200,"Very Good",43.1604263,-77.603756
"rochester-ny-usa-71898","<a href='https://www.dischord.com/fugazi_live_series/rochester-ny-usa-71898' target='_blank'>rochester-ny-usa-71898</a>",1998,"1998 Summer Canada/USA Tour",1998-07-18,"Harro East Ballroom","Rochester","USA","Hilkka",1200,"Very Good",43.1604263,-77.603756
"rochester-ny-usa-92895","<a href='https://www.dischord.com/fugazi_live_series/rochester-ny-usa-92895' target='_blank'>rochester-ny-usa-92895</a>",1995,"1995 Fall USA/Canada Tour",1995-09-28,"Harro East Ballroom","Rochester","USA","Branch Manager",1350,"Good",43.1604263,-77.603756
"rochester-ny-usa-92895","<a href='https://www.dischord.com/fugazi_live_series/rochester-ny-usa-92895' target='_blank'>rochester-ny-usa-92895</a>",1995,"1995 Fall USA/Canada Tour",1995-09-28,"Harro East Ballroom","Rochester","USA","Muler",1350,"Good",43.1604263,-77.603756
"rockford-il-usa-60889","<a href='https://www.dischord.com/fugazi_live_series/rockford-il-usa-60889' target='_blank'>rockford-il-usa-60889</a>",1989,"1989 Spring USA Tour",1989-06-08,"VFW Hall","Rockford","USA","Becky's Birthday",200,NA,42.3260253,-89.027248
"rockville-md-usa-40988","<a href='https://www.dischord.com/fugazi_live_series/rockville-md-usa-40988' target='_blank'>rockville-md-usa-40988</a>",1988,"1988 Winter/Spring Regional Dates",1988-04-09,"Montgomery College Fine Arts Building","Rockville","USA","MFD",350,"Good",39.0978132,-77.15692
"rockville-md-usa-40988","<a href='https://www.dischord.com/fugazi_live_series/rockville-md-usa-40988' target='_blank'>rockville-md-usa-40988</a>",1988,"1988 Winter/Spring Regional Dates",1988-04-09,"Montgomery College Fine Arts Building","Rockville","USA","The Cynics",350,"Good",39.0978132,-77.15692
"rockville-md-usa-40988","<a href='https://www.dischord.com/fugazi_live_series/rockville-md-usa-40988' target='_blank'>rockville-md-usa-40988</a>",1988,"1988 Winter/Spring Regional Dates",1988-04-09,"Montgomery College Fine Arts Building","Rockville","USA","The Now",350,"Good",39.0978132,-77.15692
"rome-italy-102790","<a href='https://www.dischord.com/fugazi_live_series/rome-italy-102790' target='_blank'>rome-italy-102790</a>",1990,"1990 Fall European Tour",1990-10-27,"Forte Prenestino","Rome","Italy","Ratos de Porão",642,"Good",41.8924223,12.569043
"rome-italy-111788","<a href='https://www.dischord.com/fugazi_live_series/rome-italy-111788' target='_blank'>rome-italy-111788</a>",1988,"1988 Fall European Tour",1988-11-17,"Forte Prenestino","Rome","Italy",NA,199,"Good",41.8924223,12.569043
"rome-italy-60792","<a href='https://www.dischord.com/fugazi_live_series/rome-italy-60792' target='_blank'>rome-italy-60792</a>",1992,"1992 Spring European Tour",1992-06-07,"Forte Prenestino","Rome","Italy",NA,3500,"Very Good",41.8924223,12.569043
"rome-italy-62095","<a href='https://www.dischord.com/fugazi_live_series/rome-italy-62095' target='_blank'>rome-italy-62095</a>",1995,"1995 Spring/Summer European Tour",1995-06-20,"Forte Prenestino","Rome","Italy","Assalti Frontali",5000,"Very Good",41.8924223,12.569043
"rome-italy-93099","<a href='https://www.dischord.com/fugazi_live_series/rome-italy-93099' target='_blank'>rome-italy-93099</a>",1999,"1999 Fall European Tour",1999-09-30,"Forte Prenestino","Rome","Italy",NA,5000,"Very Good",41.8924223,12.569043
"rotterdam-netherlands-101488","<a href='https://www.dischord.com/fugazi_live_series/rotterdam-netherlands-101488' target='_blank'>rotterdam-netherlands-101488</a>",1988,"1988 Fall European Tour",1988-10-14,"Chill Up","Rotterdam","Netherlands","Deviated Instinct",199,"Poor",51.8641148,4.358807
"rotterdam-netherlands-101488","<a href='https://www.dischord.com/fugazi_live_series/rotterdam-netherlands-101488' target='_blank'>rotterdam-netherlands-101488</a>",1988,"1988 Fall European Tour",1988-10-14,"Chill Up","Rotterdam","Netherlands","Extreme Noise Terror",199,"Poor",51.8641148,4.358807
"rotterdam-netherlands-90790","<a href='https://www.dischord.com/fugazi_live_series/rotterdam-netherlands-90790' target='_blank'>rotterdam-netherlands-90790</a>",1990,"1990 Fall European Tour",1990-09-07,"Nighttown","Rotterdam","Netherlands","Thatcher on Acid",642,"Good",51.9204173,4.469734
"sacramento-ca-usa-110495","<a href='https://www.dischord.com/fugazi_live_series/sacramento-ca-usa-110495' target='_blank'>sacramento-ca-usa-110495</a>",1995,"1995 Fall USA/Canada Tour",1995-11-04,"Grind","Sacramento","USA","Dub Narcotic",1000,"Good",38.5695973,-121.546292
"sacramento-ca-usa-110495","<a href='https://www.dischord.com/fugazi_live_series/sacramento-ca-usa-110495' target='_blank'>sacramento-ca-usa-110495</a>",1995,"1995 Fall USA/Canada Tour",1995-11-04,"Grind","Sacramento","USA","The Warmers",1000,"Good",38.5695973,-121.546292
"sacramento-ca-usa-22499","<a href='https://www.dischord.com/fugazi_live_series/sacramento-ca-usa-22499' target='_blank'>sacramento-ca-usa-22499</a>",1999,"1999 West Coast USA Tour",1999-02-24,"Crest Theater","Sacramento","USA","The Ex",1000,"Very Good",38.5792139,-121.493397
"sacramento-ca-usa-50293","<a href='https://www.dischord.com/fugazi_live_series/sacramento-ca-usa-50293' target='_blank'>sacramento-ca-usa-50293</a>",1993,"1993 Spring USA Tour",1993-05-02,"Crest Theater","Sacramento","USA","Tigertrap",1000,"Good",38.5792139,-121.493397
"sacramento-ca-usa-90391","<a href='https://www.dischord.com/fugazi_live_series/sacramento-ca-usa-90391' target='_blank'>sacramento-ca-usa-90391</a>",1991,"1991 Summer/Fall USA/Canada Tour",1991-09-03,"One Edge Up","Sacramento","USA","Elegy",950,"Very Good",38.5772922,-121.487052
"sacramento-ca-usa-90391","<a href='https://www.dischord.com/fugazi_live_series/sacramento-ca-usa-90391' target='_blank'>sacramento-ca-usa-90391</a>",1991,"1991 Summer/Fall USA/Canada Tour",1991-09-03,"One Edge Up","Sacramento","USA","Seaweed",950,"Very Good",38.5772922,-121.487052
"salt-lake-city-ut-usa-102495","<a href='https://www.dischord.com/fugazi_live_series/salt-lake-city-ut-usa-102495' target='_blank'>salt-lake-city-ut-usa-102495</a>",1995,"1995 Fall USA/Canada Tour",1995-10-24,"Fairgrounds Coliseum","Salt Lake City","USA","God Is My Co-Pilot",2000,"Good",40.7736893,-111.923156
"salt-lake-city-ut-usa-102495","<a href='https://www.dischord.com/fugazi_live_series/salt-lake-city-ut-usa-102495' target='_blank'>salt-lake-city-ut-usa-102495</a>",1995,"1995 Fall USA/Canada Tour",1995-10-24,"Fairgrounds Coliseum","Salt Lake City","USA","Stella Brass",2000,"Good",40.7736893,-111.923156
"salt-lake-city-ut-usa-41401","<a href='https://www.dischord.com/fugazi_live_series/salt-lake-city-ut-usa-41401' target='_blank'>salt-lake-city-ut-usa-41401</a>",2001,"2001 Spring Western USA Tour",2001-04-14,"Bricks","Salt Lake City","USA","Ether",1500,NA,40.7647078,-111.907935
"salt-lake-city-ut-usa-51693","<a href='https://www.dischord.com/fugazi_live_series/salt-lake-city-ut-usa-51693' target='_blank'>salt-lake-city-ut-usa-51693</a>",1993,"1993 Spring USA Tour",1993-05-16,"Utah State Fairpark Coliseum","Salt Lake City","USA","Clawhammer",2000,"Very Good",40.7736893,-111.923156
"salt-lake-city-ut-usa-51693","<a href='https://www.dischord.com/fugazi_live_series/salt-lake-city-ut-usa-51693' target='_blank'>salt-lake-city-ut-usa-51693</a>",1993,"1993 Spring USA Tour",1993-05-16,"Utah State Fairpark Coliseum","Salt Lake City","USA","Rocket From The Crypt",2000,"Very Good",40.7736893,-111.923156
"salt-lake-city-ut-usa-60189","<a href='https://www.dischord.com/fugazi_live_series/salt-lake-city-ut-usa-60189' target='_blank'>salt-lake-city-ut-usa-60189</a>",1989,"1989 Spring USA Tour",1989-06-01,"Speedway","Salt Lake City","USA","Draize-Method",350,"Good",40.7581534,-111.905915
"salt-lake-city-ut-usa-60189","<a href='https://www.dischord.com/fugazi_live_series/salt-lake-city-ut-usa-60189' target='_blank'>salt-lake-city-ut-usa-60189</a>",1989,"1989 Spring USA Tour",1989-06-01,"Speedway","Salt Lake City","USA","House of Cards",350,"Good",40.7581534,-111.905915
"salt-lake-city-ut-usa-60189","<a href='https://www.dischord.com/fugazi_live_series/salt-lake-city-ut-usa-60189' target='_blank'>salt-lake-city-ut-usa-60189</a>",1989,"1989 Spring USA Tour",1989-06-01,"Speedway","Salt Lake City","USA","Leadfellow",350,"Good",40.7581534,-111.905915
"salt-lake-city-ut-usa-60690","<a href='https://www.dischord.com/fugazi_live_series/salt-lake-city-ut-usa-60690' target='_blank'>salt-lake-city-ut-usa-60690</a>",1990,"1990 Spring/Summer USA Tour",1990-06-06,"Speedway","Salt Lake City","USA","Fifteen",500,"Very Good",40.7581534,-111.905915
"salt-lake-city-ut-usa-60690","<a href='https://www.dischord.com/fugazi_live_series/salt-lake-city-ut-usa-60690' target='_blank'>salt-lake-city-ut-usa-60690</a>",1990,"1990 Spring/Summer USA Tour",1990-06-06,"Speedway","Salt Lake City","USA","Filth",500,"Very Good",40.7581534,-111.905915
"salt-lake-city-ut-usa-60690","<a href='https://www.dischord.com/fugazi_live_series/salt-lake-city-ut-usa-60690' target='_blank'>salt-lake-city-ut-usa-60690</a>",1990,"1990 Spring/Summer USA Tour",1990-06-06,"Speedway","Salt Lake City","USA","Insight",500,"Very Good",40.7581534,-111.905915
"salt-lake-city-ut-usa-60690","<a href='https://www.dischord.com/fugazi_live_series/salt-lake-city-ut-usa-60690' target='_blank'>salt-lake-city-ut-usa-60690</a>",1990,"1990 Spring/Summer USA Tour",1990-06-06,"Speedway","Salt Lake City","USA","Stench",500,"Very Good",40.7581534,-111.905915
"san-antonio-tx-usa-111895","<a href='https://www.dischord.com/fugazi_live_series/san-antonio-tx-usa-111895' target='_blank'>san-antonio-tx-usa-111895</a>",1995,"1995 Fall USA/Canada Tour",1995-11-18,"Showcase Special Events","San Antonio","USA","Blonde Redhead",1400,"Very Good",29.4964805,-98.526341
"san-antonio-tx-usa-111895","<a href='https://www.dischord.com/fugazi_live_series/san-antonio-tx-usa-111895' target='_blank'>san-antonio-tx-usa-111895</a>",1995,"1995 Fall USA/Canada Tour",1995-11-18,"Showcase Special Events","San Antonio","USA","Evergreen",1400,"Very Good",29.4964805,-98.526341
"san-antonio-tx-usa-32902","<a href='https://www.dischord.com/fugazi_live_series/san-antonio-tx-usa-32902' target='_blank'>san-antonio-tx-usa-32902</a>",2002,"2002 Spring Southern USA/Texas Tour",2002-03-29,"Sunset Saloon","San Antonio","USA","Kowalski",1400,"Excellent",29.4206709,-98.478437
"san-antonio-tx-usa-32902","<a href='https://www.dischord.com/fugazi_live_series/san-antonio-tx-usa-32902' target='_blank'>san-antonio-tx-usa-32902</a>",2002,"2002 Spring Southern USA/Texas Tour",2002-03-29,"Sunset Saloon","San Antonio","USA","White Heat",1400,"Excellent",29.4206709,-98.478437
"san-antonio-tx-usa-41493","<a href='https://www.dischord.com/fugazi_live_series/san-antonio-tx-usa-41493' target='_blank'>san-antonio-tx-usa-41493</a>",1993,"1993 Spring USA Tour",1993-04-14,"Showcase Special Events","San Antonio","USA","El Santos",1300,"Very Good",29.4964805,-98.526341
"san-antonio-tx-usa-41493","<a href='https://www.dischord.com/fugazi_live_series/san-antonio-tx-usa-41493' target='_blank'>san-antonio-tx-usa-41493</a>",1993,"1993 Spring USA Tour",1993-04-14,"Showcase Special Events","San Antonio","USA","Glorium",1300,"Very Good",29.4964805,-98.526341
"san-antonio-tx-usa-50790","<a href='https://www.dischord.com/fugazi_live_series/san-antonio-tx-usa-50790' target='_blank'>san-antonio-tx-usa-50790</a>",1990,"1990 Spring/Summer USA Tour",1990-05-07,"Cameo Theater","San Antonio","USA","Evil Mothers",275,"Very Good",29.4220281,-98.47923
"san-antonio-tx-usa-50790","<a href='https://www.dischord.com/fugazi_live_series/san-antonio-tx-usa-50790' target='_blank'>san-antonio-tx-usa-50790</a>",1990,"1990 Spring/Summer USA Tour",1990-05-07,"Cameo Theater","San Antonio","USA","Hungry Dog",275,"Very Good",29.4220281,-98.47923
"san-diego-ca-usa-111095","<a href='https://www.dischord.com/fugazi_live_series/san-diego-ca-usa-111095' target='_blank'>san-diego-ca-usa-111095</a>",1995,"1995 Fall USA/Canada Tour",1995-11-10,"Soma","San Diego","USA","Blonde Redhead",1500,"Very Good",32.7554929,-117.212492
"san-diego-ca-usa-111095","<a href='https://www.dischord.com/fugazi_live_series/san-diego-ca-usa-111095' target='_blank'>san-diego-ca-usa-111095</a>",1995,"1995 Fall USA/Canada Tour",1995-11-10,"Soma","San Diego","USA","Unwound",1500,"Very Good",32.7554929,-117.212492
"san-diego-ca-usa-21899","<a href='https://www.dischord.com/fugazi_live_series/san-diego-ca-usa-21899' target='_blank'>san-diego-ca-usa-21899</a>",1999,"1999 West Coast USA Tour",1999-02-18,"Soma","San Diego","USA","Camera Obscura",1500,"Very Good",32.7554929,-117.212492
"san-diego-ca-usa-21899","<a href='https://www.dischord.com/fugazi_live_series/san-diego-ca-usa-21899' target='_blank'>san-diego-ca-usa-21899</a>",1999,"1999 West Coast USA Tour",1999-02-18,"Soma","San Diego","USA","Gogogo Airheart",1500,"Very Good",32.7554929,-117.212492
"san-diego-ca-usa-42693","<a href='https://www.dischord.com/fugazi_live_series/san-diego-ca-usa-42693' target='_blank'>san-diego-ca-usa-42693</a>",1993,"1993 Spring USA Tour",1993-04-26,"Soma","San Diego","USA","3 Mile Pilot",1200,"Very Good",32.7554929,-117.212492
"san-francisco-ca-usa-110595","<a href='https://www.dischord.com/fugazi_live_series/san-francisco-ca-usa-110595' target='_blank'>san-francisco-ca-usa-110595</a>",1995,"1995 Fall USA/Canada Tour",1995-11-05,"Trocadero Transfer","San Francisco","USA","Dub Narcotic",1200,"Very Good",37.7790623,-122.398201
"san-francisco-ca-usa-110595","<a href='https://www.dischord.com/fugazi_live_series/san-francisco-ca-usa-110595' target='_blank'>san-francisco-ca-usa-110595</a>",1995,"1995 Fall USA/Canada Tour",1995-11-05,"Trocadero Transfer","San Francisco","USA","The Warmers",1200,"Very Good",37.7790623,-122.398201
"san-francisco-ca-usa-110695","<a href='https://www.dischord.com/fugazi_live_series/san-francisco-ca-usa-110695' target='_blank'>san-francisco-ca-usa-110695</a>",1995,"1995 Fall USA/Canada Tour",1995-11-06,"Trocadero Transfer","San Francisco","USA","Dub Narcotic",1200,"Very Good",37.7790623,-122.398201
"san-francisco-ca-usa-110695","<a href='https://www.dischord.com/fugazi_live_series/san-francisco-ca-usa-110695' target='_blank'>san-francisco-ca-usa-110695</a>",1995,"1995 Fall USA/Canada Tour",1995-11-06,"Trocadero Transfer","San Francisco","USA","The Warmers",1200,"Very Good",37.7790623,-122.398201
"san-francisco-ca-usa-22299","<a href='https://www.dischord.com/fugazi_live_series/san-francisco-ca-usa-22299' target='_blank'>san-francisco-ca-usa-22299</a>",1999,"1999 West Coast USA Tour",1999-02-22,"Maritime","San Francisco","USA","The Ex",2000,"Very Good",37.7864189,-122.393657
"san-francisco-ca-usa-22299","<a href='https://www.dischord.com/fugazi_live_series/san-francisco-ca-usa-22299' target='_blank'>san-francisco-ca-usa-22299</a>",1999,"1999 West Coast USA Tour",1999-02-22,"Maritime","San Francisco","USA","The Thrones",2000,"Very Good",37.7864189,-122.393657
"san-francisco-ca-usa-51990","<a href='https://www.dischord.com/fugazi_live_series/san-francisco-ca-usa-51990' target='_blank'>san-francisco-ca-usa-51990</a>",1990,"1990 Spring/Summer USA Tour",1990-05-19,"Russian Theater","San Francisco","USA","Beat Happening",1100,"Good",37.7854355,-122.441323
"san-francisco-ca-usa-51990","<a href='https://www.dischord.com/fugazi_live_series/san-francisco-ca-usa-51990' target='_blank'>san-francisco-ca-usa-51990</a>",1990,"1990 Spring/Summer USA Tour",1990-05-19,"Russian Theater","San Francisco","USA","High Risk Dancers",1100,"Good",37.7854355,-122.441323
"san-francisco-ca-usa-51990","<a href='https://www.dischord.com/fugazi_live_series/san-francisco-ca-usa-51990' target='_blank'>san-francisco-ca-usa-51990</a>",1990,"1990 Spring/Summer USA Tour",1990-05-19,"Russian Theater","San Francisco","USA","Theater of Absurd",1100,"Good",37.7854355,-122.441323
"san-francisco-ca-usa-51990","<a href='https://www.dischord.com/fugazi_live_series/san-francisco-ca-usa-51990' target='_blank'>san-francisco-ca-usa-51990</a>",1990,"1990 Spring/Summer USA Tour",1990-05-19,"Russian Theater","San Francisco","USA","Valerie",1100,"Good",37.7854355,-122.441323
"san-francisco-ca-usa-52189","<a href='https://www.dischord.com/fugazi_live_series/san-francisco-ca-usa-52189' target='_blank'>san-francisco-ca-usa-52189</a>",1989,"1989 Spring USA Tour",1989-05-21,"Women's Building","San Francisco","USA","4 Poets",375,NA,37.7614483,-122.422836
"san-francisco-ca-usa-52189","<a href='https://www.dischord.com/fugazi_live_series/san-francisco-ca-usa-52189' target='_blank'>san-francisco-ca-usa-52189</a>",1989,"1989 Spring USA Tour",1989-05-21,"Women's Building","San Francisco","USA","Boxcar Darla",375,NA,37.7614483,-122.422836
"san-francisco-ca-usa-52189","<a href='https://www.dischord.com/fugazi_live_series/san-francisco-ca-usa-52189' target='_blank'>san-francisco-ca-usa-52189</a>",1989,"1989 Spring USA Tour",1989-05-21,"Women's Building","San Francisco","USA","Operation Ivy",375,NA,37.7614483,-122.422836
"san-francisco-ca-usa-52189","<a href='https://www.dischord.com/fugazi_live_series/san-francisco-ca-usa-52189' target='_blank'>san-francisco-ca-usa-52189</a>",1989,"1989 Spring USA Tour",1989-05-21,"Women's Building","San Francisco","USA","Swollen Boss Toad",375,NA,37.7614483,-122.422836
"san-francisco-ca-usa-60400","<a href='https://www.dischord.com/fugazi_live_series/san-francisco-ca-usa-60400' target='_blank'>san-francisco-ca-usa-60400</a>",2000,"2000 Summer/Fall Regional Dates",2000-06-04,"Mission Dolores Park","San Francisco","USA","Bonfire Madigan",15000,"Good",37.760407,-122.427237
"san-francisco-ca-usa-60400","<a href='https://www.dischord.com/fugazi_live_series/san-francisco-ca-usa-60400' target='_blank'>san-francisco-ca-usa-60400</a>",2000,"2000 Summer/Fall Regional Dates",2000-06-04,"Mission Dolores Park","San Francisco","USA","DJ Disk",15000,"Good",37.760407,-122.427237
"san-francisco-ca-usa-60400","<a href='https://www.dischord.com/fugazi_live_series/san-francisco-ca-usa-60400' target='_blank'>san-francisco-ca-usa-60400</a>",2000,"2000 Summer/Fall Regional Dates",2000-06-04,"Mission Dolores Park","San Francisco","USA","Sleater Kinney",15000,"Good",37.760407,-122.427237
"san-francisco-ca-usa-60400","<a href='https://www.dischord.com/fugazi_live_series/san-francisco-ca-usa-60400' target='_blank'>san-francisco-ca-usa-60400</a>",2000,"2000 Summer/Fall Regional Dates",2000-06-04,"Mission Dolores Park","San Francisco","USA","Vic Chesnutt",15000,"Good",37.760407,-122.427237
"san-franscisco-ca-usa-50193","<a href='https://www.dischord.com/fugazi_live_series/san-franscisco-ca-usa-50193' target='_blank'>san-franscisco-ca-usa-50193</a>",1993,"1993 Spring USA Tour",1993-05-01,"Fort Mason Pier C","San Francisco","USA","Gr'ups",4000,"Very Good",37.8067481,-122.431468
"san-franscisco-ca-usa-50193","<a href='https://www.dischord.com/fugazi_live_series/san-franscisco-ca-usa-50193' target='_blank'>san-franscisco-ca-usa-50193</a>",1993,"1993 Spring USA Tour",1993-05-01,"Fort Mason Pier C","San Francisco","USA","L Cid",4000,"Very Good",37.8067481,-122.431468
"san-franscisco-ca-usa-50193","<a href='https://www.dischord.com/fugazi_live_series/san-franscisco-ca-usa-50193' target='_blank'>san-franscisco-ca-usa-50193</a>",1993,"1993 Spring USA Tour",1993-05-01,"Fort Mason Pier C","San Francisco","USA","Raooul",4000,"Very Good",37.8067481,-122.431468
"santa-barbara-ca-usa-42793","<a href='https://www.dischord.com/fugazi_live_series/santa-barbara-ca-usa-42793' target='_blank'>santa-barbara-ca-usa-42793</a>",1993,"1993 Spring USA Tour",1993-04-27,"Anaconda","Santa Barbara","USA","Bikini Kill",950,"Good",34.4120715,-119.855795
"santiago-chile-82397","<a href='https://www.dischord.com/fugazi_live_series/santiago-chile-82397' target='_blank'>santiago-chile-82397</a>",1997,"1997 Summer Brazil/S. America Tour",1997-08-23,"Laberinto","Santiago","Chile","Super Sordo",700,NA,-33.4534536,-70.630775
"santiago-de-compostela-spain-52995","<a href='https://www.dischord.com/fugazi_live_series/santiago-de-compostela-spain-52995' target='_blank'>santiago-de-compostela-spain-52995</a>",1995,"1995 Spring/Summer European Tour",1995-05-29,"Sala Numero K","Santiago de Compostela","Spain",NA,500,"Very Good",42.880497,-8.54569
"santos-brazil-82097","<a href='https://www.dischord.com/fugazi_live_series/santos-brazil-82097' target='_blank'>santos-brazil-82097</a>",1997,"1997 Summer Brazil/S. America Tour",1997-08-20,"Bar do 3","Santos","Brazil","Againe",500,"Excellent",-23.9498271,-46.325382
"santos-brazil-82097","<a href='https://www.dischord.com/fugazi_live_series/santos-brazil-82097' target='_blank'>santos-brazil-82097</a>",1997,"1997 Summer Brazil/S. America Tour",1997-08-20,"Bar do 3","Santos","Brazil","Garage Fuzz",500,"Excellent",-23.9498271,-46.325382
"sao-paulo-brazil-80697","<a href='https://www.dischord.com/fugazi_live_series/sao-paulo-brazil-80697' target='_blank'>sao-paulo-brazil-80697</a>",1997,"1997 Summer Brazil/S. America Tour",1997-08-06,"Broadway","Sao Paulo","Brazil",NA,950,"Very Good",-23.518944,-46.67779
"sao-paulo-brazil-82094","<a href='https://www.dischord.com/fugazi_live_series/sao-paulo-brazil-82094' target='_blank'>sao-paulo-brazil-82094</a>",1994,"1994 Fall Brazil Tour",1994-08-20,"Aeroanta","Sao Paulo","Brazil","Psycho Drops",1000,"Good",-23.5651133,-46.694986
"sao-paulo-brazil-82194","<a href='https://www.dischord.com/fugazi_live_series/sao-paulo-brazil-82194' target='_blank'>sao-paulo-brazil-82194</a>",1994,"1994 Fall Brazil Tour",1994-08-21,"Aeroanta","Sao Paulo","Brazil","Psycho Drops",800,"Good",-23.5651133,-46.694986
"sapporo-japan-103096","<a href='https://www.dischord.com/fugazi_live_series/sapporo-japan-103096' target='_blank'>sapporo-japan-103096</a>",1996,"1996 US/Japan/Hong Kong/Australia Tour",1996-10-30,"Counteraction","Sapporo","Japan","Aeroscream",150,"Very Good",43.0582224,141.350817
"sapporo-japan-103096","<a href='https://www.dischord.com/fugazi_live_series/sapporo-japan-103096' target='_blank'>sapporo-japan-103096</a>",1996,"1996 US/Japan/Hong Kong/Australia Tour",1996-10-30,"Counteraction","Sapporo","Japan","Cowpers",150,"Very Good",43.0582224,141.350817
"sapporo-japan-103096","<a href='https://www.dischord.com/fugazi_live_series/sapporo-japan-103096' target='_blank'>sapporo-japan-103096</a>",1996,"1996 US/Japan/Hong Kong/Australia Tour",1996-10-30,"Counteraction","Sapporo","Japan","Thugs",150,"Very Good",43.0582224,141.350817
"sapporo-japan-103196","<a href='https://www.dischord.com/fugazi_live_series/sapporo-japan-103196' target='_blank'>sapporo-japan-103196</a>",1996,"1996 US/Japan/Hong Kong/Australia Tour",1996-10-31,"Bessie","Sapporo","Japan","Bonescratch",150,"Very Good",43.055474,141.3496
"sapporo-japan-103196","<a href='https://www.dischord.com/fugazi_live_series/sapporo-japan-103196' target='_blank'>sapporo-japan-103196</a>",1996,"1996 US/Japan/Hong Kong/Australia Tour",1996-10-31,"Bessie","Sapporo","Japan","Slang",150,"Very Good",43.055474,141.3496
"saskatoon-sk-canada-70101","<a href='https://www.dischord.com/fugazi_live_series/saskatoon-sk-canada-70101' target='_blank'>saskatoon-sk-canada-70101</a>",2001,"2001 Summer Mid-West/Canada Tour",2001-07-01,"Sid's Garage","Saskatoon","Canada","Some M.C.",260,"Very Good",52.1330829,-106.662011
"savannah-ga-usa-11400","<a href='https://www.dischord.com/fugazi_live_series/savannah-ga-usa-11400' target='_blank'>savannah-ga-usa-11400</a>",2000,"2000 Winter Southern USA Tour",2000-01-14,"River Rock","Savannah","USA","Faraquet",700,NA,32.08293,-81.094886
"savannah-ga-usa-11400","<a href='https://www.dischord.com/fugazi_live_series/savannah-ga-usa-11400' target='_blank'>savannah-ga-usa-11400</a>",2000,"2000 Winter Southern USA Tour",2000-01-14,"River Rock","Savannah","USA","The Flam",700,NA,32.08293,-81.094886
"savannah-ga-usa-21193","<a href='https://www.dischord.com/fugazi_live_series/savannah-ga-usa-21193' target='_blank'>savannah-ga-usa-21193</a>",1993,"1993 Winter Southern USA Tour",1993-02-11,"Knights of Columbus Hall","Savannah","USA","8 Ball",600,"Good",32.074574,-81.09391
"savannah-ga-usa-21193","<a href='https://www.dischord.com/fugazi_live_series/savannah-ga-usa-21193' target='_blank'>savannah-ga-usa-21193</a>",1993,"1993 Winter Southern USA Tour",1993-02-11,"Knights of Columbus Hall","Savannah","USA","Shudder to Think",600,"Good",32.074574,-81.09391
"savannah-ga-usa-33096","<a href='https://www.dischord.com/fugazi_live_series/savannah-ga-usa-33096' target='_blank'>savannah-ga-usa-33096</a>",1996,"1996 Southern USA Tour",1996-03-30,"Zoo","Savannah","USA","Branch Manager",700,"Very Good",32.079915,-81.093412
"savannah-ga-usa-33096","<a href='https://www.dischord.com/fugazi_live_series/savannah-ga-usa-33096' target='_blank'>savannah-ga-usa-33096</a>",1996,"1996 Southern USA Tour",1996-03-30,"Zoo","Savannah","USA","Bug Hummer",700,"Very Good",32.079915,-81.093412
"savannah-ga-usa-51391","<a href='https://www.dischord.com/fugazi_live_series/savannah-ga-usa-51391' target='_blank'>savannah-ga-usa-51391</a>",1991,"1991 Spring USA Tour",1991-05-13,"Sun","Savannah","USA","Slow Worm",200,"Good",32.074574,-81.09391
"savannah-ga-usa-51391","<a href='https://www.dischord.com/fugazi_live_series/savannah-ga-usa-51391' target='_blank'>savannah-ga-usa-51391</a>",1991,"1991 Spring USA Tour",1991-05-13,"Sun","Savannah","USA","Snout",200,"Good",32.074574,-81.09391
"schenectady-ny-usa-92689","<a href='https://www.dischord.com/fugazi_live_series/schenectady-ny-usa-92689' target='_blank'>schenectady-ny-usa-92689</a>",1989,"1989 Fall Canada/NE Tour",1989-09-26,"Eagles Lodge","Schenectady","USA","Dead Stop",300,NA,42.8051331,-73.932347
"schenectady-ny-usa-92689","<a href='https://www.dischord.com/fugazi_live_series/schenectady-ny-usa-92689' target='_blank'>schenectady-ny-usa-92689</a>",1989,"1989 Fall Canada/NE Tour",1989-09-26,"Eagles Lodge","Schenectady","USA","Supertouch",300,NA,42.8051331,-73.932347
"seattle-wa-usa-102795","<a href='https://www.dischord.com/fugazi_live_series/seattle-wa-usa-102795' target='_blank'>seattle-wa-usa-102795</a>",1995,"1995 Fall USA/Canada Tour",1995-10-27,"DV8","Seattle","USA","Team Dresch",1400,"Very Good",47.619369,-122.34669
"seattle-wa-usa-22899","<a href='https://www.dischord.com/fugazi_live_series/seattle-wa-usa-22899' target='_blank'>seattle-wa-usa-22899</a>",1999,"1999 West Coast USA Tour",1999-02-28,"DV8","Seattle","USA","Sleater Kinney",1500,"Excellent",47.619369,-122.34669
"seattle-wa-usa-22899","<a href='https://www.dischord.com/fugazi_live_series/seattle-wa-usa-22899' target='_blank'>seattle-wa-usa-22899</a>",1999,"1999 West Coast USA Tour",1999-02-28,"DV8","Seattle","USA","The Ex",1500,"Excellent",47.619369,-122.34669
"seattle-wa-usa-50693","<a href='https://www.dischord.com/fugazi_live_series/seattle-wa-usa-50693' target='_blank'>seattle-wa-usa-50693</a>",1993,"1993 Spring USA Tour",1993-05-06,"Oz","Seattle","USA","Mecca Normal",1200,"Good",47.619369,-122.34669
"seattle-wa-usa-52789","<a href='https://www.dischord.com/fugazi_live_series/seattle-wa-usa-52789' target='_blank'>seattle-wa-usa-52789</a>",1989,"1989 Spring USA Tour",1989-05-27,"Washington Performance Hall","Seattle","USA","Beat Happening",300,NA,47.6028246,-122.3146
"seattle-wa-usa-60190","<a href='https://www.dischord.com/fugazi_live_series/seattle-wa-usa-60190' target='_blank'>seattle-wa-usa-60190</a>",1990,"1990 Spring/Summer USA Tour",1990-06-01,"Lake City Concert Hall","Seattle","USA","Beat Happening",1100,"Good",47.7192729,-122.295152
"seattle-wa-usa-82691","<a href='https://www.dischord.com/fugazi_live_series/seattle-wa-usa-82691' target='_blank'>seattle-wa-usa-82691</a>",1991,"1991 Summer/Fall USA/Canada Tour",1991-08-26,"OZ","Seattle","USA","Beat Happening",1600,"Very Good",47.619369,-122.34669
"seattle-wa-usa-82691","<a href='https://www.dischord.com/fugazi_live_series/seattle-wa-usa-82691' target='_blank'>seattle-wa-usa-82691</a>",1991,"1991 Summer/Fall USA/Canada Tour",1991-08-26,"OZ","Seattle","USA","Nation of Ulysses",1600,"Very Good",47.619369,-122.34669
"severna-park-md-usa-62101","<a href='https://www.dischord.com/fugazi_live_series/severna-park-md-usa-62101' target='_blank'>severna-park-md-usa-62101</a>",2001,"2001 Spring/Summer Regional Dates",2001-06-21,"Columbian Center","Severna Park","USA","Stagger Stagger Crawl",350,"Very Good",39.0890929,-76.555028
"silver-spring-md-usa-112094","<a href='https://www.dischord.com/fugazi_live_series/silver-spring-md-usa-112094' target='_blank'>silver-spring-md-usa-112094</a>",1994,"1994 Fall/Winter Regional Dates",1994-11-20,"Long Branch Community Center","Silver Spring","USA","Junkyard Band",350,"Very Good",38.9997417,-76.998304
"singapore-singapore-110893","<a href='https://www.dischord.com/fugazi_live_series/singapore-singapore-110893' target='_blank'>singapore-singapore-110893</a>",1993,"1993 Japan/Australia/New Zealand Tour",1993-11-08,"Bukit Batok Community Center","Singapore","Singapore",NA,550,"Good",1.3498247,103.747337
"singapore-singapore-110896","<a href='https://www.dischord.com/fugazi_live_series/singapore-singapore-110896' target='_blank'>singapore-singapore-110896</a>",1996,"1996 US/Japan/Hong Kong/Australia Tour",1996-11-08,"Fire Club","Singapore","Singapore","Stomping Ground",800,"Good",1.3009768,103.841056
"sioux-falls-sd-usa-101995","<a href='https://www.dischord.com/fugazi_live_series/sioux-falls-sd-usa-101995' target='_blank'>sioux-falls-sd-usa-101995</a>",1995,"1995 Fall USA/Canada Tour",1995-10-19,"Pomp Room","Sioux Falls","USA","Floodplain",804,"Good",43.5492045,-96.730207
"sioux-falls-sd-usa-101995","<a href='https://www.dischord.com/fugazi_live_series/sioux-falls-sd-usa-101995' target='_blank'>sioux-falls-sd-usa-101995</a>",1995,"1995 Fall USA/Canada Tour",1995-10-19,"Pomp Room","Sioux Falls","USA","Vampire Lezbos",804,"Good",43.5492045,-96.730207
"spokane-wa-usa-51388","<a href='https://www.dischord.com/fugazi_live_series/spokane-wa-usa-51388' target='_blank'>spokane-wa-usa-51388</a>",1988,"1988 Spring USA Tour",1988-05-13,"123 Arts","Spokane","USA","Buzz",100,"Good",47.6557683,-117.42777
"spokane-wa-usa-51388","<a href='https://www.dischord.com/fugazi_live_series/spokane-wa-usa-51388' target='_blank'>spokane-wa-usa-51388</a>",1988,"1988 Spring USA Tour",1988-05-13,"123 Arts","Spokane","USA","Coffee Achievers",100,"Good",47.6557683,-117.42777
"spokane-wa-usa-51388","<a href='https://www.dischord.com/fugazi_live_series/spokane-wa-usa-51388' target='_blank'>spokane-wa-usa-51388</a>",1988,"1988 Spring USA Tour",1988-05-13,"123 Arts","Spokane","USA","Free Keg",100,"Good",47.6557683,-117.42777
"spokane-wa-usa-51388","<a href='https://www.dischord.com/fugazi_live_series/spokane-wa-usa-51388' target='_blank'>spokane-wa-usa-51388</a>",1988,"1988 Spring USA Tour",1988-05-13,"123 Arts","Spokane","USA","the Feedback",100,"Good",47.6557683,-117.42777
"springfield-mo-usa-60291","<a href='https://www.dischord.com/fugazi_live_series/springfield-mo-usa-60291' target='_blank'>springfield-mo-usa-60291</a>",1991,"1991 Spring USA Tour",1991-06-02,"Chestnut Hall","Springfield","USA","Now or Never",230,"Good",37.212766,-93.367509
"springfield-mo-usa-60291","<a href='https://www.dischord.com/fugazi_live_series/springfield-mo-usa-60291' target='_blank'>springfield-mo-usa-60291</a>",1991,"1991 Spring USA Tour",1991-06-02,"Chestnut Hall","Springfield","USA","Walking Octopus",230,"Good",37.212766,-93.367509
"springfield-or-usa-30299","<a href='https://www.dischord.com/fugazi_live_series/springfield-or-usa-30299' target='_blank'>springfield-or-usa-30299</a>",1999,"1999 West Coast USA Tour",1999-03-02,"McKensie Ballroom","Springfield","USA","764-Hero",750,"Good",44.0464129,-123.017716
"springfield-or-usa-30299","<a href='https://www.dischord.com/fugazi_live_series/springfield-or-usa-30299' target='_blank'>springfield-or-usa-30299</a>",1999,"1999 West Coast USA Tour",1999-03-02,"McKensie Ballroom","Springfield","USA","Red Stars Theory",750,"Good",44.0464129,-123.017716
"st-louis-mo-usa-100895","<a href='https://www.dischord.com/fugazi_live_series/st-louis-mo-usa-100895' target='_blank'>st-louis-mo-usa-100895</a>",1995,"1995 Fall USA/Canada Tour",1995-10-08,"Mississippi Nights","St. Louis","USA","Make Up",1100,"Very Good",38.6324459,-90.182776
"st-louis-mo-usa-112698","<a href='https://www.dischord.com/fugazi_live_series/st-louis-mo-usa-112698' target='_blank'>st-louis-mo-usa-112698</a>",1998,"1998 Fall Mid-West USA Tour",1998-11-26,"Galaxy","St. Louis","USA","90 Day Men",765,"Good",38.6322517,-90.197874
"st-louis-mo-usa-112698","<a href='https://www.dischord.com/fugazi_live_series/st-louis-mo-usa-112698' target='_blank'>st-louis-mo-usa-112698</a>",1998,"1998 Fall Mid-West USA Tour",1998-11-26,"Galaxy","St. Louis","USA","Bunnygrunt",765,"Good",38.6322517,-90.197874
"st-louis-mo-usa-60491","<a href='https://www.dischord.com/fugazi_live_series/st-louis-mo-usa-60491' target='_blank'>st-louis-mo-usa-60491</a>",1991,"1991 Spring USA Tour",1991-06-04,"Mississippi Nights","St. Louis","USA","Algoa Road",1275,"Good",38.6324459,-90.182776
"st-louis-mo-usa-60491","<a href='https://www.dischord.com/fugazi_live_series/st-louis-mo-usa-60491' target='_blank'>st-louis-mo-usa-60491</a>",1991,"1991 Spring USA Tour",1991-06-04,"Mississippi Nights","St. Louis","USA","Ultraman",1275,"Good",38.6324459,-90.182776
"st-louis-mo-usa-60589","<a href='https://www.dischord.com/fugazi_live_series/st-louis-mo-usa-60589' target='_blank'>st-louis-mo-usa-60589</a>",1989,"1989 Spring USA Tour",1989-06-05,"Bernard's Pub","St. Louis","USA","Judge Nothing",250,"Good",38.618403,-90.250024
"st-louis-mo-usa-60589","<a href='https://www.dischord.com/fugazi_live_series/st-louis-mo-usa-60589' target='_blank'>st-louis-mo-usa-60589</a>",1989,"1989 Spring USA Tour",1989-06-05,"Bernard's Pub","St. Louis","USA","Nine Lives",250,"Good",38.618403,-90.250024
"st-louis-mo-usa-61390","<a href='https://www.dischord.com/fugazi_live_series/st-louis-mo-usa-61390' target='_blank'>st-louis-mo-usa-61390</a>",1990,"1990 Spring/Summer USA Tour",1990-06-13,"1227","St. Louis","USA","Dogfight",950,"Good",38.6322924,-90.198225
"st-louis-mo-usa-61390","<a href='https://www.dischord.com/fugazi_live_series/st-louis-mo-usa-61390' target='_blank'>st-louis-mo-usa-61390</a>",1990,"1990 Spring/Summer USA Tour",1990-06-13,"1227","St. Louis","USA","Ultraman",950,"Good",38.6322924,-90.198225
"st-louis-mo-usa-82593","<a href='https://www.dischord.com/fugazi_live_series/st-louis-mo-usa-82593' target='_blank'>st-louis-mo-usa-82593</a>",1993,"1993 Fall USA/Canada Tour",1993-08-25,"Mississippi Nights","St. Louis","USA","Dazzling Killmen",1200,"Very Good",38.6324459,-90.182776
"st-louis-mo-usa-82693","<a href='https://www.dischord.com/fugazi_live_series/st-louis-mo-usa-82693' target='_blank'>st-louis-mo-usa-82693</a>",1993,"1993 Fall USA/Canada Tour",1993-08-26,"Mississippi Nights","St. Louis","USA","Dazzling Killmen",1200,"Very Good",38.6324459,-90.182776
"state-college-pa-usa-92693","<a href='https://www.dischord.com/fugazi_live_series/state-college-pa-usa-92693' target='_blank'>state-college-pa-usa-92693</a>",1993,"1993 Fall USA/Canada Tour",1993-09-26,"Penn State Hub","State College","USA","Junction",1000,"Very Good",40.7981145,-77.861211
"state-college-pa-usa-92693","<a href='https://www.dischord.com/fugazi_live_series/state-college-pa-usa-92693' target='_blank'>state-college-pa-usa-92693</a>",1993,"1993 Fall USA/Canada Tour",1993-09-26,"Penn State Hub","State College","USA","Spinanes",1000,"Very Good",40.7981145,-77.861211
"stockholm-sweden-100100","<a href='https://www.dischord.com/fugazi_live_series/stockholm-sweden-100100' target='_blank'>stockholm-sweden-100100</a>",2000,"2000 Fall Northern European Tour",2000-10-01,"Kolingsborg","Stockholm","Sweden","Randy",700,"Very Good",59.320658,18.071395
"stockholm-sweden-100100","<a href='https://www.dischord.com/fugazi_live_series/stockholm-sweden-100100' target='_blank'>stockholm-sweden-100100</a>",2000,"2000 Fall Northern European Tour",2000-10-01,"Kolingsborg","Stockholm","Sweden","Trap Door Fucking Exit",700,"Very Good",59.320658,18.071395
"storrs-ct-usa-30791","<a href='https://www.dischord.com/fugazi_live_series/storrs-ct-usa-30791' target='_blank'>storrs-ct-usa-30791</a>",1991,"1991 Winter/Spring East Coast USA Tour",1991-03-07,"University of Connecticut","Storrs","USA","Autoclave",700,"Good",41.8068934,-72.255962
"storrs-ct-usa-30791","<a href='https://www.dischord.com/fugazi_live_series/storrs-ct-usa-30791' target='_blank'>storrs-ct-usa-30791</a>",1991,"1991 Winter/Spring East Coast USA Tour",1991-03-07,"University of Connecticut","Storrs","USA","Beat Happening",700,"Good",41.8068934,-72.255962
"storrs-ct-usa-30791","<a href='https://www.dischord.com/fugazi_live_series/storrs-ct-usa-30791' target='_blank'>storrs-ct-usa-30791</a>",1991,"1991 Winter/Spring East Coast USA Tour",1991-03-07,"University of Connecticut","Storrs","USA","Nation of Ulysses",700,"Good",41.8068934,-72.255962
"storrs-ct-usa-91893","<a href='https://www.dischord.com/fugazi_live_series/storrs-ct-usa-91893' target='_blank'>storrs-ct-usa-91893</a>",1993,"1993 Fall USA/Canada Tour",1993-09-18,"University of Connecticut Fieldhouse","Storrs","USA","MI6",2150,"Very Good",41.8068934,-72.255962
"storrs-ct-usa-91893","<a href='https://www.dischord.com/fugazi_live_series/storrs-ct-usa-91893' target='_blank'>storrs-ct-usa-91893</a>",1993,"1993 Fall USA/Canada Tour",1993-09-18,"University of Connecticut Fieldhouse","Storrs","USA","Shudder to Think",2150,"Very Good",41.8068934,-72.255962
"stuttgart-germany-101390","<a href='https://www.dischord.com/fugazi_live_series/stuttgart-germany-101390' target='_blank'>stuttgart-germany-101390</a>",1990,"1990 Fall European Tour",1990-10-13,"Altes Feuerwehrhaus","Stuttgart","Germany","Urge",1000,"Good",48.761876,9.159794
"stuttgart-germany-63095","<a href='https://www.dischord.com/fugazi_live_series/stuttgart-germany-63095' target='_blank'>stuttgart-germany-63095</a>",1995,"1995 Spring/Summer European Tour",1995-06-30,"Hallschlag JZ","Stuttgart","Germany","Kurort",760,"Very Good",48.8133,9.2
"sydney-australia-111796","<a href='https://www.dischord.com/fugazi_live_series/sydney-australia-111796' target='_blank'>sydney-australia-111796</a>",1996,"1996 US/Japan/Hong Kong/Australia Tour",1996-11-17,"Metro Theatre","Sydney","Australia","Midget",913,"Very Good",-33.8756943,151.206627
"sydney-australia-112093","<a href='https://www.dischord.com/fugazi_live_series/sydney-australia-112093' target='_blank'>sydney-australia-112093</a>",1993,"1993 Japan/Australia/New Zealand Tour",1993-11-20,"Sydney Town hall","Sydney","Australia","Fur",1300,"Good",-33.8730546,151.206155
"sydney-australia-112093","<a href='https://www.dischord.com/fugazi_live_series/sydney-australia-112093' target='_blank'>sydney-australia-112093</a>",1993,"1993 Japan/Australia/New Zealand Tour",1993-11-20,"Sydney Town hall","Sydney","Australia","Mark of Cain",1300,"Good",-33.8730546,151.206155
"sydney-australia-61497","<a href='https://www.dischord.com/fugazi_live_series/sydney-australia-61497' target='_blank'>sydney-australia-61497</a>",1997,"1997 Summer Australia/New Zealand Tour",1997-06-14,"Manly Youth Center","Sydney","Australia",NA,968,"Good",-33.7946915,151.284323
"sydney-australia-61597","<a href='https://www.dischord.com/fugazi_live_series/sydney-australia-61597' target='_blank'>sydney-australia-61597</a>",1997,"1997 Summer Australia/New Zealand Tour",1997-06-15,"Metro Theatre","Sydney","Australia",NA,968,"Poor",-33.8756943,151.206627
"sydney-nsw-australia-102591","<a href='https://www.dischord.com/fugazi_live_series/sydney-nsw-australia-102591' target='_blank'>sydney-nsw-australia-102591</a>",1991,"1991 Australia/New Zealand/Japan Tour",1991-10-25,"Sydney Uni","Sydney","Australia","Crow",900,"Good",-33.8885748,151.187349
"sydney-nsw-australia-102591","<a href='https://www.dischord.com/fugazi_live_series/sydney-nsw-australia-102591' target='_blank'>sydney-nsw-australia-102591</a>",1991,"1991 Australia/New Zealand/Japan Tour",1991-10-25,"Sydney Uni","Sydney","Australia","Evan Dando",900,"Good",-33.8885748,151.187349
"sydney-nsw-australia-102591","<a href='https://www.dischord.com/fugazi_live_series/sydney-nsw-australia-102591' target='_blank'>sydney-nsw-australia-102591</a>",1991,"1991 Australia/New Zealand/Japan Tour",1991-10-25,"Sydney Uni","Sydney","Australia","Headache",900,"Good",-33.8885748,151.187349
"sydney-nsw-australia-102791","<a href='https://www.dischord.com/fugazi_live_series/sydney-nsw-australia-102791' target='_blank'>sydney-nsw-australia-102791</a>",1991,"1991 Australia/New Zealand/Japan Tour",1991-10-27,"Burland Centre","Sydney","Australia","Mass Appeal",800,"Very Good",-33.8892326,151.19482
"sydney-nsw-australia-102791","<a href='https://www.dischord.com/fugazi_live_series/sydney-nsw-australia-102791' target='_blank'>sydney-nsw-australia-102791</a>",1991,"1991 Australia/New Zealand/Japan Tour",1991-10-27,"Burland Centre","Sydney","Australia","Nunbait",800,"Very Good",-33.8892326,151.19482
"sydney-nsw-australia-111596","<a href='https://www.dischord.com/fugazi_live_series/sydney-nsw-australia-111596' target='_blank'>sydney-nsw-australia-111596</a>",1996,"1996 US/Japan/Hong Kong/Australia Tour",1996-11-15,"Sydney University","Sydney","Australia","Mothra",1000,"Excellent",-33.8885748,151.187349
"sydney-nsw-australia-111596","<a href='https://www.dischord.com/fugazi_live_series/sydney-nsw-australia-111596' target='_blank'>sydney-nsw-australia-111596</a>",1996,"1996 US/Japan/Hong Kong/Australia Tour",1996-11-15,"Sydney University","Sydney","Australia","Tweezer",1000,"Excellent",-33.8885748,151.187349
"sydney-nsw-australia-120193","<a href='https://www.dischord.com/fugazi_live_series/sydney-nsw-australia-120193' target='_blank'>sydney-nsw-australia-120193</a>",1993,"1993 Japan/Australia/New Zealand Tour",1993-12-01,"Uni Manning Bar","Sydney","Australia","Headache",450,"Good",-33.8868904,151.187622
"syracuse-ny-usa-31291","<a href='https://www.dischord.com/fugazi_live_series/syracuse-ny-usa-31291' target='_blank'>syracuse-ny-usa-31291</a>",1991,"1991 Winter/Spring East Coast USA Tour",1991-03-12,"Syracuse University","Syracuse","USA","Quicksand",800,"Good",43.0401853,-76.13349
"syracuse-ny-usa-31291","<a href='https://www.dischord.com/fugazi_live_series/syracuse-ny-usa-31291' target='_blank'>syracuse-ny-usa-31291</a>",1991,"1991 Winter/Spring East Coast USA Tour",1991-03-12,"Syracuse University","Syracuse","USA","Wiggle Posse",800,"Good",43.0401853,-76.13349
"syracuse-ny-usa-71798","<a href='https://www.dischord.com/fugazi_live_series/syracuse-ny-usa-71798' target='_blank'>syracuse-ny-usa-71798</a>",1998,"1998 Summer Canada/USA Tour",1998-07-17,"Lost Horizon","Syracuse","USA","Blonde Redhead",450,"Good",43.0546607,-76.083027
"syracuse-ny-usa-92193","<a href='https://www.dischord.com/fugazi_live_series/syracuse-ny-usa-92193' target='_blank'>syracuse-ny-usa-92193</a>",1993,"1993 Fall USA/Canada Tour",1993-09-21,"Lost Horizon","Syracuse","USA","Foundation",1000,"Very Good",43.0546607,-76.083027
"syracuse-ny-usa-92193","<a href='https://www.dischord.com/fugazi_live_series/syracuse-ny-usa-92193' target='_blank'>syracuse-ny-usa-92193</a>",1993,"1993 Fall USA/Canada Tour",1993-09-21,"Lost Horizon","Syracuse","USA","Spinanes",1000,"Very Good",43.0546607,-76.083027
"tacoma-wa-usa-51588","<a href='https://www.dischord.com/fugazi_live_series/tacoma-wa-usa-51588' target='_blank'>tacoma-wa-usa-51588</a>",1988,"1988 Spring USA Tour",1988-05-15,"Tacoma Community World Theater","Tacoma","USA","Brotherhood",75,NA,47.2067558,-122.450717
"tacoma-wa-usa-51588","<a href='https://www.dischord.com/fugazi_live_series/tacoma-wa-usa-51588' target='_blank'>tacoma-wa-usa-51588</a>",1988,"1988 Spring USA Tour",1988-05-15,"Tacoma Community World Theater","Tacoma","USA","Noise For Nothing",75,NA,47.2067558,-122.450717
"tallahassee-fl-usa-12000","<a href='https://www.dischord.com/fugazi_live_series/tallahassee-fl-usa-12000' target='_blank'>tallahassee-fl-usa-12000</a>",2000,"2000 Winter Southern USA Tour",2000-01-20,"Moon","Tallahassee","USA","Faraquet",1200,"Very Good",30.4357734,-84.265699
"tallahassee-fl-usa-12000","<a href='https://www.dischord.com/fugazi_live_series/tallahassee-fl-usa-12000' target='_blank'>tallahassee-fl-usa-12000</a>",2000,"2000 Winter Southern USA Tour",2000-01-20,"Moon","Tallahassee","USA","Flanders",1200,"Very Good",30.4357734,-84.265699
"tampa-fl-usa-11900","<a href='https://www.dischord.com/fugazi_live_series/tampa-fl-usa-11900' target='_blank'>tampa-fl-usa-11900</a>",2000,"2000 Winter Southern USA Tour",2000-01-19,"Masquerade","Tampa","USA","Faraquet",1400,"Very Good",27.9597496,-82.442649
"tampa-fl-usa-21693","<a href='https://www.dischord.com/fugazi_live_series/tampa-fl-usa-21693' target='_blank'>tampa-fl-usa-21693</a>",1993,"1993 Winter Southern USA Tour",1993-02-16,"Ritz","Tampa","USA","Shudder to Think",1500,"Good",27.9597496,-82.442649
"tampa-fl-usa-40396","<a href='https://www.dischord.com/fugazi_live_series/tampa-fl-usa-40396' target='_blank'>tampa-fl-usa-40396</a>",1996,"1996 Southern USA Tour",1996-04-03,"Masquerade","Tampa","USA","Branch Manager",1200,"Good",27.9597496,-82.442649
"tampa-fl-usa-40396","<a href='https://www.dischord.com/fugazi_live_series/tampa-fl-usa-40396' target='_blank'>tampa-fl-usa-40396</a>",1996,"1996 Southern USA Tour",1996-04-03,"Masquerade","Tampa","USA","Glorium",1200,"Good",27.9597496,-82.442649
"tampa-fl-usa-51591","<a href='https://www.dischord.com/fugazi_live_series/tampa-fl-usa-51591' target='_blank'>tampa-fl-usa-51591</a>",1991,"1991 Spring USA Tour",1991-05-15,"Ritz","Tampa","USA","Dirt",1150,"Very Good",27.9597496,-82.442649
"tampere-finland-71295","<a href='https://www.dischord.com/fugazi_live_series/tampere-finland-71295' target='_blank'>tampere-finland-71295</a>",1995,"1995 Spring/Summer European Tour",1995-07-12,"Pakkahuone","Tampere","Finland",NA,650,"Very Good",61.4985813,23.77658
"tilburg-netherlands-101699","<a href='https://www.dischord.com/fugazi_live_series/tilburg-netherlands-101699' target='_blank'>tilburg-netherlands-101699</a>",1999,"1999 Fall European Tour",1999-10-16,"O13","Tilburg","Netherlands",NA,600,"Excellent",51.5576483,5.093004
"tokyo-japan-102696","<a href='https://www.dischord.com/fugazi_live_series/tokyo-japan-102696' target='_blank'>tokyo-japan-102696</a>",1996,"1996 US/Japan/Hong Kong/Australia Tour",1996-10-26,"Guilty","Tokyo","Japan","DMBQ",254,"Very Good",35.6568137,139.697017
"tokyo-japan-102696","<a href='https://www.dischord.com/fugazi_live_series/tokyo-japan-102696' target='_blank'>tokyo-japan-102696</a>",1996,"1996 US/Japan/Hong Kong/Australia Tour",1996-10-26,"Guilty","Tokyo","Japan","Make Up",254,"Very Good",35.6568137,139.697017
"tokyo-japan-102696","<a href='https://www.dischord.com/fugazi_live_series/tokyo-japan-102696' target='_blank'>tokyo-japan-102696</a>",1996,"1996 US/Japan/Hong Kong/Australia Tour",1996-10-26,"Guilty","Tokyo","Japan","O-O-I-O-O",254,"Very Good",35.6568137,139.697017
"tokyo-japan-102796","<a href='https://www.dischord.com/fugazi_live_series/tokyo-japan-102796' target='_blank'>tokyo-japan-102796</a>",1996,"1996 US/Japan/Hong Kong/Australia Tour",1996-10-27,"Guilty","Tokyo","Japan","Atomic Fireball",205,"Very Good",35.6568137,139.697017
"tokyo-japan-102796","<a href='https://www.dischord.com/fugazi_live_series/tokyo-japan-102796' target='_blank'>tokyo-japan-102796</a>",1996,"1996 US/Japan/Hong Kong/Australia Tour",1996-10-27,"Guilty","Tokyo","Japan","Make Up",205,"Very Good",35.6568137,139.697017
"tokyo-japan-102896","<a href='https://www.dischord.com/fugazi_live_series/tokyo-japan-102896' target='_blank'>tokyo-japan-102896</a>",1996,"1996 US/Japan/Hong Kong/Australia Tour",1996-10-28,"Guilty","Tokyo","Japan","Bloodthirsty Butchers",332,"Excellent",35.6568137,139.697017
"tokyo-japan-102896","<a href='https://www.dischord.com/fugazi_live_series/tokyo-japan-102896' target='_blank'>tokyo-japan-102896</a>",1996,"1996 US/Japan/Hong Kong/Australia Tour",1996-10-28,"Guilty","Tokyo","Japan","Eastern Youth",332,"Excellent",35.6568137,139.697017
"tokyo-japan-102896","<a href='https://www.dischord.com/fugazi_live_series/tokyo-japan-102896' target='_blank'>tokyo-japan-102896</a>",1996,"1996 US/Japan/Hong Kong/Australia Tour",1996-10-28,"Guilty","Tokyo","Japan","Make Up",332,"Excellent",35.6568137,139.697017
"tokyo-japan-102896","<a href='https://www.dischord.com/fugazi_live_series/tokyo-japan-102896' target='_blank'>tokyo-japan-102896</a>",1996,"1996 US/Japan/Hong Kong/Australia Tour",1996-10-28,"Guilty","Tokyo","Japan","Naht",332,"Excellent",35.6568137,139.697017
"tokyo-japan-110593","<a href='https://www.dischord.com/fugazi_live_series/tokyo-japan-110593' target='_blank'>tokyo-japan-110593</a>",1993,"1993 Japan/Australia/New Zealand Tour",1993-11-05,"Club Quattro","Tokyo","Japan","Bloodthirsty Butchers",350,"Very Good",35.6611055,139.697546
"tokyo-japan-110593","<a href='https://www.dischord.com/fugazi_live_series/tokyo-japan-110593' target='_blank'>tokyo-japan-110593</a>",1993,"1993 Japan/Australia/New Zealand Tour",1993-11-05,"Club Quattro","Tokyo","Japan","Jackie and the Cedrics",350,"Very Good",35.6611055,139.697546
"tokyo-japan-110693","<a href='https://www.dischord.com/fugazi_live_series/tokyo-japan-110693' target='_blank'>tokyo-japan-110693</a>",1993,"1993 Japan/Australia/New Zealand Tour",1993-11-06,"Club Quattro","Tokyo","Japan","Nukey Pikes",550,"Very Good",35.6611055,139.697546
"tokyo-japan-110693","<a href='https://www.dischord.com/fugazi_live_series/tokyo-japan-110693' target='_blank'>tokyo-japan-110693</a>",1993,"1993 Japan/Australia/New Zealand Tour",1993-11-06,"Club Quattro","Tokyo","Japan","Sadato",550,"Very Good",35.6611055,139.697546
"tokyo-japan-111191","<a href='https://www.dischord.com/fugazi_live_series/tokyo-japan-111191' target='_blank'>tokyo-japan-111191</a>",1991,"1991 Australia/New Zealand/Japan Tour",1991-11-11,"Anti Knock","Tokyo","Japan","Superdumb",300,"Very Good",35.6886064,139.703513
"tokyo-japan-111191","<a href='https://www.dischord.com/fugazi_live_series/tokyo-japan-111191' target='_blank'>tokyo-japan-111191</a>",1991,"1991 Australia/New Zealand/Japan Tour",1991-11-11,"Anti Knock","Tokyo","Japan","Volume Dealers",300,"Very Good",35.6886064,139.703513
"tokyo-japan-111291","<a href='https://www.dischord.com/fugazi_live_series/tokyo-japan-111291' target='_blank'>tokyo-japan-111291</a>",1991,"1991 Australia/New Zealand/Japan Tour",1991-11-12,"Anti Knock","Tokyo","Japan","Bloodthirsty Butchers",300,"Good",35.6886064,139.703513
"tokyo-japan-111291","<a href='https://www.dischord.com/fugazi_live_series/tokyo-japan-111291' target='_blank'>tokyo-japan-111291</a>",1991,"1991 Australia/New Zealand/Japan Tour",1991-11-12,"Anti Knock","Tokyo","Japan","Gut Slug",300,"Good",35.6886064,139.703513
"toledo-oh-usa-61489","<a href='https://www.dischord.com/fugazi_live_series/toledo-oh-usa-61489' target='_blank'>toledo-oh-usa-61489</a>",1989,"1989 Spring USA Tour",1989-06-14,"Tam O'Shanter Ice Rink","Toledo","USA","Herb Tarlicks",360,NA,41.6908333,-83.713055
"toledo-oh-usa-61489","<a href='https://www.dischord.com/fugazi_live_series/toledo-oh-usa-61489' target='_blank'>toledo-oh-usa-61489</a>",1989,"1989 Spring USA Tour",1989-06-14,"Tam O'Shanter Ice Rink","Toledo","USA","Outface",360,NA,41.6908333,-83.713055
"toledo-oh-usa-62590","<a href='https://www.dischord.com/fugazi_live_series/toledo-oh-usa-62590' target='_blank'>toledo-oh-usa-62590</a>",1990,"1990 Spring/Summer USA Tour",1990-06-25,"Masonic Auditorium","Toledo","USA","Clodhopper",200,"Good",41.5927127,-83.651898
"toledo-oh-usa-62590","<a href='https://www.dischord.com/fugazi_live_series/toledo-oh-usa-62590' target='_blank'>toledo-oh-usa-62590</a>",1990,"1990 Spring/Summer USA Tour",1990-06-25,"Masonic Auditorium","Toledo","USA","Gangster Fun",200,"Good",41.5927127,-83.651898
"toledo-oh-usa-62590","<a href='https://www.dischord.com/fugazi_live_series/toledo-oh-usa-62590' target='_blank'>toledo-oh-usa-62590</a>",1990,"1990 Spring/Summer USA Tour",1990-06-25,"Masonic Auditorium","Toledo","USA","Trenchmouth",200,"Good",41.5927127,-83.651898
"tongeren-belgium-52292","<a href='https://www.dischord.com/fugazi_live_series/tongeren-belgium-52292' target='_blank'>tongeren-belgium-52292</a>",1992,"1992 Spring European Tour",1992-05-22,"Concordia","Tongeren","Belgium","Girls Vs. Boys",650,"Good",50.781175,5.472044
"tongeren-belgium-52292","<a href='https://www.dischord.com/fugazi_live_series/tongeren-belgium-52292' target='_blank'>tongeren-belgium-52292</a>",1992,"1992 Spring European Tour",1992-05-22,"Concordia","Tongeren","Belgium","Grooveline Vendetta",650,"Good",50.781175,5.472044
"torino-italy-102990","<a href='https://www.dischord.com/fugazi_live_series/torino-italy-102990' target='_blank'>torino-italy-102990</a>",1990,"1990 Fall European Tour",1990-10-29,"Hiroshima","Torino","Italy",NA,400,"Good",45.0284369,7.653159
"torino-italy-112088","<a href='https://www.dischord.com/fugazi_live_series/torino-italy-112088' target='_blank'>torino-italy-112088</a>",1988,"1988 Fall European Tour",1988-11-20,"El Paso","Torino","Italy",NA,199,"Good",45.0234778,7.656051
"torino-italy-60592","<a href='https://www.dischord.com/fugazi_live_series/torino-italy-60592' target='_blank'>torino-italy-60592</a>",1992,"1992 Spring European Tour",1992-06-05,"Murazzi","Torino","Italy","Free The Nation",1000,"Very Good",45.0620346,7.694419
"torino-italy-61595","<a href='https://www.dischord.com/fugazi_live_series/torino-italy-61595' target='_blank'>torino-italy-61595</a>",1995,"1995 Spring/Summer European Tour",1995-06-15,"Parco Ex Ospedale Psichiatrico","Torino","Italy","Assalti Frontali",1400,"Very Good",45.0796674,7.579692
"toronto-on-canada-100189","<a href='https://www.dischord.com/fugazi_live_series/toronto-on-canada-100189' target='_blank'>toronto-on-canada-100189</a>",1989,"1989 Fall Canada/NE Tour",1989-10-01,"Rivoli Theater","Toronto","Canada","Guilt Parade",400,"Good",43.6494444,-79.39
"toronto-on-canada-100189","<a href='https://www.dischord.com/fugazi_live_series/toronto-on-canada-100189' target='_blank'>toronto-on-canada-100189</a>",1989,"1989 Fall Canada/NE Tour",1989-10-01,"Rivoli Theater","Toronto","Canada","Phleg Camp",400,"Good",43.6494444,-79.39
"toronto-on-canada-71998","<a href='https://www.dischord.com/fugazi_live_series/toronto-on-canada-71998' target='_blank'>toronto-on-canada-71998</a>",1998,"1998 Summer Canada/USA Tour",1998-07-19,"Phoenix Theater","Toronto","Canada","Grade",1250,"Very Good",43.6646119,-79.374047
"toronto-on-canada-80491","<a href='https://www.dischord.com/fugazi_live_series/toronto-on-canada-80491' target='_blank'>toronto-on-canada-80491</a>",1991,"1991 Summer/Fall USA/Canada Tour",1991-08-04,"Opera House","Toronto","Canada","Pure",1000,"Very Good",43.6589105,-79.348759
"toronto-on-canada-80491","<a href='https://www.dischord.com/fugazi_live_series/toronto-on-canada-80491' target='_blank'>toronto-on-canada-80491</a>",1991,"1991 Summer/Fall USA/Canada Tour",1991-08-04,"Opera House","Toronto","Canada","Scott B Sympathy",1000,"Very Good",43.6589105,-79.348759
"toronto-on-canada-92795","<a href='https://www.dischord.com/fugazi_live_series/toronto-on-canada-92795' target='_blank'>toronto-on-canada-92795</a>",1995,"1995 Fall USA/Canada Tour",1995-09-27,"RPM Warehouse","Toronto","Canada","Minnow",1650,"Good",43.6495571,-79.387874
"toronto-on-canada-92795","<a href='https://www.dischord.com/fugazi_live_series/toronto-on-canada-92795' target='_blank'>toronto-on-canada-92795</a>",1995,"1995 Fall USA/Canada Tour",1995-09-27,"RPM Warehouse","Toronto","Canada","Super X",1650,"Good",43.6495571,-79.387874
"toronto-ont-canada-90993","<a href='https://www.dischord.com/fugazi_live_series/toronto-ont-canada-90993' target='_blank'>toronto-ont-canada-90993</a>",1993,"1993 Fall USA/Canada Tour",1993-09-09,"RPM Warehouse","Toronto","Canada","Mudfish",1400,"Good",43.6495571,-79.387874
"toronto-ont-canada-90993","<a href='https://www.dischord.com/fugazi_live_series/toronto-ont-canada-90993' target='_blank'>toronto-ont-canada-90993</a>",1993,"1993 Fall USA/Canada Tour",1993-09-09,"RPM Warehouse","Toronto","Canada","Shudder to Think",1400,"Good",43.6495571,-79.387874
"toronto-ont-canada-91093","<a href='https://www.dischord.com/fugazi_live_series/toronto-ont-canada-91093' target='_blank'>toronto-ont-canada-91093</a>",1993,"1993 Fall USA/Canada Tour",1993-09-10,"RPM Warehouse","Toronto","Canada","Morganfields",650,"Very Good",43.6495571,-79.387874
"toronto-ont-canada-91093","<a href='https://www.dischord.com/fugazi_live_series/toronto-ont-canada-91093' target='_blank'>toronto-ont-canada-91093</a>",1993,"1993 Fall USA/Canada Tour",1993-09-10,"RPM Warehouse","Toronto","Canada","Shudder to Think",650,"Very Good",43.6495571,-79.387874
"toulouse-france-53092","<a href='https://www.dischord.com/fugazi_live_series/toulouse-france-53092' target='_blank'>toulouse-france-53092</a>",1992,"1992 Spring European Tour",1992-05-30,"Le Bikini","Toulouse","France",NA,270,"Good",43.5480492,1.485404
"toulouse-france-60695","<a href='https://www.dischord.com/fugazi_live_series/toulouse-france-60695' target='_blank'>toulouse-france-60695</a>",1995,"1995 Spring/Summer European Tour",1995-06-06,"Le Bikini","Toulouse","France","Prohibition",650,"Good",43.5480492,1.485404
"trenton-nj-usa-31991","<a href='https://www.dischord.com/fugazi_live_series/trenton-nj-usa-31991' target='_blank'>trenton-nj-usa-31991</a>",1991,"1991 Winter/Spring East Coast USA Tour",1991-03-19,"City Gardens","Trenton","USA","Ween",1100,"Good",40.2373768,-74.759901
"trenton-nj-usa-41492","<a href='https://www.dischord.com/fugazi_live_series/trenton-nj-usa-41492' target='_blank'>trenton-nj-usa-41492</a>",1992,"1992 Spring East Coast Tour",1992-04-14,"City Gardens","Trenton","USA","Shudder to Think",950,NA,40.2373768,-74.759901
"trenton-nj-usa-81793","<a href='https://www.dischord.com/fugazi_live_series/trenton-nj-usa-81793' target='_blank'>trenton-nj-usa-81793</a>",1993,"1993 Fall USA/Canada Tour",1993-08-17,"City Gardens","Trenton","USA","Girls Vs. Boys",1000,"Very Good",40.2373768,-74.759901
"trenton-nj-usa-81893","<a href='https://www.dischord.com/fugazi_live_series/trenton-nj-usa-81893' target='_blank'>trenton-nj-usa-81893</a>",1993,"1993 Fall USA/Canada Tour",1993-08-18,"City Gardens","Trenton","USA","Lunachicks",1000,"Very Good",40.2373768,-74.759901
"tromso-norway-92990","<a href='https://www.dischord.com/fugazi_live_series/tromso-norway-92990' target='_blank'>tromso-norway-92990</a>",1990,"1990 Fall European Tour",1990-09-29,"Brigga Lillero Cafe","Tromso","Norway","Life But How to Live It",150,"Good",69.6520643,18.9622
"trondheim-norway-100300","<a href='https://www.dischord.com/fugazi_live_series/trondheim-norway-100300' target='_blank'>trondheim-norway-100300</a>",2000,"2000 Fall Northern European Tour",2000-10-03,"Uffa","Trondheim","Norway","Opera Performance",300,"Very Good",63.4362807,10.430012
"trondheim-norway-93090","<a href='https://www.dischord.com/fugazi_live_series/trondheim-norway-93090' target='_blank'>trondheim-norway-93090</a>",1990,"1990 Fall European Tour",1990-09-30,"UFFA","Trondheim","Norway","Life But How to Live It",250,"Good",63.4362807,10.430012
"tuba-city-az-usa-41301","<a href='https://www.dischord.com/fugazi_live_series/tuba-city-az-usa-41301' target='_blank'>tuba-city-az-usa-41301</a>",2001,"2001 Spring Western USA Tour",2001-04-13,"Grey Hills High School","Tuba City","USA","Blackfire",600,NA,36.1269817,-111.221501
"tucson-az-usa-41001","<a href='https://www.dischord.com/fugazi_live_series/tucson-az-usa-41001' target='_blank'>tucson-az-usa-41001</a>",2001,"2001 Spring Western USA Tour",2001-04-10,"Rialto Theater","Tucson","USA","Los Sinfronteras",1500,"Excellent",32.2217216,-110.966453
"tucson-az-usa-42093","<a href='https://www.dischord.com/fugazi_live_series/tucson-az-usa-42093' target='_blank'>tucson-az-usa-42093</a>",1993,"1993 Spring USA Tour",1993-04-20,"Coyote's","Tucson","USA","Fuzz",1200,"Very Good",32.244098,-110.9744
"tucson-az-usa-51190","<a href='https://www.dischord.com/fugazi_live_series/tucson-az-usa-51190' target='_blank'>tucson-az-usa-51190</a>",1990,"1990 Spring/Summer USA Tour",1990-05-11,"Dodiak Gallery","Tucson","USA","Fuel",300,"Good",32.2263796,-110.970991
"tucson-az-usa-51190","<a href='https://www.dischord.com/fugazi_live_series/tucson-az-usa-51190' target='_blank'>tucson-az-usa-51190</a>",1990,"1990 Spring/Summer USA Tour",1990-05-11,"Dodiak Gallery","Tucson","USA","Monsula",300,"Good",32.2263796,-110.970991
"tucson-az-usa-52488","<a href='https://www.dischord.com/fugazi_live_series/tucson-az-usa-52488' target='_blank'>tucson-az-usa-52488</a>",1988,"1988 Spring USA Tour",1988-05-24,"Park Place BBQ","Tucson","USA","The Squares",50,"Poor",32.2604428,-110.979021
"tucson-az-usa-52488","<a href='https://www.dischord.com/fugazi_live_series/tucson-az-usa-52488' target='_blank'>tucson-az-usa-52488</a>",1988,"1988 Spring USA Tour",1988-05-24,"Park Place BBQ","Tucson","USA","Wind of Change",50,"Poor",32.2604428,-110.979021
"udine-italy-102490","<a href='https://www.dischord.com/fugazi_live_series/udine-italy-102490' target='_blank'>udine-italy-102490</a>",1990,"1990 Fall European Tour",1990-10-24,"Ala Rock","Udine","Italy","Bambine",250,"Very Good",45.9360861,12.642246
"udine-italy-111488","<a href='https://www.dischord.com/fugazi_live_series/udine-italy-111488' target='_blank'>udine-italy-111488</a>",1988,"1988 Fall European Tour",1988-11-14,"Centro Sociale Autogestito","Udine","Italy",NA,199,"Good",46.0555579,13.228992
"ulm-germany-101690","<a href='https://www.dischord.com/fugazi_live_series/ulm-germany-101690' target='_blank'>ulm-germany-101690</a>",1990,"1990 Fall European Tour",1990-10-16,"Roxy","Ulm","Germany","Urge",700,"Good",48.39158,9.9851
"ulm-germany-62092","<a href='https://www.dischord.com/fugazi_live_series/ulm-germany-62092' target='_blank'>ulm-germany-62092</a>",1992,"1992 Spring European Tour",1992-06-20,"Stadthalle Langenau","Ulm","Germany","No Twist",1500,"Good",48.501407,10.121695
"ulm-germany-62092","<a href='https://www.dischord.com/fugazi_live_series/ulm-germany-62092' target='_blank'>ulm-germany-62092</a>",1992,"1992 Spring European Tour",1992-06-20,"Stadthalle Langenau","Ulm","Germany","Tech Ahead",1500,"Good",48.501407,10.121695
"ulm-germany-62795","<a href='https://www.dischord.com/fugazi_live_series/ulm-germany-62795' target='_blank'>ulm-germany-62795</a>",1995,"1995 Spring/Summer European Tour",1995-06-27,"Roxy","Ulm","Germany","4 Walls Falling",660,"Good",48.39158,9.9851
"ulm-germany-62795","<a href='https://www.dischord.com/fugazi_live_series/ulm-germany-62795' target='_blank'>ulm-germany-62795</a>",1995,"1995 Spring/Summer European Tour",1995-06-27,"Roxy","Ulm","Germany","Sensefield",660,"Good",48.39158,9.9851
"umea-sweden-93000","<a href='https://www.dischord.com/fugazi_live_series/umea-sweden-93000' target='_blank'>umea-sweden-93000</a>",2000,"2000 Fall Northern European Tour",2000-09-30,"Galaxen","Umea","Sweden","The International Noise Conspiracy",500,"Very Good",63.8576119,20.335674
"v-schwenningen-germany-62492","<a href='https://www.dischord.com/fugazi_live_series/v-schwenningen-germany-62492' target='_blank'>v-schwenningen-germany-62492</a>",1992,"1992 Spring European Tour",1992-06-24,"Canape","V-Schwinnigen","Germany","Tech Ahead",600,"Good",48.0606506,8.460394
"valencia-spain-60495","<a href='https://www.dischord.com/fugazi_live_series/valencia-spain-60495' target='_blank'>valencia-spain-60495</a>",1995,"1995 Spring/Summer European Tour",1995-06-04,"Zeppelin Rock","Valencia","Spain",NA,1280,"Good",39.469799,-0.37739
"vancouver-bc-canada-50793","<a href='https://www.dischord.com/fugazi_live_series/vancouver-bc-canada-50793' target='_blank'>vancouver-bc-canada-50793</a>",1993,"1993 Spring USA Tour",1993-05-07,"Plaza of Nations","Vancouver","Canada","Mecca Normal",3200,"Very Good",49.2755773,-123.109585
"vancouver-bc-canada-50793","<a href='https://www.dischord.com/fugazi_live_series/vancouver-bc-canada-50793' target='_blank'>vancouver-bc-canada-50793</a>",1993,"1993 Spring USA Tour",1993-05-07,"Plaza of Nations","Vancouver","Canada","Sparkmarker",3200,"Very Good",49.2755773,-123.109585
"vancouver-bc-canada-81991","<a href='https://www.dischord.com/fugazi_live_series/vancouver-bc-canada-81991' target='_blank'>vancouver-bc-canada-81991</a>",1991,"1991 Summer/Fall USA/Canada Tour",1991-08-19,"N. Van. Sports Arena Hockey Rink","Vancouver","Canada","10 Feet High",1300,"Very Good",49.330017,-123.070762
"vancouver-bc-canada-81991","<a href='https://www.dischord.com/fugazi_live_series/vancouver-bc-canada-81991' target='_blank'>vancouver-bc-canada-81991</a>",1991,"1991 Summer/Fall USA/Canada Tour",1991-08-19,"N. Van. Sports Arena Hockey Rink","Vancouver","Canada","Fastbacks",1300,"Very Good",49.330017,-123.070762
"vancouver-bc-canada-81991","<a href='https://www.dischord.com/fugazi_live_series/vancouver-bc-canada-81991' target='_blank'>vancouver-bc-canada-81991</a>",1991,"1991 Summer/Fall USA/Canada Tour",1991-08-19,"N. Van. Sports Arena Hockey Rink","Vancouver","Canada","Me Mom & Morgentaler",1300,"Very Good",49.330017,-123.070762
"vancouver-bc-canada-81991","<a href='https://www.dischord.com/fugazi_live_series/vancouver-bc-canada-81991' target='_blank'>vancouver-bc-canada-81991</a>",1991,"1991 Summer/Fall USA/Canada Tour",1991-08-19,"N. Van. Sports Arena Hockey Rink","Vancouver","Canada","Smugglers",1300,"Very Good",49.330017,-123.070762
"venlo-netherlands-52392","<a href='https://www.dischord.com/fugazi_live_series/venlo-netherlands-52392' target='_blank'>venlo-netherlands-52392</a>",1992,"1992 Spring European Tour",1992-05-23,"Perron 55","Venlo","Netherlands","Girls Vs. Boys",400,"Poor",51.3611494,6.176979
"ventura-ca-usa-21999","<a href='https://www.dischord.com/fugazi_live_series/ventura-ca-usa-21999' target='_blank'>ventura-ca-usa-21999</a>",1999,"1999 West Coast USA Tour",1999-02-19,"Ventura Theater","Ventura","USA","Phantom Surfers",1350,"Very Good",34.2803049,-119.29143
"ventura-ca-usa-21999","<a href='https://www.dischord.com/fugazi_live_series/ventura-ca-usa-21999' target='_blank'>ventura-ca-usa-21999</a>",1999,"1999 West Coast USA Tour",1999-02-19,"Ventura Theater","Ventura","USA","Up Hollow",1350,"Very Good",34.2803049,-119.29143
"verona-italy-62195","<a href='https://www.dischord.com/fugazi_live_series/verona-italy-62195' target='_blank'>verona-italy-62195</a>",1995,"1995 Spring/Summer European Tour",1995-06-21,"Forte Del Chievo","Verona","Italy","Rumble Mumble",1000,"Good",45.4599954,10.93838
"victoria-bc-canada-70601","<a href='https://www.dischord.com/fugazi_live_series/victoria-bc-canada-70601' target='_blank'>victoria-bc-canada-70601</a>",2001,"2001 Summer Mid-West/Canada Tour",2001-07-06,"Archie Browning Centre","Victoria","Canada","Pretty Girls Make Graves",1100,"Very Good",48.4289549,-123.409907
"victorville-ca-usa-30699","<a href='https://www.dischord.com/fugazi_live_series/victorville-ca-usa-30699' target='_blank'>victorville-ca-usa-30699</a>",1999,"1999 West Coast USA Tour",1999-03-06,"Fly Theater","Victorville","USA","Fluf",1136,"Very Good",34.534907,-117.294054
"vienna-austria-102090","<a href='https://www.dischord.com/fugazi_live_series/vienna-austria-102090' target='_blank'>vienna-austria-102090</a>",1990,"1990 Fall European Tour",1990-10-20,"Arena","Vienna","Austria","No Fish On Friday",1000,"Very Good",48.1878002,16.410422
"vienna-austria-102090","<a href='https://www.dischord.com/fugazi_live_series/vienna-austria-102090' target='_blank'>vienna-austria-102090</a>",1990,"1990 Fall European Tour",1990-10-20,"Arena","Vienna","Austria","Seven Sioux",1000,"Very Good",48.1878002,16.410422
"vienna-austria-102090","<a href='https://www.dischord.com/fugazi_live_series/vienna-austria-102090' target='_blank'>vienna-austria-102090</a>",1990,"1990 Fall European Tour",1990-10-20,"Arena","Vienna","Austria","Urge",1000,"Very Good",48.1878002,16.410422
"vienna-austria-61492","<a href='https://www.dischord.com/fugazi_live_series/vienna-austria-61492' target='_blank'>vienna-austria-61492</a>",1992,"1992 Spring European Tour",1992-06-14,"Arena","Vienna","Austria","Alloy",1000,"Very Good",48.1878002,16.410422
"vienna-austria-61492","<a href='https://www.dischord.com/fugazi_live_series/vienna-austria-61492' target='_blank'>vienna-austria-61492</a>",1992,"1992 Spring European Tour",1992-06-14,"Arena","Vienna","Austria","Tech Ahead",1000,"Very Good",48.1878002,16.410422
"vienna-austria-62495","<a href='https://www.dischord.com/fugazi_live_series/vienna-austria-62495' target='_blank'>vienna-austria-62495</a>",1995,"1995 Spring/Summer European Tour",1995-06-24,"Arena","Vienna","Austria","Kurort",2000,"Poor",48.1878002,16.410422
"vienna-austria-92699","<a href='https://www.dischord.com/fugazi_live_series/vienna-austria-92699' target='_blank'>vienna-austria-92699</a>",1999,"1999 Fall European Tour",1999-09-26,"Flexx","Vienna","Austria",NA,1000,"Excellent",48.2178047,16.36874
"virginia-beach-va-usa-20493","<a href='https://www.dischord.com/fugazi_live_series/virginia-beach-va-usa-20493' target='_blank'>virginia-beach-va-usa-20493</a>",1993,"1993 Winter Southern USA Tour",1993-02-04,"Peppermint Beach Club","Virginia Beach","USA","Shudder to Think",1200,"Very Good",36.8468098,-75.974268
"virginia-beach-va-usa-20493","<a href='https://www.dischord.com/fugazi_live_series/virginia-beach-va-usa-20493' target='_blank'>virginia-beach-va-usa-20493</a>",1993,"1993 Winter Southern USA Tour",1993-02-04,"Peppermint Beach Club","Virginia Beach","USA","Slant 6",1200,"Very Good",36.8468098,-75.974268
"virginia-beach-va-usa-31090","<a href='https://www.dischord.com/fugazi_live_series/virginia-beach-va-usa-31090' target='_blank'>virginia-beach-va-usa-31090</a>",1990,"1990 Spring Southern USA Tour",1990-03-10,"Atlantic Beach Club","Virginia Beach","USA","Funk Junkies",450,"Very Good",36.8537647,-75.976893
"virginia-beach-va-usa-31090","<a href='https://www.dischord.com/fugazi_live_series/virginia-beach-va-usa-31090' target='_blank'>virginia-beach-va-usa-31090</a>",1990,"1990 Spring Southern USA Tour",1990-03-10,"Atlantic Beach Club","Virginia Beach","USA","Grog",450,"Very Good",36.8537647,-75.976893
"virginia-beach-va-usa-50191","<a href='https://www.dischord.com/fugazi_live_series/virginia-beach-va-usa-50191' target='_blank'>virginia-beach-va-usa-50191</a>",1991,"1991 Spring USA Tour",1991-05-01,"Peppermint Beach Club","Virginia Beach","USA","Buzzard",900,"Good",36.8468098,-75.974268
"virginia-beach-va-usa-50191","<a href='https://www.dischord.com/fugazi_live_series/virginia-beach-va-usa-50191' target='_blank'>virginia-beach-va-usa-50191</a>",1991,"1991 Spring USA Tour",1991-05-01,"Peppermint Beach Club","Virginia Beach","USA","False Sacrament",900,"Good",36.8468098,-75.974268
"virginia-beach-va-usa-71688","<a href='https://www.dischord.com/fugazi_live_series/virginia-beach-va-usa-71688' target='_blank'>virginia-beach-va-usa-71688</a>",1988,"1988 Summer/Fall Regional Dates",1988-07-16,"Beach Theater","Virginia Beach","USA","Fire Party",200,NA,36.8507963,-75.989879
"virginia-beach-va-usa-71688","<a href='https://www.dischord.com/fugazi_live_series/virginia-beach-va-usa-71688' target='_blank'>virginia-beach-va-usa-71688</a>",1988,"1988 Summer/Fall Regional Dates",1988-07-16,"Beach Theater","Virginia Beach","USA","Scream",200,NA,36.8507963,-75.989879
"vitoria-brazil-80797","<a href='https://www.dischord.com/fugazi_live_series/vitoria-brazil-80797' target='_blank'>vitoria-brazil-80797</a>",1997,"1997 Summer Brazil/S. America Tour",1997-08-07,"Camburi Clube","Vitoria","Brazil","E",250,"Very Good",-20.2828906,-40.289759
"vitoria-brazil-80797","<a href='https://www.dischord.com/fugazi_live_series/vitoria-brazil-80797' target='_blank'>vitoria-brazil-80797</a>",1997,"1997 Summer Brazil/S. America Tour",1997-08-07,"Camburi Clube","Vitoria","Brazil","Turtle Creek",250,"Very Good",-20.2828906,-40.289759
"wageningen-netherlands-90890","<a href='https://www.dischord.com/fugazi_live_series/wageningen-netherlands-90890' target='_blank'>wageningen-netherlands-90890</a>",1990,"1990 Fall European Tour",1990-09-08,"Unitas","Wageningen","Netherlands","Les Rats",642,"Very Good",51.9660684,5.664588
"wageningen-netherlands-90890","<a href='https://www.dischord.com/fugazi_live_series/wageningen-netherlands-90890' target='_blank'>wageningen-netherlands-90890</a>",1990,"1990 Fall European Tour",1990-09-08,"Unitas","Wageningen","Netherlands","Pericolo Di Morte",642,"Very Good",51.9660684,5.664588
"wageningen-netherlands-90890","<a href='https://www.dischord.com/fugazi_live_series/wageningen-netherlands-90890' target='_blank'>wageningen-netherlands-90890</a>",1990,"1990 Fall European Tour",1990-09-08,"Unitas","Wageningen","Netherlands","Thatcher on Acid",642,"Very Good",51.9660684,5.664588
"waiblingen-germany-110288","<a href='https://www.dischord.com/fugazi_live_series/waiblingen-germany-110288' target='_blank'>waiblingen-germany-110288</a>",1988,"1988 Fall European Tour",1988-11-02,"Villa Roller","Waiblingen","Germany",NA,199,NA,48.8296727,9.317453
"warsaw-poland-100590","<a href='https://www.dischord.com/fugazi_live_series/warsaw-poland-100590' target='_blank'>warsaw-poland-100590</a>",1990,"1990 Fall European Tour",1990-10-05,"Karuzela University","Warsaw","Poland","Collaborators",450,"Poor",52.2405629,20.918272
"washington-dc-081596","<a href='https://www.dischord.com/fugazi_live_series/washington-dc-081596' target='_blank'>washington-dc-081596</a>",1996,"1996 Spring-Summer Regional Dates",1996-08-15,"Fort Reno","Washington","USA","Branch Manager",913,"Poor",38.9512105,-77.077362
"washington-dc-usa-083192","<a href='https://www.dischord.com/fugazi_live_series/washington-dc-usa-083192' target='_blank'>washington-dc-usa-083192</a>",1992,"1992 Summer/Fall Regional Dates",1992-08-31,"Fort Reno","Washington","USA","Slant 6",1100,"Good",38.9512105,-77.077362
"washington-dc-usa-100688","<a href='https://www.dischord.com/fugazi_live_series/washington-dc-usa-100688' target='_blank'>washington-dc-usa-100688</a>",1988,"1988 Summer/Fall Regional Dates",1988-10-06,"9:30 Club (1980-1995)","Washington","USA","Edsel",500,"Very Good",38.8971517,-77.025586
"washington-dc-usa-100688","<a href='https://www.dischord.com/fugazi_live_series/washington-dc-usa-100688' target='_blank'>washington-dc-usa-100688</a>",1988,"1988 Summer/Fall Regional Dates",1988-10-06,"9:30 Club (1980-1995)","Washington","USA","Honor Role",500,"Very Good",38.8971517,-77.025586
"washington-dc-usa-101589","<a href='https://www.dischord.com/fugazi_live_series/washington-dc-usa-101589' target='_blank'>washington-dc-usa-101589</a>",1989,"1989 Fall Regional Dates",1989-10-15,"Dupont Circle","Washington","USA","200 Stitches",452,"Good",38.9096631,-77.043686
"washington-dc-usa-101589","<a href='https://www.dischord.com/fugazi_live_series/washington-dc-usa-101589' target='_blank'>washington-dc-usa-101589</a>",1989,"1989 Fall Regional Dates",1989-10-15,"Dupont Circle","Washington","USA","All White Jury",452,"Good",38.9096631,-77.043686
"washington-dc-usa-101589","<a href='https://www.dischord.com/fugazi_live_series/washington-dc-usa-101589' target='_blank'>washington-dc-usa-101589</a>",1989,"1989 Fall Regional Dates",1989-10-15,"Dupont Circle","Washington","USA","Cabal",452,"Good",38.9096631,-77.043686
"washington-dc-usa-101589","<a href='https://www.dischord.com/fugazi_live_series/washington-dc-usa-101589' target='_blank'>washington-dc-usa-101589</a>",1989,"1989 Fall Regional Dates",1989-10-15,"Dupont Circle","Washington","USA","Caroline Ely",452,"Good",38.9096631,-77.043686
"washington-dc-usa-101589","<a href='https://www.dischord.com/fugazi_live_series/washington-dc-usa-101589' target='_blank'>washington-dc-usa-101589</a>",1989,"1989 Fall Regional Dates",1989-10-15,"Dupont Circle","Washington","USA","Choke",452,"Good",38.9096631,-77.043686
"washington-dc-usa-101589","<a href='https://www.dischord.com/fugazi_live_series/washington-dc-usa-101589' target='_blank'>washington-dc-usa-101589</a>",1989,"1989 Fall Regional Dates",1989-10-15,"Dupont Circle","Washington","USA","Daryl Stover",452,"Good",38.9096631,-77.043686
"washington-dc-usa-101589","<a href='https://www.dischord.com/fugazi_live_series/washington-dc-usa-101589' target='_blank'>washington-dc-usa-101589</a>",1989,"1989 Fall Regional Dates",1989-10-15,"Dupont Circle","Washington","USA","Dog Born Society",452,"Good",38.9096631,-77.043686
"washington-dc-usa-101589","<a href='https://www.dischord.com/fugazi_live_series/washington-dc-usa-101589' target='_blank'>washington-dc-usa-101589</a>",1989,"1989 Fall Regional Dates",1989-10-15,"Dupont Circle","Washington","USA","Fidelity Jones",452,"Good",38.9096631,-77.043686
"washington-dc-usa-101589","<a href='https://www.dischord.com/fugazi_live_series/washington-dc-usa-101589' target='_blank'>washington-dc-usa-101589</a>",1989,"1989 Fall Regional Dates",1989-10-15,"Dupont Circle","Washington","USA","Juliana Experience",452,"Good",38.9096631,-77.043686
"washington-dc-usa-101589","<a href='https://www.dischord.com/fugazi_live_series/washington-dc-usa-101589' target='_blank'>washington-dc-usa-101589</a>",1989,"1989 Fall Regional Dates",1989-10-15,"Dupont Circle","Washington","USA","Lungfish",452,"Good",38.9096631,-77.043686
"washington-dc-usa-101589","<a href='https://www.dischord.com/fugazi_live_series/washington-dc-usa-101589' target='_blank'>washington-dc-usa-101589</a>",1989,"1989 Fall Regional Dates",1989-10-15,"Dupont Circle","Washington","USA","Moss Icon",452,"Good",38.9096631,-77.043686
"washington-dc-usa-101589","<a href='https://www.dischord.com/fugazi_live_series/washington-dc-usa-101589' target='_blank'>washington-dc-usa-101589</a>",1989,"1989 Fall Regional Dates",1989-10-15,"Dupont Circle","Washington","USA","Neverman",452,"Good",38.9096631,-77.043686
"washington-dc-usa-101589","<a href='https://www.dischord.com/fugazi_live_series/washington-dc-usa-101589' target='_blank'>washington-dc-usa-101589</a>",1989,"1989 Fall Regional Dates",1989-10-15,"Dupont Circle","Washington","USA","Tiik",452,"Good",38.9096631,-77.043686
"washington-dc-usa-101589","<a href='https://www.dischord.com/fugazi_live_series/washington-dc-usa-101589' target='_blank'>washington-dc-usa-101589</a>",1989,"1989 Fall Regional Dates",1989-10-15,"Dupont Circle","Washington","USA","Transilience",452,"Good",38.9096631,-77.043686
"washington-dc-usa-101589","<a href='https://www.dischord.com/fugazi_live_series/washington-dc-usa-101589' target='_blank'>washington-dc-usa-101589</a>",1989,"1989 Fall Regional Dates",1989-10-15,"Dupont Circle","Washington","USA","Weatherhead",452,"Good",38.9096631,-77.043686
"washington-dc-usa-101687","<a href='https://www.dischord.com/fugazi_live_series/washington-dc-usa-101687' target='_blank'>washington-dc-usa-101687</a>",1987,"1987 Fall/Winter Regional Dates",1987-10-16,"dc space","Washington","USA","Kingface",100,"Good",38.8961678,-77.021757
"washington-dc-usa-102392","<a href='https://www.dischord.com/fugazi_live_series/washington-dc-usa-102392' target='_blank'>washington-dc-usa-102392</a>",1992,"1992 Summer/Fall Regional Dates",1992-10-23,"Sanctuary Theater","Washington","USA","Chumbawamba",1100,"Good",38.9276969,-77.034598
"washington-dc-usa-102392","<a href='https://www.dischord.com/fugazi_live_series/washington-dc-usa-102392' target='_blank'>washington-dc-usa-102392</a>",1992,"1992 Summer/Fall Regional Dates",1992-10-23,"Sanctuary Theater","Washington","USA","Negu Gorriak",1100,"Good",38.9276969,-77.034598
"washington-dc-usa-10291","<a href='https://www.dischord.com/fugazi_live_series/washington-dc-usa-10291' target='_blank'>washington-dc-usa-10291</a>",1991,"1991 Winter/Spring Regional Dates",1991-01-02,"9:30 Club (1980-1995)","Washington","USA","Autoclave",500,"Good",38.8971517,-77.025586
"washington-dc-usa-10391","<a href='https://www.dischord.com/fugazi_live_series/washington-dc-usa-10391' target='_blank'>washington-dc-usa-10391</a>",1991,"1991 Winter/Spring Regional Dates",1991-01-03,"9:30 Club (1980-1995)","Washington","USA","Unrest",500,"Good",38.8971517,-77.025586
"washington-dc-usa-112794","<a href='https://www.dischord.com/fugazi_live_series/washington-dc-usa-112794' target='_blank'>washington-dc-usa-112794</a>",1994,"1994 Fall/Winter Regional Dates",1994-11-27,"9:30 Club (1980-1995)","Washington","USA","Stinkin Lizaveta",450,"Very Good",38.8971517,-77.025586
"washington-dc-usa-11291","<a href='https://www.dischord.com/fugazi_live_series/washington-dc-usa-11291' target='_blank'>washington-dc-usa-11291</a>",1991,"1991 Winter/Spring Regional Dates",1991-01-12,"Lafayette Park","Washington","USA",NA,1500,"Good",38.8995761,-77.0371
"washington-dc-usa-112994","<a href='https://www.dischord.com/fugazi_live_series/washington-dc-usa-112994' target='_blank'>washington-dc-usa-112994</a>",1994,"1994 Fall/Winter Regional Dates",1994-11-29,"Black Cat","Washington","USA","The Warmers",650,"Very Good",38.9145839,-77.031551
"washington-dc-usa-120387","<a href='https://www.dischord.com/fugazi_live_series/washington-dc-usa-120387' target='_blank'>washington-dc-usa-120387</a>",1987,"1987 Fall/Winter Regional Dates",1987-12-03,"Wilson Center","Washington","USA","Soulside",300,"Good",38.9285,-77.03591
"washington-dc-usa-120387","<a href='https://www.dischord.com/fugazi_live_series/washington-dc-usa-120387' target='_blank'>washington-dc-usa-120387</a>",1987,"1987 Fall/Winter Regional Dates",1987-12-03,"Wilson Center","Washington","USA","The Hated",300,"Good",38.9285,-77.03591
"washington-dc-usa-120387","<a href='https://www.dischord.com/fugazi_live_series/washington-dc-usa-120387' target='_blank'>washington-dc-usa-120387</a>",1987,"1987 Fall/Winter Regional Dates",1987-12-03,"Wilson Center","Washington","USA","Thorns",300,"Good",38.9285,-77.03591
"washington-dc-usa-120398","<a href='https://www.dischord.com/fugazi_live_series/washington-dc-usa-120398' target='_blank'>washington-dc-usa-120398</a>",1998,"1998 Fall/Winter Regional Dates",1998-12-03,"Sanctuary Theater","Washington","USA","Bald Repunzal",700,"Very Good",38.9276969,-77.034598
"washington-dc-usa-120398","<a href='https://www.dischord.com/fugazi_live_series/washington-dc-usa-120398' target='_blank'>washington-dc-usa-120398</a>",1998,"1998 Fall/Winter Regional Dates",1998-12-03,"Sanctuary Theater","Washington","USA","Lungfish",700,"Very Good",38.9276969,-77.034598
"washington-dc-usa-120599","<a href='https://www.dischord.com/fugazi_live_series/washington-dc-usa-120599' target='_blank'>washington-dc-usa-120599</a>",1999,"1999 Fall/Winter Southern USA Tour",1999-12-05,"9:30 Club","Washington","USA","The Ex",1500,"Very Good",38.917948,-77.023722
"washington-dc-usa-120891","<a href='https://www.dischord.com/fugazi_live_series/washington-dc-usa-120891' target='_blank'>washington-dc-usa-120891</a>",1991,"1991 Fall/Winter Regional Dates",1991-12-08,"dc space","Washington","USA","Unrest",806,"Good",38.8961678,-77.021757
"washington-dc-usa-122887","<a href='https://www.dischord.com/fugazi_live_series/washington-dc-usa-122887' target='_blank'>washington-dc-usa-122887</a>",1987,"1987 Fall/Winter Regional Dates",1987-12-28,"dc space","Washington","USA","Darkness at Noon",125,"Very Good",38.8961678,-77.021757
"washington-dc-usa-122988","<a href='https://www.dischord.com/fugazi_live_series/washington-dc-usa-122988' target='_blank'>washington-dc-usa-122988</a>",1988,"1988 Fall/Winter Regional Dates",1988-12-29,"Wilson Center","Washington","USA","Raincrow",1000,"Good",38.9285,-77.03591
"washington-dc-usa-122988","<a href='https://www.dischord.com/fugazi_live_series/washington-dc-usa-122988' target='_blank'>washington-dc-usa-122988</a>",1988,"1988 Fall/Winter Regional Dates",1988-12-29,"Wilson Center","Washington","USA","Soulside",1000,"Good",38.9285,-77.03591
"washington-dc-usa-122988","<a href='https://www.dischord.com/fugazi_live_series/washington-dc-usa-122988' target='_blank'>washington-dc-usa-122988</a>",1988,"1988 Fall/Winter Regional Dates",1988-12-29,"Wilson Center","Washington","USA","Verbal Assault",1000,"Good",38.9285,-77.03591
"washington-dc-usa-12689","<a href='https://www.dischord.com/fugazi_live_series/washington-dc-usa-12689' target='_blank'>washington-dc-usa-12689</a>",1989,"1989 Winter/Spring Regional Dates",1989-01-26,"9:30 Club (1980-1995)","Washington","USA","Jackhammer Orchestra",400,"Poor",38.8971517,-77.025586
"washington-dc-usa-12689","<a href='https://www.dischord.com/fugazi_live_series/washington-dc-usa-12689' target='_blank'>washington-dc-usa-12689</a>",1989,"1989 Winter/Spring Regional Dates",1989-01-26,"9:30 Club (1980-1995)","Washington","USA","Nation of Ulysses",400,"Poor",38.8971517,-77.025586
"washington-dc-usa-12790","<a href='https://www.dischord.com/fugazi_live_series/washington-dc-usa-12790' target='_blank'>washington-dc-usa-12790</a>",1990,"1990 Winter/Spring Regional Dates",1990-01-27,"St. Augustine's Church Hall","Washington","USA","Fidelity Jones",1000,"Good",38.9183004,-77.03435
"washington-dc-usa-12790","<a href='https://www.dischord.com/fugazi_live_series/washington-dc-usa-12790' target='_blank'>washington-dc-usa-12790</a>",1990,"1990 Winter/Spring Regional Dates",1990-01-27,"St. Augustine's Church Hall","Washington","USA","Lucy Brown",1000,"Good",38.9183004,-77.03435
"washington-dc-usa-13096","<a href='https://www.dischord.com/fugazi_live_series/washington-dc-usa-13096' target='_blank'>washington-dc-usa-13096</a>",1996,"1996 Winter/Spring Regional Dates",1996-01-30,"Black Cat","Washington","USA","Chisel",700,"Very Good",38.9145839,-77.031551
"washington-dc-usa-13096","<a href='https://www.dischord.com/fugazi_live_series/washington-dc-usa-13096' target='_blank'>washington-dc-usa-13096</a>",1996,"1996 Winter/Spring Regional Dates",1996-01-30,"Black Cat","Washington","USA","Meltdown",700,"Very Good",38.9145839,-77.031551
"washington-dc-usa-13196","<a href='https://www.dischord.com/fugazi_live_series/washington-dc-usa-13196' target='_blank'>washington-dc-usa-13196</a>",1996,"1996 Winter/Spring Regional Dates",1996-01-31,"9:30 Club","Washington","USA","Monorchid",1500,"Excellent",38.917948,-77.023722
"washington-dc-usa-21591","<a href='https://www.dischord.com/fugazi_live_series/washington-dc-usa-21591' target='_blank'>washington-dc-usa-21591</a>",1991,"1991 Winter/Spring Regional Dates",1991-02-15,"Sacred Heart Church Hall","Washington","USA","Admiral",1300,"Very Good",38.9310756,-77.03629
"washington-dc-usa-21591","<a href='https://www.dischord.com/fugazi_live_series/washington-dc-usa-21591' target='_blank'>washington-dc-usa-21591</a>",1991,"1991 Winter/Spring Regional Dates",1991-02-15,"Sacred Heart Church Hall","Washington","USA","Nation of Ulysses",1300,"Very Good",38.9310756,-77.03629
"washington-dc-usa-30388","<a href='https://www.dischord.com/fugazi_live_series/washington-dc-usa-30388' target='_blank'>washington-dc-usa-30388</a>",1988,"1988 Winter/Spring Regional Dates",1988-03-03,"Wilson Center","Washington","USA","False Prophets",400,"Very Good",38.9285,-77.03591
"washington-dc-usa-30388","<a href='https://www.dischord.com/fugazi_live_series/washington-dc-usa-30388' target='_blank'>washington-dc-usa-30388</a>",1988,"1988 Winter/Spring Regional Dates",1988-03-03,"Wilson Center","Washington","USA","Fidelity Jones",400,"Very Good",38.9285,-77.03591
"washington-dc-usa-30388","<a href='https://www.dischord.com/fugazi_live_series/washington-dc-usa-30388' target='_blank'>washington-dc-usa-30388</a>",1988,"1988 Winter/Spring Regional Dates",1988-03-03,"Wilson Center","Washington","USA","Kingface",400,"Very Good",38.9285,-77.03591
"washington-dc-usa-30692","<a href='https://www.dischord.com/fugazi_live_series/washington-dc-usa-30692' target='_blank'>washington-dc-usa-30692</a>",1992,"1992 Winter/Spring Regional Dates",1992-03-06,"St. Stephen's Church Hall","Washington","USA","Haymaker",1100,"Very Good",38.933469,-77.035759
"washington-dc-usa-30692","<a href='https://www.dischord.com/fugazi_live_series/washington-dc-usa-30692' target='_blank'>washington-dc-usa-30692</a>",1992,"1992 Winter/Spring Regional Dates",1992-03-06,"St. Stephen's Church Hall","Washington","USA","Mr. Candyeater",1100,"Very Good",38.933469,-77.035759
"washington-dc-usa-30890","<a href='https://www.dischord.com/fugazi_live_series/washington-dc-usa-30890' target='_blank'>washington-dc-usa-30890</a>",1990,"1990 Spring Southern USA Tour",1990-03-08,"Citadel Center","Washington","USA","Geek",1700,NA,38.9219769,-77.038307
"washington-dc-usa-30890","<a href='https://www.dischord.com/fugazi_live_series/washington-dc-usa-30890' target='_blank'>washington-dc-usa-30890</a>",1990,"1990 Spring Southern USA Tour",1990-03-08,"Citadel Center","Washington","USA","Sonic Youth",1700,NA,38.9219769,-77.038307
"washington-dc-usa-30890","<a href='https://www.dischord.com/fugazi_live_series/washington-dc-usa-30890' target='_blank'>washington-dc-usa-30890</a>",1990,"1990 Spring Southern USA Tour",1990-03-08,"Citadel Center","Washington","USA","Unlimited Groove",1700,NA,38.9219769,-77.038307
"washington-dc-usa-32193","<a href='https://www.dischord.com/fugazi_live_series/washington-dc-usa-32193' target='_blank'>washington-dc-usa-32193</a>",1993,"1993 Winter/Spring Regional Dates",1993-03-08,"Freedom Plaza","Washington","USA",NA,1305,"Poor",38.895859,-77.0305
"washington-dc-usa-32489","<a href='https://www.dischord.com/fugazi_live_series/washington-dc-usa-32489' target='_blank'>washington-dc-usa-32489</a>",1989,"1989 Winter/Spring Regional Dates",1989-03-24,"Wilson Center","Washington","USA","Edsel",900,"Poor",38.9285,-77.03591
"washington-dc-usa-32489","<a href='https://www.dischord.com/fugazi_live_series/washington-dc-usa-32489' target='_blank'>washington-dc-usa-32489</a>",1989,"1989 Winter/Spring Regional Dates",1989-03-24,"Wilson Center","Washington","USA","Holy Rollers",900,"Poor",38.9285,-77.03591
"washington-dc-usa-32489","<a href='https://www.dischord.com/fugazi_live_series/washington-dc-usa-32489' target='_blank'>washington-dc-usa-32489</a>",1989,"1989 Winter/Spring Regional Dates",1989-03-24,"Wilson Center","Washington","USA","Swiz",900,"Poor",38.9285,-77.03591
"washington-dc-usa-33088","<a href='https://www.dischord.com/fugazi_live_series/washington-dc-usa-33088' target='_blank'>washington-dc-usa-33088</a>",1988,"1988 Winter/Spring Regional Dates",1988-03-30,"dc space","Washington","USA","Laughing Hyenas",150,"Good",38.8961678,-77.021757
"washington-dc-usa-40392","<a href='https://www.dischord.com/fugazi_live_series/washington-dc-usa-40392' target='_blank'>washington-dc-usa-40392</a>",1992,"1992 Winter/Spring Regional Dates",1992-04-03,"Sanctuary Theater","Washington","USA","L7",1100,"Very Good",38.9276969,-77.034598
"washington-dc-usa-40392","<a href='https://www.dischord.com/fugazi_live_series/washington-dc-usa-40392' target='_blank'>washington-dc-usa-40392</a>",1992,"1992 Winter/Spring Regional Dates",1992-04-03,"Sanctuary Theater","Washington","USA","Scrawl",1100,"Very Good",38.9276969,-77.034598
"washington-dc-usa-40492","<a href='https://www.dischord.com/fugazi_live_series/washington-dc-usa-40492' target='_blank'>washington-dc-usa-40492</a>",1992,"1992 Winter/Spring Regional Dates",1992-04-04,"Sanctuary Theater","Washington","USA","Bikini Kill",1100,"Good",38.9276969,-77.034598
"washington-dc-usa-40492","<a href='https://www.dischord.com/fugazi_live_series/washington-dc-usa-40492' target='_blank'>washington-dc-usa-40492</a>",1992,"1992 Winter/Spring Regional Dates",1992-04-04,"Sanctuary Theater","Washington","USA","L7",1100,"Good",38.9276969,-77.034598
"washington-dc-usa-41291","<a href='https://www.dischord.com/fugazi_live_series/washington-dc-usa-41291' target='_blank'>washington-dc-usa-41291</a>",1991,"1991 Spring Regional Dates",1991-04-12,"Sacred Heart Church Hall","Washington","USA","Autoclave",1350,"Good",38.9310756,-77.03629
"washington-dc-usa-41291","<a href='https://www.dischord.com/fugazi_live_series/washington-dc-usa-41291' target='_blank'>washington-dc-usa-41291</a>",1991,"1991 Spring Regional Dates",1991-04-12,"Sacred Heart Church Hall","Washington","USA","Citizen Fish",1350,"Good",38.9310756,-77.03629
"washington-dc-usa-41291","<a href='https://www.dischord.com/fugazi_live_series/washington-dc-usa-41291' target='_blank'>washington-dc-usa-41291</a>",1991,"1991 Spring Regional Dates",1991-04-12,"Sacred Heart Church Hall","Washington","USA","Cringer",1350,"Good",38.9310756,-77.03629
"washington-dc-usa-41996","<a href='https://www.dischord.com/fugazi_live_series/washington-dc-usa-41996' target='_blank'>washington-dc-usa-41996</a>",1996,"1996 Spring-Summer Regional Dates",1996-04-19,"First Baptist Church","Washington","USA","Cold Cold Hearts",1000,"Very Good",38.9084722,-77.039398
"washington-dc-usa-41996","<a href='https://www.dischord.com/fugazi_live_series/washington-dc-usa-41996' target='_blank'>washington-dc-usa-41996</a>",1996,"1996 Spring-Summer Regional Dates",1996-04-19,"First Baptist Church","Washington","USA","Norman Meyer Group",1000,"Very Good",38.9084722,-77.039398
"washington-dc-usa-42501","<a href='https://www.dischord.com/fugazi_live_series/washington-dc-usa-42501' target='_blank'>washington-dc-usa-42501</a>",2001,"2001 Spring/Summer Regional Dates",2001-04-25,"9:30 Club","Washington","USA","Dead Meadow",1500,"Excellent",38.917948,-77.023722
"washington-dc-usa-42701","<a href='https://www.dischord.com/fugazi_live_series/washington-dc-usa-42701' target='_blank'>washington-dc-usa-42701</a>",2001,"2001 Spring/Summer Regional Dates",2001-04-27,"Sacred Heart Church Hall","Washington","USA","Long Goodbye",1356,"Very Good",38.9310756,-77.03629
"washington-dc-usa-42701","<a href='https://www.dischord.com/fugazi_live_series/washington-dc-usa-42701' target='_blank'>washington-dc-usa-42701</a>",2001,"2001 Spring/Summer Regional Dates",2001-04-27,"Sacred Heart Church Hall","Washington","USA","Orthrelm",1356,"Very Good",38.9310756,-77.03629
"washington-dc-usa-50188","<a href='https://www.dischord.com/fugazi_live_series/washington-dc-usa-50188' target='_blank'>washington-dc-usa-50188</a>",1988,"1988 Spring USA Tour",1988-05-01,"Lafayette Park","Washington","USA","Dan Joseph",199,NA,38.8995761,-77.0371
"washington-dc-usa-50188","<a href='https://www.dischord.com/fugazi_live_series/washington-dc-usa-50188' target='_blank'>washington-dc-usa-50188</a>",1988,"1988 Spring USA Tour",1988-05-01,"Lafayette Park","Washington","USA","Rohelio Maxwell",199,NA,38.8995761,-77.0371
"washington-dc-usa-50188","<a href='https://www.dischord.com/fugazi_live_series/washington-dc-usa-50188' target='_blank'>washington-dc-usa-50188</a>",1988,"1988 Spring USA Tour",1988-05-01,"Lafayette Park","Washington","USA","The Smithtones",199,NA,38.8995761,-77.0371
"washington-dc-usa-50188","<a href='https://www.dischord.com/fugazi_live_series/washington-dc-usa-50188' target='_blank'>washington-dc-usa-50188</a>",1988,"1988 Spring USA Tour",1988-05-01,"Lafayette Park","Washington","USA","Twisted Teenage Plot",199,NA,38.8995761,-77.0371
"washington-dc-usa-60394","<a href='https://www.dischord.com/fugazi_live_series/washington-dc-usa-60394' target='_blank'>washington-dc-usa-60394</a>",1994,"1994 Summer Regional Dates",1994-06-03,"Pirate House / Brendan's Going Away Party","Washington","USA","TAMI Show",50,NA,38.931732,-77.038772
"washington-dc-usa-61588","<a href='https://www.dischord.com/fugazi_live_series/washington-dc-usa-61588' target='_blank'>washington-dc-usa-61588</a>",1988,"1988 Summer/Fall Regional Dates",1988-06-15,"9:30 Club (1980-1995)","Washington","USA","Bells Of",300,"Good",38.8971517,-77.025586
"washington-dc-usa-61588","<a href='https://www.dischord.com/fugazi_live_series/washington-dc-usa-61588' target='_blank'>washington-dc-usa-61588</a>",1988,"1988 Summer/Fall Regional Dates",1988-06-15,"9:30 Club (1980-1995)","Washington","USA","Fire Party",300,"Good",38.8971517,-77.025586
"washington-dc-usa-61791","<a href='https://www.dischord.com/fugazi_live_series/washington-dc-usa-61791' target='_blank'>washington-dc-usa-61791</a>",1991,"1991 Summer Regional Dates",1991-06-17,"Sacred Heart Church Hall","Washington","USA","No Means No",1400,"Good",38.9310756,-77.03629
"washington-dc-usa-61791","<a href='https://www.dischord.com/fugazi_live_series/washington-dc-usa-61791' target='_blank'>washington-dc-usa-61791</a>",1991,"1991 Summer Regional Dates",1991-06-17,"Sacred Heart Church Hall","Washington","USA","The Ex",1400,"Good",38.9310756,-77.03629
"washington-dc-usa-62289","<a href='https://www.dischord.com/fugazi_live_series/washington-dc-usa-62289' target='_blank'>washington-dc-usa-62289</a>",1989,"1989 Summer Regional Dates",1989-06-22,"Wilson Center","Washington","USA","Fidelity Jones",600,"Poor",38.9285,-77.03591
"washington-dc-usa-62289","<a href='https://www.dischord.com/fugazi_live_series/washington-dc-usa-62289' target='_blank'>washington-dc-usa-62289</a>",1989,"1989 Summer Regional Dates",1989-06-22,"Wilson Center","Washington","USA","Ignition",600,"Poor",38.9285,-77.03591
"washington-dc-usa-62289","<a href='https://www.dischord.com/fugazi_live_series/washington-dc-usa-62289' target='_blank'>washington-dc-usa-62289</a>",1989,"1989 Summer Regional Dates",1989-06-22,"Wilson Center","Washington","USA","Red Emma",600,"Poor",38.9285,-77.03591
"washington-dc-usa-62700","<a href='https://www.dischord.com/fugazi_live_series/washington-dc-usa-62700' target='_blank'>washington-dc-usa-62700</a>",2000,"2000 Summer/Fall Regional Dates",2000-06-27,"Smithsonian Folklife Festival / National Mall","Washington","USA",NA,1000,"Very Good",38.8895556,-77.026861
"washington-dc-usa-70102","<a href='https://www.dischord.com/fugazi_live_series/washington-dc-usa-70102' target='_blank'>washington-dc-usa-70102</a>",2002,"2002 Summer/Fall Regional Dates",2002-07-01,"Fort Reno","Washington","USA","Quixotic",1619,"Very Good",38.9512105,-77.077362
"washington-dc-usa-70690","<a href='https://www.dischord.com/fugazi_live_series/washington-dc-usa-70690' target='_blank'>washington-dc-usa-70690</a>",1990,"1990 Summer Regional Dates",1990-07-06,"St. Augustine's Church Hall","Washington","USA","Crash Worship",1300,"Good",38.9183004,-77.03435
"washington-dc-usa-70690","<a href='https://www.dischord.com/fugazi_live_series/washington-dc-usa-70690' target='_blank'>washington-dc-usa-70690</a>",1990,"1990 Summer Regional Dates",1990-07-06,"St. Augustine's Church Hall","Washington","USA","False Face Society",1300,"Good",38.9183004,-77.03435
"washington-dc-usa-71888","<a href='https://www.dischord.com/fugazi_live_series/washington-dc-usa-71888' target='_blank'>washington-dc-usa-71888</a>",1988,"1988 Summer/Fall Regional Dates",1988-07-18,"Fort Reno","Washington","USA","Grim Prospects",199,"Poor",38.9512105,-77.077362
"washington-dc-usa-71989","<a href='https://www.dischord.com/fugazi_live_series/washington-dc-usa-71989' target='_blank'>washington-dc-usa-71989</a>",1989,"1989 Summer Regional Dates",1989-07-19,"9:30 Club (1980-1995)","Washington","USA","Bad Mutha Goose",450,"Good",38.8971517,-77.025586
"washington-dc-usa-72089","<a href='https://www.dischord.com/fugazi_live_series/washington-dc-usa-72089' target='_blank'>washington-dc-usa-72089</a>",1989,"1989 Summer Regional Dates",1989-07-20,"9:30 Club (1980-1995)","Washington","USA","Bad Mutha Goose",450,"Poor",38.8971517,-77.025586
"washington-dc-usa-72592","<a href='https://www.dischord.com/fugazi_live_series/washington-dc-usa-72592' target='_blank'>washington-dc-usa-72592</a>",1992,"1992 Summer/Fall Regional Dates",1992-07-25,"US Capitol Plaza Supreme Court","Washington","USA","Bikini Kill",2000,"Good",38.8932673,-77.009029
"washington-dc-usa-72592","<a href='https://www.dischord.com/fugazi_live_series/washington-dc-usa-72592' target='_blank'>washington-dc-usa-72592</a>",1992,"1992 Summer/Fall Regional Dates",1992-07-25,"US Capitol Plaza Supreme Court","Washington","USA","Egg&Dudley",2000,"Good",38.8932673,-77.009029
"washington-dc-usa-72888","<a href='https://www.dischord.com/fugazi_live_series/washington-dc-usa-72888' target='_blank'>washington-dc-usa-72888</a>",1988,"1988 Summer/Fall Regional Dates",1988-07-28,"Wilson Center","Washington","USA","Ignition",450,"Good",38.9285,-77.03591
"washington-dc-usa-72888","<a href='https://www.dischord.com/fugazi_live_series/washington-dc-usa-72888' target='_blank'>washington-dc-usa-72888</a>",1988,"1988 Summer/Fall Regional Dates",1988-07-28,"Wilson Center","Washington","USA","Moss Icon",450,"Good",38.9285,-77.03591
"washington-dc-usa-72888","<a href='https://www.dischord.com/fugazi_live_series/washington-dc-usa-72888' target='_blank'>washington-dc-usa-72888</a>",1988,"1988 Summer/Fall Regional Dates",1988-07-28,"Wilson Center","Washington","USA","Nation of Ulysses",450,"Good",38.9285,-77.03591
"washington-dc-usa-72891","<a href='https://www.dischord.com/fugazi_live_series/washington-dc-usa-72891' target='_blank'>washington-dc-usa-72891</a>",1991,"1991 Summer Regional Dates",1991-07-28,"dc space","Washington","USA","Bratmobile",806,"Good",38.8961678,-77.021757
"washington-dc-usa-72891","<a href='https://www.dischord.com/fugazi_live_series/washington-dc-usa-72891' target='_blank'>washington-dc-usa-72891</a>",1991,"1991 Summer Regional Dates",1991-07-28,"dc space","Washington","USA","DJ Steve Gamboa",806,"Good",38.8961678,-77.021757
"washington-dc-usa-72991","<a href='https://www.dischord.com/fugazi_live_series/washington-dc-usa-72991' target='_blank'>washington-dc-usa-72991</a>",1991,"1991 Summer Regional Dates",1991-07-29,"Fort Reno","Washington","USA","Nipplehead",806,"Very Good",38.9512105,-77.077362
"washington-dc-usa-73098","<a href='https://www.dischord.com/fugazi_live_series/washington-dc-usa-73098' target='_blank'>washington-dc-usa-73098</a>",1998,"1998 Summer/Fall Regional Dates",1998-07-30,"Fort Reno","Washington","USA",NA,2000,"Poor",38.9512105,-77.077362
"washington-dc-usa-73198","<a href='https://www.dischord.com/fugazi_live_series/washington-dc-usa-73198' target='_blank'>washington-dc-usa-73198</a>",1998,"1998 Summer/Fall Regional Dates",1998-07-31,"Sanctuary Theater","Washington","USA","Quixotic",1032,"Poor",38.9276969,-77.034598
"washington-dc-usa-73198","<a href='https://www.dischord.com/fugazi_live_series/washington-dc-usa-73198' target='_blank'>washington-dc-usa-73198</a>",1998,"1998 Summer/Fall Regional Dates",1998-07-31,"Sanctuary Theater","Washington","USA","Shine",1032,"Poor",38.9276969,-77.034598
"washington-dc-usa-80188","<a href='https://www.dischord.com/fugazi_live_series/washington-dc-usa-80188' target='_blank'>washington-dc-usa-80188</a>",1988,"1988 Summer/Fall Regional Dates",1988-08-01,"dc space","Washington","USA","Parasite",200,"Good",38.8961678,-77.021757
"washington-dc-usa-80494","<a href='https://www.dischord.com/fugazi_live_series/washington-dc-usa-80494' target='_blank'>washington-dc-usa-80494</a>",1994,"1994 Summer Regional Dates",1994-08-04,"Fort Reno","Washington","USA","Clone of Society",2000,"Good",38.9512105,-77.077362
"washington-dc-usa-80494","<a href='https://www.dischord.com/fugazi_live_series/washington-dc-usa-80494' target='_blank'>washington-dc-usa-80494</a>",1994,"1994 Summer Regional Dates",1994-08-04,"Fort Reno","Washington","USA","Metamatics",2000,"Good",38.9512105,-77.077362
"washington-dc-usa-80700","<a href='https://www.dischord.com/fugazi_live_series/washington-dc-usa-80700' target='_blank'>washington-dc-usa-80700</a>",2000,"2000 Summer/Fall Regional Dates",2000-08-07,"Fort Reno","Washington","USA","Vertabrates",1585,"Good",38.9512105,-77.077362
"washington-dc-usa-80793","<a href='https://www.dischord.com/fugazi_live_series/washington-dc-usa-80793' target='_blank'>washington-dc-usa-80793</a>",1993,"1993 Fall/Winter Regional Dates",1993-08-07,"Sylvan Theater","Washington","USA","Izalco",5000,"Very Good",38.8883593,-77.03462
"washington-dc-usa-80793","<a href='https://www.dischord.com/fugazi_live_series/washington-dc-usa-80793' target='_blank'>washington-dc-usa-80793</a>",1993,"1993 Fall/Winter Regional Dates",1993-08-07,"Sylvan Theater","Washington","USA","Pleasure",5000,"Very Good",38.8883593,-77.03462
"washington-dc-usa-80993","<a href='https://www.dischord.com/fugazi_live_series/washington-dc-usa-80993' target='_blank'>washington-dc-usa-80993</a>",1993,"1993 Fall/Winter Regional Dates",1993-08-09,"Fort Reno","Washington","USA",NA,1305,"Very Good",38.9512105,-77.077362
"washington-dc-usa-81301","<a href='https://www.dischord.com/fugazi_live_series/washington-dc-usa-81301' target='_blank'>washington-dc-usa-81301</a>",2001,"2001 Fall/Winter Regional Dates",2001-08-13,"Fort Reno","Washington","USA","Pupils",4000,"Very Good",38.9512105,-77.077362
"washington-dc-usa-82699","<a href='https://www.dischord.com/fugazi_live_series/washington-dc-usa-82699' target='_blank'>washington-dc-usa-82699</a>",1999,"1999 Summer/Fall Regional Dates",1999-08-26,"Fort Reno","Washington","USA","Flin Flon",1136,"Excellent",38.9512105,-77.077362
"washington-dc-usa-82889","<a href='https://www.dischord.com/fugazi_live_series/washington-dc-usa-82889' target='_blank'>washington-dc-usa-82889</a>",1989,"1989 Summer Regional Dates",1989-08-28,"Fort Reno","Washington","USA","Ignobles",800,NA,38.9512105,-77.077362
"washington-dc-usa-82889","<a href='https://www.dischord.com/fugazi_live_series/washington-dc-usa-82889' target='_blank'>washington-dc-usa-82889</a>",1989,"1989 Summer Regional Dates",1989-08-28,"Fort Reno","Washington","USA","Soulside",800,NA,38.9512105,-77.077362
"washington-dc-usa-82997","<a href='https://www.dischord.com/fugazi_live_series/washington-dc-usa-82997' target='_blank'>washington-dc-usa-82997</a>",1997,"1997 Summer/Fall Regional Dates",1997-08-29,"Fort Reno","Washington","USA","Crom Tech",2500,"Very Good",38.9512105,-77.077362
"washington-dc-usa-90387","<a href='https://www.dischord.com/fugazi_live_series/washington-dc-usa-90387' target='_blank'>washington-dc-usa-90387</a>",1987,"1987 Fall/Winter Regional Dates",1987-09-03,"Wilson Center","Washington","USA","Fire Party",300,"Good",38.9285,-77.03591
"washington-dc-usa-90387","<a href='https://www.dischord.com/fugazi_live_series/washington-dc-usa-90387' target='_blank'>washington-dc-usa-90387</a>",1987,"1987 Fall/Winter Regional Dates",1987-09-03,"Wilson Center","Washington","USA","Ignition",300,"Good",38.9285,-77.03591
"washington-dc-usa-90387","<a href='https://www.dischord.com/fugazi_live_series/washington-dc-usa-90387' target='_blank'>washington-dc-usa-90387</a>",1987,"1987 Fall/Winter Regional Dates",1987-09-03,"Wilson Center","Washington","USA","Marginal Man",300,"Good",38.9285,-77.03591
"washington-dc-usa-90397","<a href='https://www.dischord.com/fugazi_live_series/washington-dc-usa-90397' target='_blank'>washington-dc-usa-90397</a>",1997,"1997 Summer/Fall Regional Dates",1997-09-03,"Wilson Center","Washington","USA","Machetres",968,"Very Good",38.9285,-77.03591
"washington-dc-usa-90397","<a href='https://www.dischord.com/fugazi_live_series/washington-dc-usa-90397' target='_blank'>washington-dc-usa-90397</a>",1997,"1997 Summer/Fall Regional Dates",1997-09-03,"Wilson Center","Washington","USA","Stigmatics",968,"Very Good",38.9285,-77.03591
"washington-dc-usa-91188","<a href='https://www.dischord.com/fugazi_live_series/washington-dc-usa-91188' target='_blank'>washington-dc-usa-91188</a>",1988,"1988 Summer/Fall Regional Dates",1988-09-11,"Dupont Circle","Washington","USA","Dr. Puke",199,NA,38.9096631,-77.043686
"washington-dc-usa-91188","<a href='https://www.dischord.com/fugazi_live_series/washington-dc-usa-91188' target='_blank'>washington-dc-usa-91188</a>",1988,"1988 Summer/Fall Regional Dates",1988-09-11,"Dupont Circle","Washington","USA","Fire Party",199,NA,38.9096631,-77.043686
"washington-dc-usa-91188","<a href='https://www.dischord.com/fugazi_live_series/washington-dc-usa-91188' target='_blank'>washington-dc-usa-91188</a>",1988,"1988 Summer/Fall Regional Dates",1988-09-11,"Dupont Circle","Washington","USA","Geek",199,NA,38.9096631,-77.043686
"washington-dc-usa-91188","<a href='https://www.dischord.com/fugazi_live_series/washington-dc-usa-91188' target='_blank'>washington-dc-usa-91188</a>",1988,"1988 Summer/Fall Regional Dates",1988-09-11,"Dupont Circle","Washington","USA","I.E.",199,NA,38.9096631,-77.043686
"washington-dc-usa-91188","<a href='https://www.dischord.com/fugazi_live_series/washington-dc-usa-91188' target='_blank'>washington-dc-usa-91188</a>",1988,"1988 Summer/Fall Regional Dates",1988-09-11,"Dupont Circle","Washington","USA","The Hated",199,NA,38.9096631,-77.043686
"washington-dc-usa-91695","<a href='https://www.dischord.com/fugazi_live_series/washington-dc-usa-91695' target='_blank'>washington-dc-usa-91695</a>",1995,"1995 Fall USA/Canada Tour",1995-09-16,"Sylvan Theater","Washington","USA","Jasaga",3000,"Poor",38.8883593,-77.03462
"washington-dc-usa-91695","<a href='https://www.dischord.com/fugazi_live_series/washington-dc-usa-91695' target='_blank'>washington-dc-usa-91695</a>",1995,"1995 Fall USA/Canada Tour",1995-09-16,"Sylvan Theater","Washington","USA","Lucy Murphy",3000,"Poor",38.8883593,-77.03462
"washington-dc-usa-92289","<a href='https://www.dischord.com/fugazi_live_series/washington-dc-usa-92289' target='_blank'>washington-dc-usa-92289</a>",1989,"1989 Fall Canada/NE Tour",1989-09-22,"All Souls Church Pierce Hall","Washington","USA","Jawbox",500,"Good",38.9260015,-77.038026
"washington-dc-usa-92289","<a href='https://www.dischord.com/fugazi_live_series/washington-dc-usa-92289' target='_blank'>washington-dc-usa-92289</a>",1989,"1989 Fall Canada/NE Tour",1989-09-22,"All Souls Church Pierce Hall","Washington","USA","Shudder to Think",500,"Good",38.9260015,-77.038026
"washington-dc-usa-92687","<a href='https://www.dischord.com/fugazi_live_series/washington-dc-usa-92687' target='_blank'>washington-dc-usa-92687</a>",1987,"1987 Fall/Winter Regional Dates",1987-09-26,"St. Stephen's Church Cafeteria","Washington","USA","Darkness at Noon",200,"Very Good",38.933469,-77.035759
"washington-dc-usa-92687","<a href='https://www.dischord.com/fugazi_live_series/washington-dc-usa-92687' target='_blank'>washington-dc-usa-92687</a>",1987,"1987 Fall/Winter Regional Dates",1987-09-26,"St. Stephen's Church Cafeteria","Washington","USA","Sarcastic Orgasm",200,"Very Good",38.933469,-77.035759
"washington-dc-usa-92687","<a href='https://www.dischord.com/fugazi_live_series/washington-dc-usa-92687' target='_blank'>washington-dc-usa-92687</a>",1987,"1987 Fall/Winter Regional Dates",1987-09-26,"St. Stephen's Church Cafeteria","Washington","USA","Swiz",200,"Very Good",38.933469,-77.035759
"washington-dc-usa-92996","<a href='https://www.dischord.com/fugazi_live_series/washington-dc-usa-92996' target='_blank'>washington-dc-usa-92996</a>",1996,"1996 Spring-Summer Regional Dates",1996-09-29,"Malcolm X Park","Washington","USA",NA,913,"Very Good",38.9210916,-77.03607
"watsonville-ca-usa-22099","<a href='https://www.dischord.com/fugazi_live_series/watsonville-ca-usa-22099' target='_blank'>watsonville-ca-usa-22099</a>",1999,"1999 West Coast USA Tour",1999-02-20,"Veteran's Memorial Hall","Watsonville","USA","The Gods Hate Kansas",1350,"Very Good",36.9126013,-121.754524
"watsonville-ca-usa-22099","<a href='https://www.dischord.com/fugazi_live_series/watsonville-ca-usa-22099' target='_blank'>watsonville-ca-usa-22099</a>",1999,"1999 West Coast USA Tour",1999-02-20,"Veteran's Memorial Hall","Watsonville","USA","The Muggs",1350,"Very Good",36.9126013,-121.754524
"watsonville-ca-usa-42893","<a href='https://www.dischord.com/fugazi_live_series/watsonville-ca-usa-42893' target='_blank'>watsonville-ca-usa-42893</a>",1993,"1993 Spring USA Tour",1993-04-28,"Veteran's Memorial Hall","Watsonville","USA","Hedgehog",1300,"Good",36.9126013,-121.754524
"waukesha-wi-usa-61590","<a href='https://www.dischord.com/fugazi_live_series/waukesha-wi-usa-61590' target='_blank'>waukesha-wi-usa-61590</a>",1990,"1990 Spring/Summer USA Tour",1990-06-15,"Waukesha Expo Center","Waukesha","USA","Trademark",300,"Poor",43.0346585,-88.241361
"wellington-new-zealand-121093","<a href='https://www.dischord.com/fugazi_live_series/wellington-new-zealand-121093' target='_blank'>wellington-new-zealand-121093</a>",1993,"1993 Japan/Australia/New Zealand Tour",1993-12-10,"Student Union","Wellington","New Zealand","Skinshed",1000,"Very Good",-41.2886124,174.76945
"wellington-new-zealand-62897","<a href='https://www.dischord.com/fugazi_live_series/wellington-new-zealand-62897' target='_blank'>wellington-new-zealand-62897</a>",1997,"1997 Summer Australia/New Zealand Tour",1997-06-28,"Victoria University","Wellington","New Zealand","Brubeck",968,"Very Good",-41.2886124,174.76945
"wels-austria-101990","<a href='https://www.dischord.com/fugazi_live_series/wels-austria-101990' target='_blank'>wels-austria-101990</a>",1990,"1990 Fall European Tour",1990-10-19,"Schlachthof","Wels","Austria","Urge",700,"Very Good",48.1588856,14.016839
"wels-austria-61592","<a href='https://www.dischord.com/fugazi_live_series/wels-austria-61592' target='_blank'>wels-austria-61592</a>",1992,"1992 Spring European Tour",1992-06-15,"Schlachthof","Wels","Austria","Sexual Spastics",600,"Very Good",48.1588856,14.016839
"wels-austria-61592","<a href='https://www.dischord.com/fugazi_live_series/wels-austria-61592' target='_blank'>wels-austria-61592</a>",1992,"1992 Spring European Tour",1992-06-15,"Schlachthof","Wels","Austria","Tech Ahead",600,"Very Good",48.1588856,14.016839
"wels-austria-62595","<a href='https://www.dischord.com/fugazi_live_series/wels-austria-62595' target='_blank'>wels-austria-62595</a>",1995,"1995 Spring/Summer European Tour",1995-06-25,"Schlachthof","Wels","Austria","Kurort",600,"Very Good",48.1588856,14.016839
"whitstable-england-50492","<a href='https://www.dischord.com/fugazi_live_series/whitstable-england-50492' target='_blank'>whitstable-england-50492</a>",1992,"1992 Spring European Tour",1992-05-04,"Assembly Rooms","Whitstable","England","Playground",350,"Very Good",51.3606654,1.0237
"wigan-england-120188","<a href='https://www.dischord.com/fugazi_live_series/wigan-england-120188' target='_blank'>wigan-england-120188</a>",1988,"1988 Fall European Tour",1988-12-01,"Wigan Unity Club","Wigan","England",NA,199,"Good",53.5469291,-2.632679
"wilmington-nc-usa-20693","<a href='https://www.dischord.com/fugazi_live_series/wilmington-nc-usa-20693' target='_blank'>wilmington-nc-usa-20693</a>",1993,"1993 Winter Southern USA Tour",1993-02-06,"Jacob's Run","Wilmington","USA","Shudder to Think",850,"Very Good",34.2352145,-77.946985
"wilmington-nc-usa-20693","<a href='https://www.dischord.com/fugazi_live_series/wilmington-nc-usa-20693' target='_blank'>wilmington-nc-usa-20693</a>",1993,"1993 Winter Southern USA Tour",1993-02-06,"Jacob's Run","Wilmington","USA","Slant 6",850,"Very Good",34.2352145,-77.946985
"wilmington-nc-usa-20693","<a href='https://www.dischord.com/fugazi_live_series/wilmington-nc-usa-20693' target='_blank'>wilmington-nc-usa-20693</a>",1993,"1993 Winter Southern USA Tour",1993-02-06,"Jacob's Run","Wilmington","USA","Wretched Son",850,"Very Good",34.2352145,-77.946985
"wilmington-nc-usa-32096","<a href='https://www.dischord.com/fugazi_live_series/wilmington-nc-usa-32096' target='_blank'>wilmington-nc-usa-32096</a>",1996,"1996 Southern USA Tour",1996-03-20,"Mad Monk","Wilmington","USA","Cornelius",1135,"Very Good",34.2454421,-77.870516
"wilmington-nc-usa-32096","<a href='https://www.dischord.com/fugazi_live_series/wilmington-nc-usa-32096' target='_blank'>wilmington-nc-usa-32096</a>",1996,"1996 Southern USA Tour",1996-03-20,"Mad Monk","Wilmington","USA","Make Up",1135,"Very Good",34.2454421,-77.870516
"winnipeg-mb-canada-62901","<a href='https://www.dischord.com/fugazi_live_series/winnipeg-mb-canada-62901' target='_blank'>winnipeg-mb-canada-62901</a>",2001,"2001 Summer Mid-West/Canada Tour",2001-06-29,"Le Rendez Vous","Winnipeg","Canada","Sixty Stories",750,"Very Good",49.8948913,-97.127138
"winnipeg-mb-canada-62901","<a href='https://www.dischord.com/fugazi_live_series/winnipeg-mb-canada-62901' target='_blank'>winnipeg-mb-canada-62901</a>",2001,"2001 Summer Mid-West/Canada Tour",2001-06-29,"Le Rendez Vous","Winnipeg","Canada","Witness Protection Program",750,"Very Good",49.8948913,-97.127138
"winnipeg-mb-canada-81491","<a href='https://www.dischord.com/fugazi_live_series/winnipeg-mb-canada-81491' target='_blank'>winnipeg-mb-canada-81491</a>",1991,"1991 Summer/Fall USA/Canada Tour",1991-08-14,"Duncan Arena","Winnipeg","Canada","Carpe Diem",500,"Very Good",49.9008152,-97.130896
"winnipeg-mb-canada-81491","<a href='https://www.dischord.com/fugazi_live_series/winnipeg-mb-canada-81491' target='_blank'>winnipeg-mb-canada-81491</a>",1991,"1991 Summer/Fall USA/Canada Tour",1991-08-14,"Duncan Arena","Winnipeg","Canada","Propagandhi",500,"Very Good",49.9008152,-97.130896
"winston-salem-nc-usa-32196","<a href='https://www.dischord.com/fugazi_live_series/winston-salem-nc-usa-32196' target='_blank'>winston-salem-nc-usa-32196</a>",1996,"1996 Southern USA Tour",1996-03-21,"Ziggy's","Winston-Salem","USA","Make Up",900,"Good",36.1299225,-80.257701
"winston-salem-nc-usa-32196","<a href='https://www.dischord.com/fugazi_live_series/winston-salem-nc-usa-32196' target='_blank'>winston-salem-nc-usa-32196</a>",1996,"1996 Southern USA Tour",1996-03-21,"Ziggy's","Winston-Salem","USA","Monorchid",900,"Good",36.1299225,-80.257701
"wollongong-australia-111893","<a href='https://www.dischord.com/fugazi_live_series/wollongong-australia-111893' target='_blank'>wollongong-australia-111893</a>",1993,"1993 Japan/Australia/New Zealand Tour",1993-11-18,"Youth Centre","Wollongong","Australia","Fur",250,"Good",-34.4264333,150.892895
"wollongong-australia-111893","<a href='https://www.dischord.com/fugazi_live_series/wollongong-australia-111893' target='_blank'>wollongong-australia-111893</a>",1993,"1993 Japan/Australia/New Zealand Tour",1993-11-18,"Youth Centre","Wollongong","Australia","Slob Plant",250,"Good",-34.4264333,150.892895
"wollongong-australia-111896","<a href='https://www.dischord.com/fugazi_live_series/wollongong-australia-111896' target='_blank'>wollongong-australia-111896</a>",1996,"1996 US/Japan/Hong Kong/Australia Tour",1996-11-18,"Youth Centre","Wollongong","Australia","Shifter",913,NA,-34.4264333,150.892895
"wollongong-australia-111896","<a href='https://www.dischord.com/fugazi_live_series/wollongong-australia-111896' target='_blank'>wollongong-australia-111896</a>",1996,"1996 US/Japan/Hong Kong/Australia Tour",1996-11-18,"Youth Centre","Wollongong","Australia","Tripe",913,NA,-34.4264333,150.892895
"wolverhampton-england-43099","<a href='https://www.dischord.com/fugazi_live_series/wolverhampton-england-43099' target='_blank'>wolverhampton-england-43099</a>",1999,"1999 Spring UK/Ireland Tour",1999-04-30,"Wulfrun Hall","Wolverhampton","England","Pram",500,"Very Good",52.5866981,-2.130407
"wolverhampton-england-43099","<a href='https://www.dischord.com/fugazi_live_series/wolverhampton-england-43099' target='_blank'>wolverhampton-england-43099</a>",1999,"1999 Spring UK/Ireland Tour",1999-04-30,"Wulfrun Hall","Wolverhampton","England","Tone",500,"Very Good",52.5866981,-2.130407
"wolverhampton-england-51495","<a href='https://www.dischord.com/fugazi_live_series/wolverhampton-england-51495' target='_blank'>wolverhampton-england-51495</a>",1995,"1995 Spring/Summer European Tour",1995-05-14,"Wulfrun Hall","Wolverhampton","England","Slant 6",1000,"Very Good",52.5866981,-2.130407
"wolverhampton-england-51495","<a href='https://www.dischord.com/fugazi_live_series/wolverhampton-england-51495' target='_blank'>wolverhampton-england-51495</a>",1995,"1995 Spring/Summer European Tour",1995-05-14,"Wulfrun Hall","Wolverhampton","England","Snuff",1000,"Very Good",52.5866981,-2.130407
"worcester-ma-usa-31691","<a href='https://www.dischord.com/fugazi_live_series/worcester-ma-usa-31691' target='_blank'>worcester-ma-usa-31691</a>",1991,"1991 Winter/Spring East Coast USA Tour",1991-03-16,"WAG","Worcester","USA","Bad Art Ensemble",400,"Very Good",42.2838928,-71.795581
"worcester-ma-usa-31691","<a href='https://www.dischord.com/fugazi_live_series/worcester-ma-usa-31691' target='_blank'>worcester-ma-usa-31691</a>",1991,"1991 Winter/Spring East Coast USA Tour",1991-03-16,"WAG","Worcester","USA","Busting Out",400,"Very Good",42.2838928,-71.795581
"worcester-ma-usa-41192","<a href='https://www.dischord.com/fugazi_live_series/worcester-ma-usa-41192' target='_blank'>worcester-ma-usa-41192</a>",1992,"1992 Spring East Coast Tour",1992-04-11,"Heart of the Commonwealth Theater","Worcester","USA","Alloy",800,"Good",42.2667257,-71.80052
"worcester-ma-usa-41192","<a href='https://www.dischord.com/fugazi_live_series/worcester-ma-usa-41192' target='_blank'>worcester-ma-usa-41192</a>",1992,"1992 Spring East Coast Tour",1992-04-11,"Heart of the Commonwealth Theater","Worcester","USA","Grind",800,"Good",42.2667257,-71.80052
"wroclaw-poland-92199","<a href='https://www.dischord.com/fugazi_live_series/wroclaw-poland-92199' target='_blank'>wroclaw-poland-92199</a>",1999,"1999 Fall European Tour",1999-09-21,"Kazamaty","Wroclaw","Poland","Starzy Singers",800,"Excellent",51.1046168,17.03825
"wurzburg-germany-101190","<a href='https://www.dischord.com/fugazi_live_series/wurzburg-germany-101190' target='_blank'>wurzburg-germany-101190</a>",1990,"1990 Fall European Tour",1990-10-11,"Rock Palace","Wurzburg","Germany","Urge",500,"Very Good",49.79555,9.9896
"yakima-wa-usa-102695","<a href='https://www.dischord.com/fugazi_live_series/yakima-wa-usa-102695' target='_blank'>yakima-wa-usa-102695</a>",1995,"1995 Fall USA/Canada Tour",1995-10-26,"Twilight Terrace","Yakima","USA","Team Dresch",400,"Very Good",46.5950379,-120.50322
"ypsilanti-mi-eastern-michigan-university-12288","<a href='https://www.dischord.com/fugazi_live_series/ypsilanti-mi-eastern-michigan-university-12288' target='_blank'>ypsilanti-mi-eastern-michigan-university-12288</a>",1988,"1988 Winter Michigan Dates",1988-01-19,"Eastern Michigan University","Ypsilanti","USA",NA,199,"Poor",42.2459904,-83.625597
"zagreb-yugoslavia-102290","<a href='https://www.dischord.com/fugazi_live_series/zagreb-yugoslavia-102290' target='_blank'>zagreb-yugoslavia-102290</a>",1990,"1990 Fall European Tour",1990-10-22,"Galleria","Zagreb","Yugoslavia","Urge",450,"Very Good",45.8037468,15.966746
"zaragoza-spain-60392","<a href='https://www.dischord.com/fugazi_live_series/zaragoza-spain-60392' target='_blank'>zaragoza-spain-60392</a>",1992,"1992 Spring European Tour",1992-06-03,"En Bruto","Zaragoza","Spain","Ink",300,"Very Good",41.6424077,-0.88481
"zgorzelec-poland-100690","<a href='https://www.dischord.com/fugazi_live_series/zgorzelec-poland-100690' target='_blank'>zgorzelec-poland-100690</a>",1990,"1990 Fall European Tour",1990-10-06,"Cultural Center / Military Museum","Zgorzelec","Poland","Collaborators",600,"Good",51.147087,15.002555
"zurich-switzerland-100599","<a href='https://www.dischord.com/fugazi_live_series/zurich-switzerland-100599' target='_blank'>zurich-switzerland-100599</a>",1999,"1999 Fall European Tour",1999-10-05,"Rote Fabrik","Zurich","Switzerland","Blue Water Boy",625,"Very Good",47.343558,8.535829
"zurich-switzerland-101790","<a href='https://www.dischord.com/fugazi_live_series/zurich-switzerland-101790' target='_blank'>zurich-switzerland-101790</a>",1990,"1990 Fall European Tour",1990-10-17,"Rote Fabrik","Zurich","Switzerland","Urge",1300,"Good",47.343558,8.535829
"zurich-switzerland-110888","<a href='https://www.dischord.com/fugazi_live_series/zurich-switzerland-110888' target='_blank'>zurich-switzerland-110888</a>",1988,"1988 Fall European Tour",1988-11-08,"Provitreff House","Zurich","Switzerland","Kina",50,NA,47.3877257,8.529723
"zurich-switzerland-60995","<a href='https://www.dischord.com/fugazi_live_series/zurich-switzerland-60995' target='_blank'>zurich-switzerland-60995</a>",1995,"1995 Spring/Summer European Tour",1995-06-09,"Rote Fabrik","Zurich","Switzerland","A.S.E",1400,NA,47.343558,8.535829
"zurich-switzerland-61892","<a href='https://www.dischord.com/fugazi_live_series/zurich-switzerland-61892' target='_blank'>zurich-switzerland-61892</a>",1992,"1992 Spring European Tour",1992-06-18,"Rote Fabrik","Zurich","Switzerland","Tech Ahead",1326,"Very Good",47.343558,8.535829
